method,components,cumulative_variance,reconstruction_error
PCA,20,0.9012211152256835,0.09877888477431665
TruncatedSVD,200,0.35719055336999256,0.6428094466300073
