components,retained_variance,mse,relative_frobenius_error
2,0.12898228277620116,0.8710177172237988,0.933283299552635
5,0.2498383643288055,0.7501616356711946,0.8661187191553139
10,0.3997624918951819,0.6002375081048182,0.7747499648950334
20,0.623681067739136,0.3763189322608639,0.6134483941301726
30,0.8095912258448914,0.19040877415510857,0.4363585385381158
36,0.9058062043298649,0.09419379567013499,0.3069100774985091
40,0.9608906122978977,0.03910938770210221,0.1977609357332854
45,1.0,6.91560399860187e-30,2.629753600359224e-15
