metric,value
movies,62423.0
features,45.0
pc1_variance,0.08020061348595944
pc2_variance,0.04878166929024172
pc1_pc2_variance,0.12898228277620116
