threshold,components_needed,cumulative_variance
80%,30,0.8095912258448916
90%,36,0.9058062043298651
95%,40,0.9608906122978979
all_features,45,1.0
