components,retained_variance,mse,relative_frobenius_error
2,0.1289822827762011,0.8710177172237986,0.9332832995524745
5,0.24983836432880532,0.7501616356711943,0.8661187191551651
10,0.39976249189518187,0.6002375081048182,0.7747499648949008
20,0.6236810677391362,0.37631893226086405,0.6134483941300675
30,0.8095912258448916,0.19040877415510832,0.4363585385380421
36,0.9058062043298651,0.09419379567013501,0.30691007749845606
40,0.9608906122978979,0.039109387702102205,0.19776093573325162
45,1.0,5.8266479507988094e-30,2.4138450552587614e-15
