movieId,kmeans_cluster
1,0
2,0
3,0
4,0
5,0
6,2
7,0
8,0
9,0
10,0
11,0
12,0
13,6
14,0
15,0
16,0
17,0
18,0
19,0
20,2
21,0
22,2
23,2
24,0
25,0
26,0
27,0
28,0
29,0
30,2
31,0
32,3
33,1
34,0
35,0
36,0
37,5
38,0
39,0
40,0
41,1
42,2
43,0
44,0
45,0
46,0
47,3
48,6
49,0
50,0
51,3
52,0
53,0
54,0
55,0
56,6
57,0
58,0
59,0
60,0
61,0
62,0
63,2
64,0
65,0
66,3
67,0
68,0
69,0
70,0
71,0
72,0
73,0
74,0
75,0
76,3
77,5
78,2
79,0
80,0
81,2
82,0
83,0
84,4
85,0
86,0
87,0
88,0
89,3
90,4
92,3
93,0
94,0
95,3
96,0
97,2
98,3
99,5
100,0
101,0
102,0
103,3
104,0
105,0
106,4
107,0
108,5
109,3
110,1
111,0
112,0
113,2
114,0
115,0
116,5
117,2
118,0
119,0
120,3
121,0
122,0
123,0
124,0
125,0
126,6
127,4
128,5
129,0
130,0
131,0
132,0
133,0
134,5
135,0
136,5
137,1
138,0
139,3
140,0
141,0
142,4
143,4
144,0
145,0
146,6
147,0
148,0
149,2
150,0
151,1
152,3
153,2
154,0
155,1
156,0
157,1
158,0
159,2
160,3
161,0
162,5
163,1
164,2
165,0
166,2
167,4
168,0
169,0
170,3
171,0
172,0
173,3
174,0
175,0
176,0
177,0
178,0
179,0
180,0
181,6
182,0
183,0
184,0
185,2
186,0
187,0
188,3
189,0
190,0
191,0
192,5
193,0
194,0
195,0
196,0
197,0
198,2
199,0
200,3
201,0
202,0
203,0
204,3
205,0
206,5
207,0
208,3
209,0
210,1
211,0
212,2
213,0
214,1
215,0
216,0
217,0
218,0
219,0
220,3
222,0
223,0
224,0
225,0
226,3
227,0
228,0
229,0
230,0
231,0
232,0
233,0
234,0
235,0
236,0
237,0
238,6
239,0
240,0
241,4
242,0
243,0
244,6
245,2
246,0
247,0
248,0
249,0
250,0
251,0
252,0
253,0
254,0
255,0
256,0
257,0
258,0
259,2
260,0
261,0
262,0
263,0
264,0
265,0
266,1
267,0
268,2
269,0
270,0
271,0
272,0
273,3
274,0
275,0
276,0
277,0
278,0
279,0
280,0
281,0
282,0
283,2
284,2
285,3
286,3
287,4
288,0
289,0
290,0
292,0
293,2
294,0
295,0
296,0
297,0
298,0
299,0
300,0
301,0
302,0
303,1
304,0
305,0
306,0
307,0
308,0
309,0
310,4
311,3
312,0
313,6
314,0
315,0
316,3
317,0
318,0
319,0
320,2
321,0
322,0
324,0
325,0
326,0
327,0
328,0
329,0
330,3
331,0
332,3
333,0
334,0
335,0
336,1
337,0
338,3
339,0
340,1
341,0
342,0
343,4
344,0
345,0
346,0
347,0
348,0
349,3
350,0
351,0
352,0
353,0
354,0
355,0
356,0
357,0
358,0
359,0
360,0
361,0
362,0
363,5
364,6
365,0
366,0
367,0
368,1
369,0
370,0
371,0
372,0
373,0
374,0
375,0
376,0
377,0
378,0
379,3
380,0
381,0
382,0
383,0
384,2
385,0
386,0
387,0
388,0
389,1
390,2
391,0
392,6
393,0
394,0
395,4
396,0
397,3
398,5
399,4
400,4
401,3
402,4
403,2
404,5
405,0
406,4
407,3
408,0
409,2
410,0
411,5
412,0
413,0
414,0
415,0
416,0
417,0
418,0
419,0
420,0
421,6
422,0
423,3
424,0
425,0
426,3
427,0
428,0
429,0
430,0
431,0
432,1
433,0
434,3
435,0
436,0
437,0
438,0
439,0
440,0
441,0
442,0
443,5
444,0
445,0
446,0
447,4
448,0
449,0
450,0
451,0
452,0
453,0
454,0
455,0
456,2
457,3
458,1
459,2
460,0
461,0
462,3
463,2
464,3
465,1
466,1
467,0
468,0
469,0
470,0
471,0
472,0
473,1
474,3
475,0
476,4
477,0
478,2
479,2
480,0
481,0
482,0
483,0
484,6
485,6
486,0
487,1
488,0
489,0
490,0
491,0
492,0
493,2
494,0
495,0
496,0
497,0
498,0
499,0
500,0
501,0
502,0
503,0
504,3
505,0
506,0
507,2
508,0
509,0
510,0
511,0
512,3
513,0
514,0
515,0
516,0
517,0
518,0
519,3
520,0
521,2
522,0
523,0
524,0
525,0
526,0
527,1
528,0
529,0
530,0
531,0
532,2
533,0
534,0
535,0
536,0
537,0
538,0
539,0
540,0
541,3
542,0
543,0
544,2
546,6
547,0
548,0
549,0
550,0
551,6
552,0
553,1
554,2
555,0
556,5
558,6
559,0
560,4
561,3
562,0
563,0
564,0
565,0
566,0
567,0
568,0
569,0
570,0
571,4
572,0
573,4
574,0
575,0
576,4
577,6
579,2
580,0
581,0
582,0
583,0
584,4
585,0
586,0
587,0
588,6
589,3
590,1
591,3
592,2
593,3
594,0
595,6
596,6
597,0
598,0
599,1
600,2
601,0
602,5
603,4
604,5
605,0
606,0
607,4
608,0
609,6
610,0
611,3
612,0
613,0
614,3
615,0
616,6
617,0
618,4
619,0
620,0
621,0
623,4
625,4
626,4
627,0
628,0
629,4
630,0
631,6
632,1
633,0
634,0
635,0
636,4
637,0
638,0
639,0
640,0
641,6
642,4
643,4
644,0
645,0
647,1
648,3
649,0
650,0
651,0
652,3
653,0
654,4
655,4
656,0
657,0
658,4
659,2
660,0
661,0
662,0
663,0
664,0
665,1
666,1
667,0
668,0
670,0
671,0
672,4
673,6
674,0
675,3
676,3
678,0
679,0
680,0
681,2
682,5
683,5
684,4
685,0
687,4
688,1
690,0
691,0
692,3
693,4
694,2
695,2
696,0
697,0
698,0
699,4
700,0
701,0
702,0
703,0
704,0
705,0
706,0
707,2
708,0
709,6
710,0
711,0
712,2
713,0
714,1
715,0
716,2
717,4
718,0
719,0
720,6
721,4
722,5
723,4
724,0
725,0
726,0
727,5
728,0
729,0
730,4
731,2
732,2
733,3
734,4
735,0
736,3
737,3
738,4
739,4
741,6
742,3
743,0
744,4
745,6
746,0
747,0
748,3
749,0
750,0
751,0
752,5
753,0
754,6
755,0
756,5
757,0
758,4
759,5
760,1
761,0
762,0
763,4
764,0
765,0
766,0
767,0
768,0
769,5
770,4
771,0
772,4
773,0
774,0
775,3
776,4
777,1
778,0
779,0
780,0
781,0
782,0
783,0
784,0
785,0
786,0
787,5
788,0
789,0
790,4
791,5
792,4
793,4
794,4
795,4
796,4
797,0
798,3
799,0
800,1
801,0
802,0
803,0
804,0
805,0
806,2
807,0
808,6
809,0
810,0
812,4
813,0
814,4
815,3
816,4
818,0
819,4
820,4
821,4
822,1
823,0
824,0
825,0
826,4
827,4
828,0
829,0
830,0
831,0
832,2
833,0
834,0
835,0
836,0
837,0
838,0
839,0
840,0
841,0
842,0
843,4
844,4
845,4
846,0
847,0
848,0
849,3
850,2
851,0
852,0
853,0
854,0
855,4
856,4
857,4
858,0
859,5
860,0
861,0
862,0
864,0
865,0
866,2
867,2
868,0
869,4
870,0
871,4
872,0
873,4
874,2
875,2
876,2
877,0
878,4
879,0
880,3
881,0
882,0
884,4
885,0
886,2
887,0
889,4
890,3
891,0
892,0
893,0
894,0
895,4
896,0
897,1
898,0
899,0
900,0
901,0
902,0
903,0
904,0
905,0
906,0
907,0
908,0
909,0
910,0
911,2
912,0
913,0
914,0
915,0
916,0
917,0
918,0
919,0
920,0
921,0
922,0
923,0
924,0
925,1
926,0
927,0
928,0
929,0
930,0
931,0
932,0
933,0
934,0
935,0
936,0
937,0
938,0
939,0
940,0
941,0
942,2
943,0
944,0
945,0
946,0
947,0
948,1
949,0
950,0
951,0
952,0
953,0
954,0
955,0
956,0
957,0
958,0
959,0
960,0
961,0
962,2
963,0
964,1
965,0
966,1
967,1
968,0
969,0
970,2
971,0
972,0
973,0
974,0
975,0
976,1
977,3
979,1
980,3
981,0
982,0
983,0
984,0
985,5
986,6
987,0
988,4
989,0
990,3
991,0
992,0
993,0
994,0
996,2
997,0
998,2
999,2
1000,2
1001,4
1002,4
1003,0
1004,3
1005,0
1006,0
1007,0
1008,1
1009,0
1010,0
1011,0
1012,0
1013,0
1014,0
1015,0
1016,0
1017,0
1018,0
1019,3
1020,0
1021,0
1022,0
1023,6
1024,6
1025,0
1026,0
1027,0
1028,0
1029,0
1030,6
1031,0
1032,0
1033,6
1034,2
1035,0
1036,3
1037,3
1038,0
1039,5
1040,0
1041,0
1042,0
1043,0
1044,0
1045,0
1046,0
1047,3
1049,0
1050,5
1051,0
1052,4
1053,0
1054,0
1055,3
1056,0
1057,0
1058,3
1059,0
1060,0
1061,0
1062,0
1063,0
1065,2
1066,0
1067,0
1068,2
1069,2
1070,0
1071,1
1073,0
1075,4
1076,3
1077,0
1078,1
1079,0
1080,0
1081,0
1082,0
1083,0
1084,0
1085,0
1086,0
1087,4
1088,0
1089,2
1090,1
1091,0
1092,2
1093,0
1094,0
1095,0
1096,0
1097,0
1098,4
1099,0
1100,0
1101,0
1102,3
1103,0
1104,0
1105,3
1106,5
1107,4
1109,4
1110,3
1111,5
1112,0
1113,0
1114,0
1115,4
1116,0
1117,0
1118,1
1119,0
1120,0
1121,0
1122,5
1123,1
1124,0
1125,2
1126,0
1127,3
1128,0
1129,3
1130,0
1131,0
1132,0
1133,0
1134,3
1135,0
1136,0
1137,4
1138,4
1139,0
1140,0
1141,4
1142,4
1143,0
1144,5
1145,5
1146,4
1147,5
1148,6
1149,5
1150,0
1151,6
1152,2
1153,2
1154,0
1155,4
1156,0
1157,4
1158,4
1159,4
1160,0
1161,1
1162,0
1163,4
1164,0
1165,2
1166,4
1167,0
1168,3
1169,5
1170,3
1171,0
1172,0
1173,0
1174,4
1175,0
1176,0
1177,0
1178,1
1179,0
1180,0
1181,1
1183,0
1184,0
1185,0
1186,0
1187,0
1188,0
1189,1
1190,2
1191,0
1192,5
1193,0
1194,0
1196,0
1197,0
1198,0
1199,0
1200,3
1201,1
1202,0
1203,0
1204,1
1206,3
1207,0
1208,1
1209,1
1210,0
1211,0
1212,0
1213,0
1214,3
1215,3
1216,0
1217,0
1218,2
1219,0
1220,0
1221,2
1222,1
1223,6
1224,1
1225,0
1226,0
1227,0
1228,0
1230,0
1231,0
1232,3
1233,1
1234,2
1235,0
1236,0
1237,0
1238,0
1240,0
1241,0
1242,0
1243,0
1244,0
1245,0
1246,0
1247,0
1248,2
1249,2
1250,0
1251,0
1252,2
1253,0
1254,1
1255,3
1256,0
1257,0
1258,0
1259,0
1260,2
1261,0
1262,1
1263,1
1264,0
1265,0
1266,1
1267,0
1268,0
1269,0
1270,0
1271,0
1272,1
1273,0
1274,6
1275,0
1276,0
1277,0
1278,0
1279,0
1280,0
1281,0
1282,0
1283,1
1284,2
1285,0
1286,0
1287,0
1288,0
1289,5
1290,0
1291,0
1292,0
1293,0
1295,0
1296,0
1297,0
1298,0
1299,1
1300,0
1301,0
1302,0
1303,0
1304,1
1305,0
1306,3
1307,0
1308,4
1309,4
1310,5
1311,0
1312,0
1313,2
1314,0
1315,5
1316,4
1317,0
1318,0
1319,5
1320,3
1321,0
1322,3
1323,0
1324,0
1325,3
1326,3
1327,3
1328,3
1329,3
1330,3
1331,3
1332,3
1333,0
1334,3
1335,3
1336,3
1337,3
1339,0
1340,0
1341,0
1342,0
1343,0
1344,2
1345,0
1346,0
1347,0
1348,0
1349,0
1350,3
1351,2
1352,2
1353,0
1354,0
1355,3
1356,3
1357,0
1358,0
1359,0
1360,0
1361,5
1363,0
1364,4
1365,0
1366,0
1367,0
1368,4
1369,3
1370,0
1371,0
1372,3
1373,3
1374,3
1375,0
1376,0
1377,2
1378,1
1379,1
1380,0
1381,0
1382,0
1383,3
1384,0
1385,0
1386,1
1387,0
1388,0
1389,3
1390,0
1391,0
1392,0
1393,0
1394,0
1395,0
1396,2
1397,0
1398,1
1399,0
1400,4
1401,0
1404,2
1405,0
1406,2
1407,0
1408,1
1409,0
1410,0
1411,0
1412,0
1413,0
1414,0
1415,2
1416,0
1417,0
1419,0
1420,5
1421,5
1422,2
1423,0
1424,3
1425,0
1426,0
1427,0
1428,0
1429,0
1430,3
1431,0
1432,2
1433,3
1434,3
1436,0
1437,0
1438,0
1439,4
1440,0
1441,0
1442,0
1443,5
1444,4
1445,1
1446,0
1447,2
1448,5
1449,0
1450,1
1453,0
1454,0
1455,0
1456,0
1457,0
1458,0
1459,0
1460,0
1461,0
1462,5
1463,0
1464,2
1465,0
1466,0
1467,4
1468,0
1470,5
1471,4
1472,2
1473,2
1474,0
1475,0
1476,0
1477,0
1479,0
1480,0
1482,0
1483,0
1484,0
1485,0
1486,4
1487,0
1488,3
1489,6
1490,0
1493,0
1495,3
1496,0
1497,0
1498,0
1499,3
1500,0
1501,2
1502,0
1503,0
1504,4
1507,1
1508,0
1509,0
1510,4
1511,0
1513,0
1514,4
1515,0
1516,0
1517,0
1518,3
1519,0
1520,0
1522,4
1523,2
1524,4
1525,6
1526,0
1527,0
1528,4
1529,0
1531,0
1532,4
1533,0
1534,0
1535,0
1537,0
1538,6
1539,2
1541,0
1542,0
1543,4
1544,3
1545,0
1546,0
1547,0
1548,4
1549,0
1550,0
1551,6
1552,3
1553,4
1554,0
1555,4
1556,0
1557,0
1558,4
1559,4
1561,0
1562,0
1563,0
1564,0
1565,3
1566,6
1567,0
1568,2
1569,0
1570,3
1571,0
1572,0
1573,2
1574,0
1575,0
1577,4
1578,2
1579,4
1580,0
1581,0
1582,0
1583,0
1584,0
1585,0
1586,3
1587,0
1588,0
1589,0
1590,3
1591,3
1592,0
1593,0
1594,0
1595,0
1596,0
1597,0
1598,2
1599,3
1600,4
1601,2
1602,0
1603,3
1604,0
1605,0
1606,3
1608,3
1609,0
1610,3
1611,0
1612,0
1613,0
1614,0
1615,0
1616,1
1617,2
1619,0
1620,3
1621,0
1622,4
1623,3
1624,0
1625,3
1626,0
1627,0
1628,4
1629,0
1630,4
1631,0
1632,4
1633,0
1635,0
1636,3
1639,0
1640,0
1641,0
1642,0
1643,0
1644,0
1645,0
1646,6
1647,2
1648,0
1649,5
1650,0
1651,0
1652,5
1653,0
1654,0
1655,3
1656,0
1657,5
1658,0
1659,0
1660,0
1661,2
1662,2
1663,0
1664,4
1665,0
1666,0
1667,0
1668,0
1669,0
1670,1
1671,2
1672,0
1673,0
1674,0
1675,2
1676,0
1677,0
1678,0
1679,0
1680,0
1681,3
1682,0
1683,0
1684,0
1685,0
1686,2
1687,0
1688,6
1689,0
1690,3
1692,3
1693,0
1694,0
1695,0
1696,1
1697,2
1698,4
1699,0
1701,0
1702,0
1703,0
1704,0
1705,4
1706,4
1707,0
1708,4
1709,3
1711,0
1713,0
1714,4
1715,4
1716,4
1717,3
1718,3
1719,0
1720,3
1721,0
1722,3
1723,4
1724,0
1725,0
1726,3
1727,0
1728,0
1729,0
1730,0
1731,0
1732,0
1733,0
1734,0
1735,0
1738,4
1739,3
1740,3
1742,2
1743,5
1744,3
1746,0
1747,0
1748,0
1749,0
1750,6
1752,2
1753,0
1754,0
1755,0
1756,3
1757,0
1759,0
1760,0
1762,3
1764,3
1765,2
1767,0
1768,0
1769,2
1770,0
1771,3
1772,0
1773,0
1774,4
1776,4
1777,0
1779,3
1780,5
1781,4
1782,4
1783,2
1784,0
1785,2
1787,5
1788,4
1789,4
1791,0
1792,2
1793,0
1794,0
1795,0
1796,3
1797,5
1798,3
1799,2
1801,0
1804,2
1805,2
1806,0
1807,0
1809,0
1810,0
1811,0
1812,0
1814,0
1815,0
1816,0
1817,0
1819,5
1820,0
1821,0
1822,4
1824,3
1825,0
1826,0
1827,5
1829,0
1830,4
1831,0
1832,0
1833,3
1834,2
1835,0
1836,0
1837,0
1839,0
1840,0
1841,0
1842,2
1843,4
1844,0
1845,0
1846,0
1847,3
1848,0
1849,0
1850,0
1851,4
1852,3
1853,0
1854,0
1855,0
1856,5
1857,0
1858,0
1859,0
1860,0
1861,0
1862,3
1863,0
1864,0
1865,5
1866,2
1867,3
1869,3
1870,0
1871,0
1872,4
1873,1
1874,0
1875,0
1876,3
1877,4
1878,4
1879,0
1880,0
1881,6
1882,3
1883,0
1884,0
1885,0
1886,4
1887,1
1888,0
1889,0
1890,0
1891,3
1892,0
1893,0
1894,0
1895,0
1896,0
1897,0
1898,1
1899,3
1900,0
1901,5
1902,0
1903,4
1904,0
1905,4
1906,0
1907,6
1908,3
1909,3
1910,2
1911,0
1912,0
1913,0
1914,0
1915,0
1916,0
1917,3
1918,0
1919,0
1920,6
1921,3
1922,4
1923,0
1924,0
1925,1
1926,0
1927,1
1928,1
1929,0
1930,1
1931,0
1932,0
1933,0
1934,0
1935,0
1936,1
1937,0
1938,0
1939,0
1940,0
1941,0
1942,0
1943,0
1944,1
1945,2
1946,0
1947,0
1948,0
1949,0
1950,0
1951,0
1952,0
1953,3
1954,0
1955,0
1956,0
1957,0
1958,0
1959,0
1960,0
1961,0
1962,0
1963,0
1964,0
1965,0
1966,0
1967,0
1968,0
1969,0
1970,0
1971,0
1972,3
1973,0
1974,3
1975,0
1976,3
1977,0
1978,0
1979,0
1980,0
1981,0
1982,0
1983,0
1984,0
1985,3
1986,3
1987,0
1988,3
1989,3
1990,3
1991,3
1992,3
1993,3
1994,0
1995,3
1996,3
1997,0
1998,0
1999,3
2000,0
2001,0
2002,0
2003,0
2004,0
2005,6
2006,0
2007,0
2008,2
2009,3
2010,0
2011,0
2012,1
2013,0
2014,0
2015,0
2016,1
2017,0
2018,0
2019,0
2020,0
2021,0
2022,0
2023,2
2024,0
2025,0
2026,3
2027,2
2028,1
2029,0
2030,0
2031,0
2032,4
2033,6
2034,0
2035,4
2036,4
2037,6
2038,0
2039,6
2040,0
2041,6
2042,0
2043,0
2044,0
2045,0
2046,6
2047,6
2048,6
2049,4
2050,6
2051,0
2052,0
2053,3
2054,0
2055,1
2056,0
2057,0
2058,2
2059,0
2060,0
2061,5
2062,4
2063,0
2064,5
2065,0
2066,0
2067,0
2068,0
2069,0
2070,1
2071,0
2072,0
2073,0
2074,0
2075,1
2076,0
2077,0
2078,6
2079,6
2080,0
2081,6
2082,0
2083,0
2084,0
2085,0
2086,0
2087,6
2088,0
2089,6
2090,2
2091,3
2093,0
2094,0
2095,0
2096,6
2097,0
2098,0
2099,6
2100,0
2101,3
2102,6
2103,1
2104,0
2105,3
2106,1
2107,3
2108,0
2109,0
2110,0
2111,0
2112,0
2113,3
2114,0
2115,3
2116,0
2117,0
2118,0
2119,0
2120,3
2121,3
2122,3
2123,6
2124,0
2125,0
2126,2
2127,0
2128,0
2129,5
2130,0
2131,0
2132,0
2133,0
2134,0
2135,6
2136,0
2137,0
2138,6
2139,0
2140,0
2141,6
2142,6
2143,0
2144,0
2145,0
2146,0
2147,0
2148,0
2149,0
2150,0
2151,0
2152,0
2153,3
2154,0
2155,0
2156,4
2157,4
2158,2
2159,2
2160,0
2161,0
2162,0
2163,0
2164,3
2165,0
2166,2
2167,3
2168,0
2169,0
2170,0
2171,0
2172,0
2173,3
2174,0
2175,0
2176,0
2177,0
2178,0
2179,0
2180,0
2181,0
2182,2
2183,0
2184,0
2185,0
2186,2
2187,0
2188,0
2189,6
2190,0
2191,0
2192,3
2193,0
2194,0
2195,0
2196,3
2197,0
2198,5
2199,2
2200,0
2201,0
2202,1
2203,0
2204,0
2205,0
2206,2
2207,0
2208,0
2209,2
2210,0
2211,0
2212,0
2213,0
2214,3
2215,0
2216,0
2217,0
2218,0
2219,2
2220,0
2221,0
2222,0
2223,0
2224,0
2225,0
2226,0
2227,2
2229,0
2230,4
2231,0
2232,3
2233,0
2234,4
2235,1
2236,0
2237,0
2238,0
2239,0
2240,0
2241,0
2242,0
2243,0
2244,4
2245,0
2246,4
2247,0
2248,0
2249,0
2250,0
2251,4
2252,0
2253,0
2254,4
2255,0
2256,3
2257,0
2258,3
2259,0
2260,2
2261,0
2262,0
2263,0
2264,0
2265,0
2266,0
2267,0
2268,0
2269,0
2270,5
2271,0
2272,0
2273,0
2274,0
2275,3
2276,0
2277,4
2278,2
2279,3
2280,0
2281,2
2282,0
2283,0
2284,0
2285,0
2286,0
2287,3
2288,3
2289,0
2290,0
2291,0
2292,0
2293,4
2294,6
2295,0
2296,0
2297,0
2298,3
2299,4
2300,0
2301,0
2302,0
2303,0
2304,0
2305,0
2306,0
2307,2
2308,2
2309,3
2310,0
2311,0
2312,0
2313,0
2314,0
2315,3
2316,0
2317,4
2318,0
2319,4
2320,0
2321,0
2322,1
2323,5
2324,0
2325,0
2326,3
2327,3
2328,1
2329,0
2330,5
2331,0
2332,2
2333,0
2334,3
2335,0
2336,0
2337,0
2338,3
2339,4
2340,0
2341,0
2342,0
2343,0
2344,0
2345,0
2346,3
2347,0
2348,0
2349,0
2350,4
2351,0
2352,0
2353,3
2354,6
2355,6
2356,0
2357,0
2358,1
2359,0
2360,0
2361,0
2362,0
2363,3
2364,3
2365,3
2366,0
2367,0
2368,3
2369,0
2370,0
2371,2
2372,0
2373,0
2374,0
2375,0
2376,0
2377,3
2378,0
2379,0
2380,0
2381,0
2382,0
2383,2
2384,6
2385,0
2386,0
2387,0
2388,0
2389,2
2390,0
2391,2
2392,0
2393,0
2394,0
2395,0
2396,0
2397,0
2398,0
2399,0
2400,4
2401,1
2402,3
2403,3
2404,1
2405,0
2406,0
2407,0
2408,0
2409,0
2410,0
2411,3
2412,0
2413,2
2414,0
2415,0
2416,0
2417,0
2418,0
2419,0
2420,0
2421,0
2422,0
2423,0
2424,0
2425,2
2426,0
2427,1
2428,0
2429,3
2430,0
2431,0
2432,0
2433,0
2434,0
2435,0
2436,1
2437,0
2438,3
2439,0
2440,0
2441,1
2442,0
2443,0
2444,0
2445,0
2446,3
2447,0
2448,3
2449,0
2450,0
2451,0
2452,3
2453,0
2454,3
2455,0
2456,3
2457,0
2458,2
2459,0
2460,0
2461,3
2462,3
2463,0
2464,3
2465,3
2466,0
2467,0
2468,0
2469,0
2470,0
2471,0
2472,0
2473,0
2474,0
2475,3
2476,0
2477,0
2478,1
2479,3
2480,4
2481,0
2482,0
2483,0
2484,2
2485,0
2486,4
2487,3
2488,0
2489,4
2490,0
2491,0
2492,0
2493,0
2494,5
2495,6
2496,0
2497,0
2498,0
2499,0
2500,0
2501,0
2502,0
2503,0
2504,0
2505,3
2506,0
2507,0
2508,4
2509,0
2510,0
2511,2
2512,0
2513,0
2514,0
2515,0
2516,3
2517,3
2518,0
2519,3
2520,0
2521,3
2522,0
2523,3
2524,0
2525,3
2526,3
2527,1
2528,0
2529,3
2530,3
2531,3
2532,3
2533,3
2534,3
2535,0
2536,0
2537,0
2538,5
2539,0
2540,2
2541,0
2542,0
2543,4
2544,0
2545,0
2546,0
2547,4
2548,0
2549,3
2550,3
2551,0
2552,0
2553,3
2554,3
2555,0
2556,4
2557,0
2558,0
2559,6
2560,3
2561,2
2562,0
2563,0
2564,4
2565,0
2566,6
2567,0
2568,2
2569,0
2570,0
2571,0
2572,0
2573,0
2574,0
2575,0
2576,4
2577,0
2578,3
2579,2
2580,0
2581,0
2582,0
2583,0
2584,0
2585,0
2586,2
2587,2
2588,6
2589,0
2590,0
2591,0
2592,4
2593,0
2594,0
2595,5
2596,0
2597,0
2598,0
2599,0
2600,3
2601,4
2602,3
2603,4
2604,5
2605,2
2606,0
2607,0
2608,0
2609,0
2610,0
2611,0
2612,0
2613,3
2614,3
2615,3
2616,0
2617,0
2618,0
2619,4
2620,0
2621,0
2622,0
2623,4
2624,0
2625,3
2626,0
2627,5
2628,3
2629,0
2630,0
2631,2
2632,0
2633,0
2634,0
2635,0
2636,3
2637,0
2638,0
2639,0
2640,3
2641,3
2642,3
2643,3
2644,0
2646,0
2647,0
2648,3
2649,0
2650,0
2651,0
2652,0
2653,0
2654,0
2655,0
2656,3
2657,0
2658,3
2659,5
2660,3
2661,0
2662,3
2663,3
2664,3
2665,0
2666,3
2667,3
2668,3
2669,1
2670,1
2671,0
2672,3
2673,0
2674,0
2675,0
2676,0
2677,0
2678,0
2679,4
2680,4
2681,0
2682,0
2683,0
2684,4
2685,4
2686,0
2687,6
2688,3
2689,5
2690,0
2691,0
2692,0
2693,5
2694,0
2695,0
2696,0
2697,0
2698,3
2699,0
2700,6
2701,1
2702,0
2703,4
2704,0
2705,0
2706,0
2707,0
2708,0
2709,0
2710,3
2711,0
2712,3
2713,3
2714,0
2715,4
2716,0
2717,3
2718,0
2719,3
2720,6
2721,0
2722,3
2723,0
2724,0
2725,0
2726,2
2727,2
2728,0
2729,0
2730,0
2731,2
2732,0
2733,0
2734,0
2735,0
2736,0
2737,3
2738,0
2739,0
2740,3
2741,2
2742,0
2743,0
2744,4
2745,0
2746,0
2747,0
2748,0
2749,0
2750,0
2751,0
2752,0
2753,0
2754,3
2755,0
2756,0
2757,0
2758,0
2759,0
2760,0
2761,6
2762,0
2763,0
2764,2
2765,0
2766,4
2767,0
2768,4
2769,2
2770,0
2771,0
2772,0
2773,0
2774,0
2775,0
2776,5
2777,0
2778,0
2779,0
2780,0
2781,0
2782,0
2783,0
2784,0
2785,0
2786,0
2787,0
2788,0
2789,3
2790,3
2791,0
2792,0
2793,0
2794,0
2795,0
2796,0
2797,0
2798,0
2799,0
2800,6
2801,0
2802,0
2803,0
2804,0
2805,0
2806,0
2807,3
2808,3
2809,0
2810,6
2811,4
2812,3
2813,5
2814,0
2815,1
2816,1
2817,3
2818,1
2819,0
2820,0
2821,0
2822,0
2823,0
2824,5
2825,0
2826,3
2827,3
2828,0
2829,0
2830,0
2831,4
2832,4
2833,1
2834,0
2835,3
2836,0
2837,0
2838,2
2839,0
2840,0
2841,3
2842,2
2843,0
2844,2
2845,4
2846,0
2847,0
2848,0
2849,0
2850,3
2851,3
2852,0
2853,3
2854,3
2855,0
2856,0
2857,6
2858,0
2859,0
2860,0
2861,0
2862,0
2863,6
2864,0
2865,4
2866,0
2867,0
2868,3
2869,4
2870,0
2871,0
2872,0
2873,0
2874,0
2875,0
2876,6
2877,0
2878,0
2879,0
2880,0
2881,2
2882,0
2883,0
2884,4
2885,0
2886,4
2887,3
2888,0
2889,0
2890,1
2891,0
2892,3
2893,3
2894,0
2895,0
2896,1
2897,1
2898,0
2899,6
2900,3
2901,0
2902,3
2903,3
2904,0
2905,0
2906,0
2907,0
2908,0
2909,5
2910,4
2911,4
2912,2
2913,0
2914,4
2915,0
2916,3
2917,2
2918,0
2919,0
2920,0
2921,1
2922,1
2923,0
2924,0
2925,0
2926,0
2927,0
2928,0
2929,0
2930,5
2931,0
2932,0
2933,0
2934,0
2935,0
2936,6
2937,0
2938,3
2939,0
2940,2
2941,0
2942,0
2943,0
2944,1
2945,0
2946,0
2947,3
2948,0
2949,3
2950,0
2951,1
2952,0
2953,0
2954,0
2955,0
2956,2
2957,0
2958,4
2959,0
2960,4
2961,0
2962,0
2963,2
2964,0
2965,3
2966,0
2967,0
2968,0
2969,0
2970,0
2971,0
2972,1
2973,2
2974,3
2975,0
2976,0
2977,0
2978,0
2979,0
2980,4
2981,5
2982,3
2983,0
2984,5
2985,2
2986,3
2987,0
2988,0
2989,0
2990,0
2991,3
2992,3
2993,0
2994,0
2995,3
2996,0
2997,0
2998,0
2999,4
3000,0
3001,0
3002,5
3003,1
3004,0
3005,0
3006,0
3007,5
3008,0
3009,4
3010,0
3011,0
3012,0
3013,0
3014,0
3015,0
3016,0
3017,0
3018,0
3019,0
3020,0
3021,0
3022,1
3023,0
3024,3
3025,1
3026,3
3028,0
3029,0
3030,0
3031,0
3032,3
3033,0
3034,6
3035,0
3036,0
3037,1
3038,0
3039,0
3040,0
3041,0
3042,0
3043,0
3044,0
3045,0
3046,0
3047,0
3048,4
3049,1
3050,0
3051,0
3052,0
3053,1
3054,6
3055,0
3056,2
3057,4
3058,3
3059,0
3060,0
3061,0
3062,1
3063,0
3064,0
3065,4
3066,1
3067,0
3068,0
3069,0
3070,0
3071,0
3072,0
3073,0
3074,1
3075,0
3076,0
3077,5
3078,0
3079,0
3080,3
3081,0
3082,3
3083,0
3084,5
3085,3
3086,0
3087,0
3088,0
3089,0
3090,0
3091,1
3092,0
3093,1
3094,0
3095,0
3096,0
3097,0
3098,0
3099,0
3100,0
3101,0
3102,2
3103,0
3104,2
3105,0
3106,0
3107,0
3108,0
3109,0
3110,0
3111,0
3112,0
3113,3
3114,6
3115,0
3116,0
3117,1
3118,0
3119,3
3120,0
3121,0
3122,1
3123,4
3124,4
3125,0
3126,0
3127,0
3128,0
3129,0
3130,0
3131,4
3132,0
3133,1
3134,1
3135,0
3136,5
3137,1
3138,0
3139,3
3140,0
3141,0
3142,5
3143,1
3144,0
3145,0
3146,0
3147,0
3148,0
3149,2
3150,0
3151,2
3152,0
3153,0
3154,1
3155,0
3156,0
3157,0
3158,0
3159,6
3160,0
3161,4
3162,4
3163,0
3164,0
3165,0
3166,0
3167,0
3168,0
3169,2
3170,1
3171,0
3172,0
3173,0
3174,0
3175,0
3176,0
3177,0
3178,0
3179,0
3180,0
3181,0
3182,5
3183,0
3184,2
3185,0
3186,0
3187,4
3188,5
3189,0
3190,3
3191,4
3192,0
3193,5
3194,0
3195,0
3196,1
3197,2
3198,0
3199,0
3200,0
3201,0
3202,0
3203,0
3204,3
3205,0
3206,0
3207,0
3208,0
3209,0
3210,0
3211,0
3212,4
3213,6
3214,0
3215,0
3216,3
3217,0
3218,0
3219,0
3220,0
3221,0
3222,0
3223,0
3224,0
3225,0
3226,5
3227,3
3228,4
3229,2
3230,0
3231,4
3232,0
3233,0
3234,6
3235,0
3236,1
3237,5
3238,0
3239,4
3240,4
3241,0
3242,4
3243,0
3244,0
3245,0
3246,0
3247,0
3248,0
3249,0
3250,0
3251,0
3252,0
3253,0
3254,0
3255,0
3256,3
3257,0
3258,0
3259,0
3260,0
3261,0
3262,2
3263,0
3264,3
3265,2
3266,2
3267,1
3268,0
3269,0
3270,0
3271,0
3272,2
3273,3
3274,0
3275,0
3276,0
3277,4
3278,5
3279,3
3280,3
3281,5
3282,4
3283,0
3284,0
3285,0
3286,4
3287,6
3288,4
3289,0
3290,2
3291,3
3292,0
3293,3
3294,0
3295,0
3296,0
3297,5
3298,2
3299,0
3300,3
3301,0
3302,0
3303,5
3304,2
3305,2
3306,0
3307,0
3308,0
3309,0
3310,0
3311,1
3312,4
3313,0
3314,3
3315,0
3316,0
3317,0
3318,0
3319,0
3320,0
3321,4
3322,0
3323,0
3324,0
3325,0
3326,0
3327,5
3328,2
3329,0
3330,0
3331,0
3332,6
3333,0
3334,2
3335,2
3336,1
3337,0
3338,5
3339,1
3340,0
3341,0
3342,1
3343,0
3344,3
3345,6
3346,3
3347,0
3348,2
3349,0
3350,0
3351,0
3352,4
3353,4
3354,3
3355,3
3357,0
3358,0
3359,0
3360,0
3361,0
3362,0
3363,0
3364,2
3365,0
3367,1
3368,1
3369,2
3370,0
3371,0
3372,1
3373,1
3374,0
3375,3
3376,0
3377,1
3378,0
3379,0
3380,2
3381,4
3382,4
3383,4
3384,3
3385,0
3386,0
3387,0
3388,0
3389,3
3390,2
3391,0
3392,0
3393,0
3394,0
3395,0
3396,0
3397,0
3398,0
3399,0
3400,6
3401,3
3402,0
3403,0
3404,0
3405,0
3406,1
3407,4
3408,0
3409,0
3410,4
3411,4
3412,0
3413,2
3414,0
3415,0
3417,0
3418,0
3419,2
3420,0
3421,0
3422,0
3423,0
3424,0
3425,0
3426,0
3427,2
3428,0
3429,6
3430,2
3431,0
3432,0
3433,0
3434,3
3435,2
3436,0
3437,0
3438,6
3439,0
3440,6
3441,1
3442,2
3443,3
3444,0
3445,0
3446,0
3447,0
3448,0
3449,4
3450,0
3451,0
3452,2
3453,0
3454,0
3455,0
3456,0
3457,0
3458,0
3459,0
3460,0
3461,3
3462,0
3463,4
3465,0
3466,0
3467,1
3468,0
3469,0
3470,0
3471,0
3472,0
3473,0
3474,3
3475,0
3476,0
3477,0
3478,0
3479,0
3480,0
3481,0
3483,6
3484,0
3485,3
3486,3
3487,1
3488,3
3489,0
3490,0
3491,0
3492,0
3493,3
3494,1
3495,0
3496,0
3497,0
3498,0
3499,0
3500,0
3501,0
3502,0
3503,0
3504,0
3505,0
3506,0
3507,0
3508,1
3509,0
3510,0
3511,0
3512,0
3513,0
3514,4
3515,0
3516,0
3517,2
3518,0
3519,1
3520,0
3521,0
3522,0
3523,3
3524,0
3525,0
3526,0
3527,3
3528,0
3529,3
3530,0
3531,4
3533,0
3534,0
3535,0
3536,0
3537,4
3538,0
3539,5
3540,0
3541,3
3542,4
3543,0
3544,0
3545,0
3546,3
3547,0
3548,0
3549,0
3550,0
3551,0
3552,0
3553,0
3554,0
3555,1
3556,0
3557,0
3558,0
3559,0
3560,2
3561,4
3562,0
3563,3
3564,0
3565,0
3566,0
3567,0
3568,4
3569,0
3570,4
3571,0
3572,3
3573,3
3574,3
3575,0
3576,3
3577,0
3578,3
3579,0
3580,0
3581,0
3582,5
3583,0
3584,0
3585,1
3586,0
3587,0
3588,2
3589,3
3590,0
3591,0
3592,6
3593,3
3594,0
3595,4
3596,4
3597,0
3598,2
3599,0
3600,0
3601,1
3602,0
3603,4
3604,0
3605,0
3606,0
3607,1
3608,0
3609,5
3610,0
3611,6
3612,6
3613,0
3614,0
3615,6
3616,0
3617,0
3618,0
3619,0
3620,0
3621,0
3622,0
3623,3
3624,1
3625,5
3626,0
3627,3
3628,1
3629,0
3630,3
3631,0
3632,0
3633,0
3634,0
3635,3
3636,4
3637,0
3638,3
3639,0
3640,0
3641,0
3642,1
3643,1
3644,1
3645,0
3646,0
3647,4
3648,3
3649,0
3650,0
3651,3
3652,0
3653,5
3654,1
3655,0
3656,2
3657,0
3658,3
3659,3
3662,3
3663,3
3664,3
3665,3
3666,3
3667,2
3668,0
3669,0
3670,1
3671,1
3672,6
3673,3
3674,4
3675,0
3676,0
3677,5
3678,0
3679,5
3680,5
3681,1
3682,2
3683,2
3684,0
3685,0
3686,3
3687,6
3688,0
3689,0
3690,0
3691,0
3692,0
3693,0
3694,0
3695,0
3696,3
3697,3
3698,3
3699,0
3700,0
3701,3
3702,3
3703,3
3704,3
3705,0
3706,3
3707,0
3708,0
3709,3
3710,0
3711,0
3712,0
3713,0
3714,0
3715,2
3716,2
3717,2
3718,5
3719,0
3720,0
3721,2
3722,4
3723,0
3724,0
3725,6
3726,0
3727,1
3728,2
3729,2
3730,0
3731,0
3732,3
3733,0
3734,0
3735,0
3736,0
3737,1
3738,0
3739,0
3740,0
3741,2
3742,1
3743,0
3744,2
3745,6
3746,0
3747,0
3748,4
3749,0
3750,4
3751,0
3752,0
3753,1
3754,6
3755,3
3756,0
3757,3
3758,3
3759,6
3760,0
3761,2
3762,3
3763,2
3764,2
3765,0
3766,1
3767,1
3768,1
3769,0
3770,3
3771,0
3772,3
3773,0
3774,0
3775,6
3776,6
3777,0
3778,4
3779,3
3780,3
3781,2
3782,2
3783,2
3784,0
3785,0
3786,0
3787,0
3788,0
3789,0
3790,0
3791,0
3792,0
3793,3
3794,0
3795,0
3796,0
3797,0
3798,0
3799,6
3800,2
3801,0
3802,0
3803,1
3804,0
3805,0
3806,1
3807,0
3808,1
3809,0
3810,0
3811,1
3812,0
3813,0
3814,0
3816,0
3817,4
3818,0
3819,0
3820,0
3821,0
3822,0
3823,0
3824,0
3825,0
3826,3
3827,3
3828,4
3829,4
3830,0
3831,0
3832,0
3833,3
3834,0
3835,0
3836,1
3837,3
3838,3
3839,3
3840,0
3841,0
3843,0
3844,0
3845,0
3846,0
3847,3
3848,3
3849,3
3850,2
3851,0
3852,0
3853,4
3854,1
3855,0
3856,4
3857,0
3858,0
3859,5
3860,2
3861,0
3862,0
3863,3
3864,3
3865,5
3866,4
3867,4
3868,0
3869,0
3870,0
3871,0
3872,0
3873,1
3874,0
3875,3
3876,2
3877,0
3878,3
3879,3
3880,5
3881,5
3882,0
3883,0
3884,4
3885,0
3886,4
3887,0
3888,4
3889,3
3890,5
3891,0
3892,3
3893,2
3894,0
3895,2
3896,2
3897,0
3898,0
3899,2
3900,0
3901,0
3902,0
3903,4
3904,4
3905,0
3906,2
3907,3
3908,3
3909,0
3910,0
3911,0
3912,4
3913,5
3914,0
3915,0
3916,0
3917,0
3918,0
3919,3
3920,0
3921,0
3922,0
3923,3
3924,0
3925,0
3926,3
3927,3
3928,0
3929,0
3930,3
3931,3
3932,3
3933,3
3934,3
3936,0
3937,3
3938,0
3939,0
3940,4
3941,3
3942,3
3943,4
3944,4
3945,6
3946,3
3947,2
3948,0
3949,0
3950,0
3951,0
3952,0
3953,0
3954,0
3955,0
3956,3
3957,3
3958,4
3959,3
3960,0
3961,0
3962,3
3963,0
3964,0
3965,0
3966,2
3967,0
3968,0
3969,0
3970,3
3971,0
3972,0
3973,2
3974,0
3975,4
3976,4
3977,0
3978,0
3979,0
3980,0
3981,3
3982,0
3983,0
3984,3
3985,1
3986,3
3987,0
3988,0
3989,5
3990,6
3991,0
3992,1
3993,0
3994,0
3995,4
3996,0
3997,0
3998,0
3999,3
4000,0
4001,0
4002,0
4003,0
4004,4
4005,3
4006,6
4007,0
4008,0
4009,0
4010,0
4011,0
4012,0
4013,0
4014,0
4015,0
4016,6
4017,0
4018,0
4019,0
4020,0
4021,0
4022,0
4023,0
4024,0
4025,0
4026,2
4027,0
4028,0
4029,0
4030,3
4031,1
4032,4
4033,1
4034,2
4035,1
4036,0
4037,2
4038,2
4039,0
4040,0
4041,0
4042,1
4043,2
4044,2
4045,1
4046,0
4047,0
4048,4
4049,1
4050,3
4051,3
4052,2
4053,3
4054,0
4055,0
4056,2
4057,6
4058,4
4059,4
4060,4
4061,0
4062,0
4063,0
4064,2
4065,2
4066,0
4067,0
4068,0
4069,0
4070,4
4071,4
4072,0
4073,0
4074,0
4075,6
4076,4
4077,0
4078,0
4079,0
4080,0
4081,0
4082,0
4083,0
4084,0
4085,0
4086,2
4087,0
4088,0
4089,0
4090,6
4091,0
4092,0
4093,0
4094,0
4095,0
4096,3
4097,3
4098,0
4099,0
4100,0
4101,0
4102,5
4103,1
4104,0
4105,0
4106,1
4107,0
4108,0
4109,0
4110,3
4111,1
4112,2
4113,0
4114,4
4115,0
4116,0
4117,0
4118,0
4119,0
4120,0
4121,3
4122,0
4123,0
4124,3
4125,3
4126,0
4127,0
4128,0
4129,0
4130,0
4131,0
4132,0
4133,0
4134,4
4135,0
4136,4
4137,0
4138,0
4139,2
4140,0
4141,0
4142,3
4143,3
4144,0
4145,3
4146,3
4147,0
4148,3
4149,0
4150,4
4151,0
4152,0
4153,0
4154,6
4155,0
4156,0
4157,0
4158,6
4159,3
4160,0
4161,0
4162,4
4163,3
4164,0
4165,4
4166,3
4167,0
4168,0
4169,0
4170,4
4171,5
4172,4
4173,0
4174,0
4175,0
4176,0
4177,2
4178,0
4179,0
4180,0
4181,0
4182,0
4183,0
4184,0
4185,5
4186,0
4187,0
4188,0
4189,0
4190,0
4191,0
4192,0
4193,0
4194,1
4195,0
4196,3
4197,0
4198,0
4199,0
4200,0
4201,0
4202,4
4203,2
4204,0
4205,0
4206,2
4207,1
4208,5
4209,0
4210,3
4211,0
4212,0
4213,3
4214,0
4215,0
4216,0
4217,5
4218,0
4219,0
4220,0
4221,0
4222,0
4223,1
4224,3
4225,0
4226,0
4227,0
4228,0
4229,0
4230,4
4231,0
4232,6
4233,0
4234,0
4235,0
4236,5
4237,5
4238,3
4239,2
4240,0
4241,6
4242,2
4243,2
4244,4
4245,4
4246,0
4247,0
4248,0
4249,4
4250,3
4251,0
4252,4
4253,0
4254,0
4255,0
4256,0
4257,4
4258,0
4259,0
4260,4
4261,0
4262,2
4263,0
4265,3
4266,0
4267,0
4268,4
4269,4
4270,3
4271,0
4272,0
4273,0
4274,0
4275,3
4276,0
4277,3
4278,5
4279,2
4280,0
4281,0
4282,0
4283,0
4284,4
4285,0
4286,0
4287,0
4288,0
4289,0
4290,0
4291,2
4292,0
4293,0
4294,0
4295,3
4296,0
4297,0
4298,2
4299,0
4300,0
4301,5
4302,0
4303,0
4304,5
4305,0
4306,0
4307,0
4308,0
4309,4
4310,0
4311,3
4312,0
4313,0
4314,0
4315,4
4316,0
4317,0
4318,0
4319,1
4320,1
4321,1
4322,0
4323,1
4324,1
4325,0
4326,2
4327,1
4328,1
4329,1
4330,0
4331,0
4332,2
4333,0
4334,0
4335,0
4336,3
4337,1
4338,1
4339,1
4340,0
4341,0
4342,0
4343,0
4344,0
4345,0
4346,0
4347,0
4348,0
4349,0
4350,1
4351,0
4352,0
4353,1
4354,2
4355,0
4356,0
4357,0
4358,3
4359,0
4360,0
4361,0
4362,2
4363,1
4364,4
4365,4
4366,6
4367,3
4368,0
4369,2
4370,3
4371,2
4372,0
4373,0
4374,4
4375,4
4376,5
4377,4
4378,2
4379,1
4380,0
4381,0
4382,5
4383,2
4384,0
4385,4
4386,0
4387,3
4388,0
4389,0
4390,2
4391,0
4392,0
4393,0
4394,0
4395,2
4396,0
4397,0
4398,3
4399,0
4400,3
4401,0
4402,0
4403,0
4404,0
4405,0
4406,1
4407,1
4408,0
4409,0
4410,0
4411,1
4412,3
4413,3
4414,3
4415,0
4416,3
4417,0
4418,0
4419,0
4420,0
4421,0
4422,0
4423,0
4424,0
4425,0
4426,0
4427,0
4428,1
4429,0
4430,0
4431,0
4432,0
4433,0
4434,3
4435,0
4436,3
4437,0
4438,0
4439,0
4440,0
4441,0
4442,0
4443,3
4444,2
4445,5
4446,6
4447,0
4448,0
4449,4
4450,2
4451,0
4452,0
4453,5
4454,6
4455,5
4456,6
4457,5
4458,5
4459,1
4460,0
4461,5
4462,0
4463,1
4464,0
4465,0
4466,2
4467,0
4468,0
4469,2
4470,0
4471,0
4472,3
4473,0
4474,0
4475,1
4476,0
4477,0
4478,0
4479,0
4480,0
4481,4
4482,0
4483,0
4484,0
4485,0
4486,0
4487,0
4488,2
4489,0
4490,0
4491,3
4492,0
4493,3
4494,3
4495,0
4496,2
4497,3
4498,2
4499,0
4500,0
4501,3
4502,0
4503,0
4504,4
4505,4
4506,2
4507,4
4508,0
4509,0
4510,4
4511,0
4512,4
4513,0
4514,0
4515,5
4516,0
4517,3
4518,0
4519,6
4520,0
4521,0
4522,0
4523,0
4524,4
4525,4
4526,0
4527,0
4528,1
4529,0
4530,0
4531,0
4532,0
4533,3
4534,1
4535,1
4536,4
4537,0
4538,0
4539,0
4540,0
4541,0
4542,3
4543,0
4544,0
4545,0
4546,0
4547,2
4548,1
4549,4
4550,0
4551,4
4552,3
4553,3
4554,0
4555,0
4556,0
4557,0
4558,0
4559,0
4560,3
4561,3
4562,0
4563,0
4564,0
4565,3
4566,3
4567,3
4568,3
4569,3
4570,0
4571,0
4572,2
4573,0
4574,3
4575,0
4576,0
4577,1
4578,0
4579,2
4580,3
4581,0
4582,0
4583,0
4584,4
4585,0
4586,0
4587,0
4588,4
4589,0
4590,0
4591,0
4592,0
4593,0
4594,1
4595,0
4596,4
4597,3
4598,0
4599,0
4600,0
4601,0
4602,0
4603,0
4604,4
4605,0
4606,4
4607,0
4608,2
4609,4
4610,2
4611,2
4612,0
4613,2
4614,0
4615,0
4616,0
4617,0
4618,3
4619,0
4620,2
4621,0
4622,0
4623,0
4624,0
4625,3
4626,0
4627,0
4628,0
4629,2
4630,3
4631,4
4632,0
4633,0
4634,0
4635,0
4636,3
4637,0
4638,3
4639,0
4640,2
4641,0
4642,0
4643,3
4644,0
4645,3
4646,0
4647,4
4648,2
4649,0
4650,3
4651,3
4652,3
4653,0
4654,0
4655,0
4656,4
4657,4
4658,0
4659,0
4660,4
4661,0
4662,0
4663,0
4664,0
4665,0
4666,0
4667,4
4668,0
4669,3
4670,0
4671,0
4672,0
4673,0
4674,0
4675,0
4676,0
4677,0
4678,0
4679,0
4680,0
4681,0
4682,3
4683,0
4684,4
4685,3
4686,0
4687,0
4688,0
4689,0
4690,0
4691,3
4692,0
4693,2
4694,0
4695,0
4696,0
4697,0
4698,4
4699,0
4700,0
4701,0
4702,0
4703,0
4704,6
4705,0
4706,0
4707,0
4708,0
4709,1
4710,1
4711,5
4712,0
4713,0
4714,0
4715,3
4716,0
4717,0
4718,0
4719,6
4720,3
4721,1
4722,0
4723,0
4724,0
4725,3
4726,5
4727,0
4728,0
4729,0
4731,0
4732,0
4733,0
4734,0
4735,3
4736,0
4737,4
4738,0
4739,4
4740,0
4741,0
4742,4
4743,0
4744,0
4745,0
4746,0
4747,4
4748,3
4749,4
4750,3
4751,3
4752,3
4753,0
4754,0
4755,0
4756,0
4757,0
4758,3
4759,4
4760,5
4761,0
4762,4
4763,0
4764,4
4765,0
4766,2
4767,0
4768,0
4769,5
4770,0
4771,0
4772,0
4773,0
4774,2
4775,0
4776,2
4777,0
4778,5
4779,5
4780,0
4781,3
4782,0
4783,5
4784,0
4785,1
4786,3
4787,0
4788,0
4789,0
4790,1
4791,1
4792,0
4793,0
4794,2
4795,1
4796,0
4797,0
4798,0
4799,6
4800,0
4801,0
4802,1
4803,0
4804,0
4805,0
4806,0
4807,0
4808,0
4809,0
4810,0
4811,0
4812,0
4813,3
4814,0
4815,0
4816,0
4817,0
4818,3
4819,0
4820,5
4821,3
4822,0
4823,0
4824,5
4825,0
4826,1
4827,0
4828,0
4829,3
4830,0
4831,0
4832,0
4833,3
4834,0
4835,0
4836,0
4837,2
4838,5
4839,3
4840,0
4841,0
4842,1
4843,2
4844,0
4845,2
4846,0
4847,0
4848,2
4849,0
4850,6
4851,0
4852,3
4853,3
4854,4
4855,2
4856,5
4857,0
4858,5
4859,2
4860,0
4861,1
4862,0
4863,0
4864,5
4865,2
4866,0
4867,0
4868,2
4869,2
4870,0
4871,0
4872,0
4873,0
4874,0
4875,4
4876,3
4877,0
4878,0
4879,2
4880,0
4881,2
4882,4
4883,0
4884,5
4885,3
4886,6
4887,3
4888,0
4889,2
4890,0
4891,3
4892,0
4893,3
4894,1
4895,0
4896,0
4897,0
4898,2
4899,0
4900,0
4901,2
4902,0
4903,0
4904,4
4905,2
4906,2
4907,2
4908,1
4909,3
4910,4
4911,0
4912,0
4913,3
4914,0
4915,0
4916,0
4917,0
4918,1
4919,2
4920,0
4921,0
4922,1
4923,1
4924,1
4925,0
4926,4
4927,0
4928,0
4929,0
4930,3
4931,3
4932,0
4933,3
4934,2
4935,3
4936,0
4937,0
4938,0
4939,3
4940,0
4941,0
4942,3
4943,3
4944,3
4945,2
4946,2
4947,0
4948,3
4949,3
4950,0
4951,3
4952,3
4953,3
4954,2
4955,0
4956,0
4957,0
4958,1
4959,4
4960,4
4961,5
4962,1
4963,2
4964,0
4965,2
4966,3
4967,1
4968,4
4969,0
4970,0
4971,0
4972,0
4973,0
4974,0
4975,0
4976,0
4977,0
4978,0
4979,0
4980,0
4981,0
4982,3
4983,3
4984,0
4985,0
4986,3
4987,3
4988,0
4989,0
4990,6
4991,0
4992,0
4993,0
4994,0
4995,0
4996,0
4997,3
4998,2
4999,0
5000,0
5001,1
5002,6
5003,6
5004,0
5005,0
5006,3
5007,0
5008,0
5009,0
5010,1
5011,0
5012,0
5013,0
5014,0
5015,0
5016,0
5017,2
5018,3
5019,0
5020,3
5021,2
5022,0
5023,0
5024,0
5025,0
5026,3
5027,2
5028,0
5029,0
5030,4
5031,0
5032,0
5033,0
5034,0
5035,0
5036,0
5037,0
5038,6
5039,0
5040,0
5041,6
5042,0
5043,3
5044,0
5045,0
5046,3
5047,0
5048,6
5049,0
5050,4
5051,0
5052,1
5053,0
5054,0
5055,0
5056,2
5057,1
5058,0
5059,5
5060,0
5061,0
5062,3
5063,1
5064,3
5065,3
5066,0
5067,4
5068,0
5069,6
5070,3
5071,0
5072,6
5073,0
5074,0
5075,0
5076,0
5077,0
5078,0
5079,0
5080,0
5081,0
5082,0
5083,4
5084,3
5085,0
5086,0
5087,0
5088,2
5089,4
5090,0
5091,0
5092,0
5093,3
5094,3
5095,2
5096,0
5097,0
5098,4
5099,0
5100,0
5101,5
5102,0
5103,0
5104,0
5105,0
5106,0
5107,1
5108,2
5109,6
5110,0
5111,0
5112,0
5113,2
5114,0
5115,1
5116,0
5117,0
5118,0
5119,0
5120,0
5121,0
5122,0
5123,0
5124,0
5125,0
5126,3
5127,0
5128,0
5129,4
5130,0
5131,0
5132,0
5133,4
5134,0
5135,0
5136,3
5137,5
5138,2
5139,0
5140,0
5141,0
5142,0
5143,1
5144,1
5145,0
5146,6
5147,0
5148,0
5149,1
5150,0
5151,0
5152,1
5153,3
5154,3
5155,3
5156,0
5157,0
5158,0
5159,6
5160,3
5161,0
5162,0
5163,3
5164,6
5165,0
5166,0
5167,0
5168,0
5169,0
5170,2
5171,3
5172,0
5173,0
5174,0
5175,3
5176,4
5177,0
5178,2
5179,0
5180,5
5181,3
5182,0
5183,3
5184,1
5185,0
5186,0
5187,0
5188,4
5189,3
5190,0
5192,3
5193,0
5194,0
5195,3
5196,1
5197,0
5198,0
5199,1
5200,5
5201,3
5202,0
5203,0
5204,0
5205,0
5206,0
5207,1
5208,1
5210,0
5211,4
5212,0
5213,0
5214,0
5215,2
5216,0
5217,3
5218,6
5219,3
5220,0
5221,0
5222,0
5223,4
5224,5
5225,0
5226,0
5227,0
5228,0
5229,0
5230,1
5231,0
5232,0
5233,0
5234,0
5235,3
5236,0
5237,0
5238,0
5239,5
5240,0
5241,0
5242,0
5243,0
5244,3
5245,0
5246,0
5247,0
5248,0
5249,0
5250,0
5251,0
5252,2
5253,0
5254,3
5255,0
5256,0
5257,4
5258,0
5259,3
5260,3
5261,3
5262,0
5263,0
5264,3
5265,2
5266,3
5267,0
5268,0
5269,0
5270,4
5271,4
5272,0
5273,4
5274,4
5275,0
5276,0
5277,0
5278,0
5279,0
5280,4
5281,4
5282,0
5283,0
5284,0
5285,2
5286,4
5287,2
5288,5
5289,0
5290,3
5291,2
5292,0
5293,0
5294,2
5295,0
5296,0
5297,0
5298,0
5299,0
5300,1
5301,1
5302,0
5303,0
5304,1
5305,0
5306,3
5307,0
5308,0
5309,0
5310,0
5311,3
5312,2
5313,3
5314,0
5315,0
5316,0
5317,4
5318,0
5319,0
5320,4
5321,0
5322,0
5323,0
5324,0
5325,5
5326,4
5327,0
5328,0
5329,2
5330,4
5331,4
5332,0
5333,2
5334,0
5335,0
5336,1
5337,0
5338,0
5339,0
5340,0
5341,0
5342,3
5343,3
5344,0
5345,0
5346,0
5347,0
5348,0
5349,3
5350,4
5351,0
5352,0
5353,0
5354,0
5355,0
5356,3
5357,0
5358,0
5359,0
5360,0
5361,0
5362,6
5363,0
5364,0
5365,0
5366,0
5367,0
5368,1
5369,0
5370,0
5371,3
5372,0
5373,0
5374,3
5375,1
5376,3
5377,0
5378,6
5379,0
5380,0
5381,1
5382,0
5383,3
5384,2
5385,5
5386,1
5387,2
5388,2
5389,1
5390,0
5391,0
5392,0
5393,1
5394,0
5395,0
5396,0
5397,0
5398,0
5399,1
5400,0
5401,0
5402,5
5403,4
5404,0
5405,1
5406,1
5407,4
5408,0
5409,3
5410,0
5411,0
5412,1
5413,0
5414,2
5415,0
5416,0
5417,0
5418,3
5419,6
5420,1
5421,0
5422,0
5423,2
5424,2
5425,1
5426,1
5427,0
5428,0
5429,1
5430,0
5431,1
5432,2
5433,3
5434,2
5435,1
5436,0
5437,0
5438,0
5439,0
5440,1
5441,2
5442,2
5443,0
5444,6
5445,3
5446,0
5447,0
5448,6
5449,0
5450,0
5451,0
5452,0
5453,0
5454,0
5455,0
5456,1
5457,4
5458,0
5459,0
5460,6
5461,0
5462,3
5463,3
5464,2
5465,2
5466,0
5467,0
5468,3
5469,0
5470,0
5471,0
5472,0
5473,0
5474,3
5475,0
5476,3
5477,0
5478,3
5479,3
5480,0
5481,0
5482,0
5483,0
5484,0
5485,0
5486,0
5487,4
5488,0
5489,0
5490,0
5491,0
5492,0
5493,0
5494,0
5495,0
5496,0
5497,0
5498,0
5499,0
5500,0
5501,0
5502,3
5503,0
5504,6
5505,0
5506,2
5507,2
5508,0
5509,5
5510,4
5511,3
5512,0
5513,5
5514,0
5515,0
5516,2
5517,2
5518,0
5519,4
5520,2
5521,2
5522,3
5523,3
5524,0
5525,0
5526,0
5527,0
5528,0
5529,0
5530,0
5531,0
5532,0
5533,4
5534,4
5535,4
5536,5
5537,4
5538,6
5539,6
5540,0
5541,0
5542,3
5543,3
5544,0
5545,3
5546,3
5547,4
5548,0
5549,1
5550,1
5551,3
5552,3
5553,2
5554,0
5555,3
5556,2
5557,0
5558,2
5559,0
5560,0
5561,4
5562,3
5563,2
5564,0
5565,4
5566,3
5567,3
5568,0
5569,2
5570,3
5571,5
5572,0
5573,2
5574,2
5575,2
5576,0
5577,0
5579,4
5580,3
5581,0
5582,0
5583,2
5584,4
5585,0
5586,0
5587,0
5588,0
5589,0
5590,2
5591,0
5592,3
5593,2
5595,3
5596,3
5597,3
5598,0
5599,0
5600,0
5601,0
5602,2
5603,2
5604,0
5605,0
5606,0
5607,0
5608,0
5609,3
5610,0
5611,1
5612,3
5613,0
5614,0
5615,0
5616,3
5617,0
5618,0
5619,5
5620,0
5621,3
5622,0
5623,4
5624,0
5625,0
5626,5
5627,2
5628,2
5629,6
5630,2
5631,4
5632,0
5633,0
5634,0
5635,0
5636,2
5637,0
5638,0
5639,0
5640,3
5641,0
5642,0
5643,0
5644,0
5645,0
5646,0
5647,4
5649,0
5650,0
5651,6
5652,0
5653,1
5654,1
5655,0
5656,4
5657,2
5658,4
5659,3
5660,2
5661,2
5662,0
5663,3
5664,0
5665,2
5666,0
5667,0
5668,0
5669,5
5670,5
5671,0
5672,6
5673,0
5674,1
5675,0
5676,4
5677,0
5678,2
5679,3
5680,2
5681,5
5682,0
5683,6
5684,1
5685,0
5686,1
5687,4
5688,4
5689,0
5690,6
5691,3
5692,0
5693,0
5694,0
5695,0
5696,0
5697,0
5698,4
5699,1
5700,3
5701,4
5702,1
5703,0
5704,3
5705,0
5706,0
5707,0
5708,0
5709,2
5710,0
5711,4
5712,0
5713,3
5714,4
5715,0
5716,0
5717,3
5718,0
5719,2
5721,0
5722,0
5723,0
5724,0
5725,0
5726,0
5727,3
5728,2
5729,0
5730,3
5731,0
5732,0
5733,0
5734,5
5735,5
5736,5
5737,5
5738,5
5739,5
5740,5
5741,0
5742,0
5743,0
5744,0
5745,0
5746,3
5747,0
5748,2
5749,0
5750,0
5751,3
5752,0
5753,0
5754,0
5755,3
5756,3
5757,5
5758,3
5759,0
5760,0
5761,1
5762,0
5763,0
5764,3
5765,6
5766,0
5767,0
5768,0
5769,0
5770,2
5771,3
5772,0
5773,0
5774,3
5775,0
5776,0
5777,0
5778,0
5779,3
5780,0
5781,0
5782,0
5783,5
5784,0
5785,5
5786,3
5787,3
5788,0
5789,1
5790,4
5791,0
5792,0
5793,3
5794,0
5795,2
5796,0
5797,0
5798,0
5799,0
5800,0
5801,1
5802,0
5803,0
5804,0
5805,4
5806,0
5807,0
5808,0
5809,2
5810,0
5811,5
5812,0
5813,0
5814,4
5815,2
5816,3
5817,1
5818,0
5819,0
5820,0
5821,0
5822,3
5823,0
5824,3
5825,1
5826,1
5827,2
5828,3
5829,0
5830,3
5831,2
5832,0
5833,3
5834,4
5835,1
5836,0
5837,3
5838,0
5839,0
5840,0
5841,0
5842,4
5843,0
5844,3
5845,4
5846,0
5847,0
5848,0
5849,4
5850,0
5851,4
5852,0
5853,3
5854,2
5855,0
5856,0
5857,4
5858,0
5859,1
5860,3
5861,0
5862,0
5863,0
5864,3
5865,0
5866,4
5867,0
5868,5
5869,2
5870,3
5871,4
5872,3
5873,0
5874,0
5875,0
5876,1
5877,4
5878,0
5879,6
5880,2
5881,0
5882,6
5883,3
5884,0
5885,0
5886,4
5887,0
5888,2
5889,0
5890,0
5891,3
5892,0
5893,0
5894,2
5895,3
5896,0
5897,3
5898,0
5899,1
5900,2
5901,2
5902,0
5903,3
5904,4
5905,4
5906,0
5907,0
5908,4
5909,0
5910,1
5911,1
5912,2
5913,2
5914,5
5915,1
5916,0
5917,0
5918,3
5919,0
5920,6
5921,1
5922,3
5923,0
5924,1
5925,0
5926,0
5927,0
5928,0
5929,0
5930,0
5931,0
5932,5
5933,0
5934,3
5935,2
5936,0
5937,0
5938,2
5939,0
5940,0
5941,0
5942,0
5943,0
5944,3
5945,0
5946,0
5947,0
5948,4
5949,0
5950,0
5951,0
5952,3
5953,1
5954,0
5955,0
5956,2
5957,0
5958,6
5959,2
5960,0
5961,3
5962,0
5963,0
5964,0
5965,1
5966,2
5967,3
5968,2
5969,0
5970,0
5971,6
5972,0
5973,2
5974,0
5975,0
5976,2
5977,0
5978,0
5979,3
5980,3
5981,3
5982,0
5983,0
5984,0
5985,0
5986,0
5987,2
5988,0
5989,0
5990,0
5991,0
5992,0
5993,0
5994,0
5995,1
5996,2
5997,0
5998,3
5999,6
6000,3
6001,0
6002,0
6003,3
6004,0
6005,5
6006,0
6007,0
6008,0
6009,2
6010,0
6011,2
6012,0
6013,0
6014,3
6015,4
6016,3
6017,1
6018,0
6019,3
6020,0
6021,2
6022,0
6023,0
6024,0
6025,0
6026,2
6027,0
6028,6
6029,0
6030,4
6031,0
6032,0
6033,0
6034,0
6035,2
6036,0
6037,0
6038,4
6039,0
6040,3
6041,0
6042,5
6043,5
6044,3
6045,2
6046,0
6047,2
6048,0
6049,4
6050,4
6051,2
6052,4
6053,4
6054,4
6055,4
6056,2
6057,2
6058,0
6059,3
6060,0
6061,1
6062,5
6063,0
6064,0
6065,0
6066,3
6067,2
6068,1
6069,0
6070,0
6071,2
6072,0
6073,0
6074,3
6075,0
6076,3
6077,2
6078,3
6079,4
6080,3
6081,2
6082,1
6083,2
6084,0
6085,4
6086,3
6087,0
6088,0
6089,2
6090,0
6091,0
6092,0
6093,6
6094,0
6095,3
6096,0
6097,3
6098,0
6099,3
6100,0
6101,2
6102,0
6103,1
6104,0
6105,0
6106,3
6107,1
6108,0
6109,0
6110,3
6111,0
6112,4
6113,4
6114,0
6115,0
6116,0
6117,1
6118,0
6119,0
6120,3
6121,0
6122,5
6123,0
6124,0
6125,5
6126,0
6127,0
6128,0
6129,0
6130,3
6131,0
6132,2
6133,0
6134,0
6135,2
6136,0
6137,0
6138,3
6139,0
6140,3
6141,4
6142,3
6143,2
6144,0
6145,3
6146,0
6147,2
6148,3
6149,1
6150,0
6151,0
6152,3
6153,0
6154,4
6155,0
6156,3
6157,2
6158,6
6159,0
6160,5
6161,4
6162,0
6163,0
6164,0
6165,4
6166,0
6167,4
6168,0
6169,6
6170,0
6171,0
6172,0
6173,6
6174,2
6175,0
6176,0
6177,0
6178,0
6179,0
6180,2
6181,1
6182,0
6183,0
6184,0
6185,2
6186,1
6187,2
6188,0
6189,2
6190,4
6191,4
6192,0
6193,0
6194,0
6195,5
6196,2
6197,0
6198,2
6199,4
6200,0
6201,0
6202,0
6203,0
6204,0
6205,0
6206,0
6207,4
6208,3
6209,3
6210,4
6211,0
6212,0
6213,3
6214,2
6215,0
6216,0
6217,0
6218,0
6219,3
6220,3
6221,2
6222,0
6223,0
6224,4
6225,0
6226,0
6227,0
6228,0
6229,0
6230,0
6231,0
6232,0
6233,0
6234,0
6235,1
6236,0
6237,0
6238,0
6239,3
6240,2
6241,0
6242,3
6243,3
6244,0
6245,0
6246,0
6247,0
6248,4
6249,0
6250,3
6251,6
6252,0
6253,4
6254,0
6255,0
6256,3
6257,0
6258,0
6259,1
6260,0
6261,4
6262,4
6263,1
6264,3
6265,0
6266,0
6267,0
6268,0
6269,5
6270,0
6271,0
6272,0
6273,2
6274,2
6275,0
6276,0
6277,0
6278,5
6279,2
6280,0
6281,0
6282,4
6283,3
6284,5
6285,0
6286,2
6287,0
6288,2
6289,5
6290,3
6291,2
6292,0
6293,0
6294,3
6295,4
6296,0
6297,0
6298,2
6299,5
6300,2
6301,0
6302,3
6303,0
6304,3
6305,0
6306,5
6307,0
6308,0
6309,0
6310,0
6311,0
6312,0
6313,0
6314,2
6315,0
6316,6
6317,3
6318,0
6319,0
6320,0
6321,4
6322,2
6323,2
6324,4
6325,1
6326,2
6327,5
6328,1
6329,0
6330,2
6331,5
6332,0
6333,0
6334,0
6335,2
6336,4
6337,2
6338,0
6339,0
6340,5
6341,0
6342,0
6343,4
6344,0
6345,0
6346,0
6347,0
6348,0
6349,0
6350,6
6351,0
6352,0
6353,0
6354,0
6355,0
6356,1
6357,0
6358,0
6365,3
6366,0
6367,0
6368,5
6369,0
6370,0
6371,6
6373,0
6374,0
6375,5
6376,0
6377,6
6378,2
6379,3
6380,5
6381,4
6382,0
6383,2
6384,2
6385,0
6386,1
6387,2
6388,1
6390,0
6391,4
6392,1
6393,4
6394,1
6395,3
6396,3
6397,0
6398,3
6400,5
6401,1
6402,0
6403,0
6404,0
6405,0
6406,3
6407,0
6408,5
6409,1
6410,0
6411,0
6412,1
6413,0
6414,6
6415,0
6416,1
6417,0
6419,0
6420,1
6421,1
6422,1
6423,0
6424,2
6425,0
6426,1
6427,0
6428,1
6429,1
6430,5
6431,1
6432,0
6433,5
6434,1
6435,1
6436,0
6437,1
6438,1
6439,1
6440,0
6441,1
6442,0
6443,1
6445,0
6446,0
6447,1
6448,0
6449,0
6450,0
6451,2
6452,0
6453,5
6454,0
6455,1
6456,2
6457,1
6458,1
6459,1
6460,0
6461,1
6462,1
6463,5
6464,6
6465,0
6466,0
6467,2
6468,2
6469,1
6470,1
6471,0
6472,4
6473,0
6474,0
6475,0
6476,3
6477,0
6478,1
6479,3
6480,0
6481,0
6482,0
6483,0
6484,2
6485,6
6486,2
6487,0
6488,0
6489,4
6490,0
6491,3
6492,2
6493,0
6494,0
6495,2
6496,4
6497,1
6498,1
6499,0
6500,0
6501,4
6502,0
6503,2
6504,2
6505,3
6506,3
6507,0
6508,0
6509,0
6510,0
6511,0
6512,0
6513,0
6514,3
6515,2
6516,0
6517,0
6518,1
6519,0
6520,0
6521,0
6522,0
6523,0
6524,0
6525,0
6526,0
6527,0
6528,0
6529,0
6530,3
6531,2
6532,4
6533,0
6534,3
6535,0
6536,6
6537,3
6538,3
6539,0
6540,4
6541,3
6542,1
6543,4
6544,0
6545,0
6546,4
6547,4
6548,0
6549,0
6550,3
6551,0
6552,2
6553,0
6554,0
6555,2
6556,4
6557,6
6558,0
6559,0
6560,0
6561,1
6562,0
6563,0
6564,3
6565,0
6566,0
6567,1
6568,0
6569,4
6570,0
6571,0
6572,2
6573,0
6574,3
6575,3
6576,3
6577,3
6578,0
6579,0
6580,4
6581,0
6582,2
6583,3
6584,2
6585,2
6586,0
6587,2
6588,0
6589,4
6590,4
6591,0
6592,0
6593,0
6594,4
6595,3
6596,0
6597,3
6598,1
6599,0
6600,4
6601,0
6602,0
6603,2
6604,0
6605,0
6606,4
6607,0
6608,4
6609,0
6610,2
6611,0
6612,0
6613,0
6614,2
6615,3
6616,3
6617,1
6618,0
6619,0
6620,0
6621,5
6622,4
6623,0
6624,6
6625,6
6626,0
6627,4
6628,0
6629,2
6630,0
6631,3
6632,3
6633,0
6634,0
6635,0
6636,0
6637,3
6638,0
6639,0
6640,4
6641,0
6642,2
6643,0
6644,0
6645,0
6646,0
6647,0
6648,0
6649,0
6650,0
6651,2
6652,1
6653,3
6654,3
6655,3
6656,3
6657,3
6658,0
6659,3
6660,0
6661,5
6662,0
6663,2
6664,3
6665,0
6666,0
6667,5
6668,0
6669,0
6670,0
6671,0
6672,5
6673,1
6674,5
6675,4
6676,5
6677,5
6678,0
6679,5
6680,5
6681,0
6682,1
6683,0
6684,0
6685,4
6686,6
6687,0
6688,0
6689,0
6690,0
6691,1
6692,5
6693,5
6694,4
6695,3
6696,4
6697,4
6698,4
6699,0
6700,0
6701,0
6702,4
6703,3
6704,0
6705,2
6706,4
6707,3
6708,0
6709,0
6710,0
6711,0
6712,4
6713,0
6714,0
6715,3
6716,4
6717,0
6718,0
6719,0
6720,2
6721,3
6722,0
6723,0
6724,0
6725,6
6726,4
6727,2
6728,4
6729,0
6730,0
6731,3
6732,0
6733,0
6734,0
6735,0
6736,2
6737,4
6738,0
6739,0
6740,0
6741,3
6742,3
6743,0
6744,0
6745,4
6746,0
6747,0
6748,0
6749,0
6750,0
6751,0
6752,0
6753,0
6754,3
6755,0
6756,0
6757,2
6758,5
6759,2
6760,0
6761,5
6762,0
6763,0
6764,3
6765,0
6766,2
6767,4
6768,0
6769,0
6770,0
6771,0
6772,5
6773,0
6774,3
6775,5
6776,0
6777,0
6778,4
6779,0
6780,5
6781,0
6782,0
6783,0
6784,5
6785,0
6786,0
6787,0
6788,0
6789,0
6790,0
6791,0
6792,0
6793,0
6794,0
6795,2
6796,2
6797,0
6798,0
6799,4
6800,2
6801,0
6802,0
6803,3
6804,2
6805,2
6806,2
6807,0
6808,1
6809,0
6810,0
6811,0
6812,0
6813,0
6814,0
6815,0
6816,0
6817,0
6818,1
6819,0
6820,3
6821,0
6822,1
6823,2
6824,2
6825,0
6826,1
6827,0
6828,0
6829,2
6830,2
6831,4
6832,0
6833,4
6834,4
6835,3
6836,3
6837,0
6838,2
6839,0
6840,0
6841,0
6842,0
6843,0
6844,0
6845,4
6846,0
6847,4
6848,3
6849,0
6850,0
6851,0
6852,0
6853,4
6854,1
6855,0
6856,0
6857,6
6858,0
6859,0
6860,2
6861,4
6862,2
6863,0
6864,5
6865,4
6866,2
6867,0
6868,2
6869,5
6870,3
6871,6
6872,3
6873,0
6874,0
6875,0
6876,0
6877,0
6878,4
6879,0
6880,3
6881,0
6882,3
6883,0
6884,2
6885,2
6886,1
6887,0
6888,0
6889,6
6890,0
6891,0
6892,0
6893,0
6894,3
6895,4
6896,5
6897,0
6898,0
6899,3
6900,0
6901,2
6902,0
6903,0
6905,3
6906,0
6907,2
6908,3
6909,0
6910,3
6911,0
6912,0
6913,3
6914,0
6915,4
6916,0
6917,0
6918,0
6919,1
6920,2
6921,0
6923,2
6924,2
6925,2
6926,0
6927,0
6928,0
6929,2
6930,5
6931,4
6932,2
6933,3
6934,3
6935,5
6936,0
6937,4
6938,5
6939,0
6940,0
6941,5
6942,0
6943,4
6944,0
6945,5
6946,6
6947,1
6948,5
6949,3
6950,1
6951,0
6952,3
6953,2
6954,2
6955,3
6956,0
6957,2
6958,0
6959,0
6960,0
6961,0
6962,5
6963,5
6964,2
6965,5
6966,0
6967,3
6968,3
6969,3
6970,0
6971,0
6972,5
6973,0
6974,2
6975,3
6976,3
6977,2
6978,0
6979,0
6980,0
6981,0
6982,1
6983,0
6984,0
6985,0
6986,0
6987,0
6988,0
6989,3
6990,0
6991,0
6992,0
6993,0
6994,0
6995,0
6996,3
6997,2
6998,0
6999,0
7000,0
7001,3
7002,0
7003,3
7004,0
7005,0
7006,3
7007,0
7008,0
7009,0
7010,0
7011,2
7012,0
7013,0
7014,0
7015,0
7016,0
7017,0
7018,0
7019,0
7020,0
7021,0
7022,3
7023,0
7024,0
7025,1
7026,0
7027,1
7028,2
7029,0
7030,0
7031,2
7032,0
7033,0
7034,0
7035,0
7036,0
7037,0
7038,0
7039,2
7040,2
7041,2
7042,0
7043,0
7044,0
7045,0
7046,3
7047,0
7048,2
7049,0
7050,0
7051,0
7052,0
7053,0
7054,0
7055,0
7056,0
7057,0
7058,0
7059,0
7060,0
7061,0
7062,0
7063,0
7064,0
7065,1
7066,0
7067,0
7068,0
7069,0
7070,1
7071,0
7072,1
7073,0
7074,0
7075,6
7076,2
7077,0
7078,0
7079,0
7080,0
7081,0
7082,0
7083,0
7084,0
7085,0
7086,0
7087,0
7088,0
7089,0
7090,3
7091,0
7092,0
7093,0
7094,0
7095,0
7096,5
7097,4
7098,0
7099,6
7100,0
7101,0
7102,2
7103,0
7104,1
7105,4
7106,1
7107,0
7108,2
7109,0
7110,3
7111,0
7112,2
7113,3
7114,3
7115,3
7116,3
7117,3
7118,6
7119,0
7120,0
7121,0
7122,1
7123,0
7124,5
7125,0
7126,6
7127,0
7128,3
7129,4
7130,0
7131,0
7132,0
7133,3
7134,0
7135,2
7136,0
7137,0
7138,3
7139,0
7140,5
7141,5
7142,0
7143,1
7144,5
7145,5
7146,2
7147,0
7148,0
7149,0
7150,0
7151,0
7152,3
7153,0
7154,0
7155,0
7156,5
7157,0
7158,0
7159,1
7160,0
7161,0
7162,0
7163,3
7164,0
7165,0
7166,0
7167,0
7168,0
7169,0
7170,0
7171,5
7172,0
7173,0
7174,6
7175,2
7176,0
7177,0
7178,0
7179,0
7180,2
7181,0
7182,0
7183,0
7184,0
7185,0
7186,4
7187,0
7188,2
7189,0
7190,0
7191,4
7192,0
7193,0
7194,0
7195,2
7196,0
7197,2
7198,2
7199,0
7200,1
7201,2
7202,0
7203,0
7204,0
7205,0
7206,0
7207,0
7208,0
7209,0
7210,0
7211,0
7212,0
7213,0
7214,1
7215,0
7216,2
7217,2
7218,1
7219,0
7220,0
7221,0
7222,0
7223,2
7224,0
7225,0
7226,2
7227,0
7228,0
7229,2
7230,0
7231,0
7232,0
7233,4
7234,0
7235,2
7236,0
7237,0
7238,1
7239,3
7240,0
7241,1
7242,3
7243,0
7244,3
7245,3
7246,4
7247,0
7248,1
7249,0
7250,0
7251,0
7252,3
7253,0
7254,0
7255,0
7256,5
7257,3
7258,0
7259,0
7260,0
7261,0
7262,2
7263,0
7264,0
7265,0
7266,3
7267,4
7268,4
7269,0
7270,0
7271,4
7272,2
7273,2
7274,0
7275,0
7276,0
7277,0
7278,4
7279,0
7280,0
7281,3
7282,3
7283,0
7284,2
7285,0
7286,0
7287,4
7288,0
7289,3
7290,0
7291,4
7292,1
7293,0
7294,0
7295,2
7296,4
7297,0
7298,2
7299,0
7300,0
7301,0
7302,0
7303,0
7304,6
7305,2
7306,2
7307,1
7308,3
7309,0
7310,0
7311,0
7312,0
7313,3
7314,3
7315,0
7316,0
7317,0
7318,0
7319,0
7320,0
7321,3
7322,4
7323,0
7324,0
7325,0
7326,2
7327,0
7328,0
7329,0
7330,0
7331,0
7332,0
7333,2
7334,0
7335,0
7336,1
7337,0
7338,1
7339,0
7340,0
7341,2
7342,3
7343,5
7344,2
7345,6
7346,0
7347,3
7348,0
7349,0
7350,5
7351,5
7352,0
7353,0
7354,0
7355,6
7356,4
7357,0
7358,5
7359,0
7360,3
7361,0
7362,2
7363,2
7364,2
7365,0
7366,0
7367,0
7368,2
7369,3
7370,4
7371,3
7372,0
7373,3
7374,1
7375,0
7376,3
7377,0
7378,0
7379,1
7380,0
7381,2
7382,3
7383,2
7384,0
7385,0
7386,0
7387,0
7388,0
7389,0
7390,0
7391,4
7392,1
7393,0
7394,0
7395,0
7396,0
7397,0
7398,0
7399,1
7400,3
7401,4
7402,3
7403,0
7404,0
7405,0
7406,0
7407,0
7408,0
7409,2
7410,3
7411,0
7412,3
7413,3
7414,0
7415,2
7416,0
7417,4
7418,5
7419,0
7420,0
7422,0
7423,5
7437,0
7438,3
7439,2
7440,5
7441,0
7442,3
7443,5
7444,0
7445,2
7446,6
7447,5
7448,0
7449,3
7450,0
7451,0
7452,2
7453,3
7454,3
7455,0
7456,0
7457,4
7458,1
7459,0
7460,0
7461,0
7474,0
7475,2
7477,3
7478,0
7479,0
7480,1
7481,3
7482,0
7483,2
7484,5
7485,0
7486,0
7487,0
7488,5
7489,0
7490,0
7491,0
7492,0
7493,0
7505,3
7521,2
7523,0
7528,5
7537,5
7541,0
7560,1
7561,3
7562,2
7563,0
7564,0
7565,3
7566,5
7567,4
7568,4
7569,3
7570,0
7571,2
7572,0
7573,0
7574,0
7577,6
7578,0
7579,0
7580,0
7581,0
7582,0
7583,0
7584,0
7585,0
7586,1
7587,2
7613,0
7614,0
7615,0
7616,0
7617,1
7618,0
7619,0
7620,0
7621,0
7622,4
7623,4
7624,0
7625,4
7626,0
7627,4
7636,0
7637,0
7638,0
7639,4
7644,5
7645,0
7646,3
7647,0
7648,4
7650,3
7657,3
7669,0
7675,0
7697,0
7698,0
7699,5
7700,3
7701,0
7702,0
7703,4
7704,3
7705,0
7706,0
7707,0
7708,0
7713,0
7714,0
7716,0
7719,0
7720,0
7723,3
7724,3
7725,3
7726,4
7727,0
7728,2
7730,0
7738,4
7739,4
7742,3
7743,6
7745,0
7748,2
7749,0
7750,4
7751,0
7752,0
7753,0
7754,2
7756,1
7757,0
7758,0
7759,0
7761,0
7763,0
7764,3
7765,4
7766,1
7767,0
7768,2
7769,1
7770,3
7771,0
7772,2
7773,0
7774,6
7775,4
7781,0
7782,3
7783,4
7784,3
7785,0
7786,5
7787,1
7789,0
7790,6
7791,2
7792,0
7802,3
7808,0
7809,1
7813,4
7814,1
7815,0
7816,4
7817,3
7818,0
7820,2
7821,1
7822,0
7823,5
7824,4
7826,0
7827,3
7828,1
7831,2
7832,2
7833,2
7834,2
7835,0
7836,5
7837,0
7838,3
7839,0
7840,1
7844,0
7845,0
7846,3
7847,0
7850,0
7872,0
7878,1
7879,4
7880,4
7881,0
7882,0
7883,0
7884,0
7885,0
7886,3
7887,0
7888,0
7889,1
7890,1
7891,3
7892,0
7893,2
7894,1
7895,2
7896,1
7897,1
7898,1
7899,3
7900,3
7901,0
7912,0
7913,3
7914,5
7915,0
7916,0
7917,3
7918,0
7919,2
7920,0
7921,0
7922,2
7923,0
7924,2
7925,6
7926,2
7928,0
7930,3
7931,0
7932,5
7933,0
7934,0
7935,3
7936,1
7937,0
7938,0
7939,0
7940,0
7941,0
7942,0
7943,2
7944,0
7945,0
7946,0
7947,0
7948,0
7949,0
7950,4
7951,0
7952,3
7954,3
7958,2
7959,0
7976,0
7979,6
7980,1
7981,2
7982,3
7983,0
7984,3
7985,4
7986,3
7987,3
7988,3
7989,3
7990,0
7991,0
7992,0
7993,0
7994,0
7995,0
8003,0
8004,3
8007,4
8008,0
8009,0
8010,0
8011,5
8012,0
8013,4
8014,0
8015,6
8016,2
8017,2
8019,3
8024,0
8025,0
8033,0
8035,2
8037,2
8038,4
8039,0
8040,0
8041,4
8042,2
8043,0
8044,2
8045,1
8055,3
8056,2
8057,0
8062,3
8063,4
8068,0
8069,1
8070,0
8092,3
8093,3
8094,1
8095,3
8117,0
8118,1
8119,0
8120,0
8121,0
8122,3
8123,0
8124,0
8125,0
8126,0
8127,0
8128,0
8129,5
8130,5
8131,0
8132,0
8133,0
8134,6
8136,2
8137,3
8138,3
8139,3
8140,1
8141,3
8142,2
8143,0
8147,3
8148,6
8149,3
8153,0
8154,0
8157,6
8158,0
8167,0
8168,3
8169,6
8183,0
8187,0
8188,0
8189,0
8190,1
8191,0
8194,0
8195,0
8196,0
8197,0
8198,2
8199,0
8201,0
8202,0
8203,0
8206,0
8207,2
8208,0
8220,3
8221,0
8222,3
8224,6
8225,0
8227,1
8228,0
8232,0
8235,0
8236,2
8237,1
8239,0
8240,0
8241,3
8252,0
8253,6
8254,0
8255,2
8256,0
8257,1
8258,3
8259,0
8260,0
8261,0
8262,0
8263,0
8264,5
8265,3
8266,0
8267,4
8268,0
8269,4
8270,0
8272,0
8273,0
8275,0
8290,2
8291,0
8292,0
8293,0
8294,0
8295,0
8302,0
8327,0
8329,1
8330,0
8331,0
8332,0
8334,1
8335,0
8336,0
8337,1
8338,0
8339,0
8340,0
8341,2
8359,0
8360,0
8361,3
8362,0
8363,0
8364,0
8365,0
8366,0
8367,0
8368,0
8369,2
8370,2
8371,3
8372,6
8373,0
8374,4
8375,5
8376,0
8377,0
8378,0
8379,0
8380,4
8381,0
8382,4
8383,0
8384,0
8385,0
8387,2
8388,0
8391,0
8392,4
8393,0
8394,4
8395,2
8397,0
8398,0
8399,4
8400,0
8401,2
8402,4
8403,1
8404,3
8405,0
8407,0
8410,2
8411,4
8420,2
8421,0
8422,0
8423,0
8424,0
8425,4
8426,6
8427,3
8444,6
8446,1
8447,3
8448,0
8450,0
8451,0
8452,4
8453,4
8454,0
8455,5
8456,2
8457,0
8458,0
8459,0
8460,0
8461,1
8462,0
8463,0
8464,5
8465,2
8469,4
8477,0
8478,0
8480,0
8481,1
8482,0
8483,3
8484,1
8485,0
8486,0
8487,0
8488,0
8491,2
8492,0
8493,1
8494,0
8495,2
8496,0
8499,0
8500,3
8501,0
8502,0
8503,0
8504,0
8505,0
8506,2
8507,2
8511,0
8512,0
8516,0
8518,0
8519,3
8520,2
8521,0
8522,1
8524,0
8525,0
8526,0
8527,2
8528,0
8529,0
8530,0
8531,0
8532,0
8533,0
8534,6
8535,0
8536,3
8537,6
8540,1
8541,0
8542,0
8543,1
8544,3
8545,0
8571,0
8572,0
8573,0
8574,6
8575,0
8576,0
8577,5
8578,3
8580,0
8581,5
8582,5
8583,0
8584,0
8585,0
8586,0
8587,5
8589,1
8591,6
8592,4
8593,2
8594,0
8595,0
8596,2
8597,2
8598,2
8600,2
8601,0
8602,0
8603,4
8604,0
8605,0
8606,0
8607,0
8608,0
8609,0
8610,0
8611,0
8612,0
8613,0
8614,0
8615,3
8616,6
8617,0
8618,1
8619,0
8620,0
8621,4
8622,5
8623,0
8624,5
8625,5
8626,3
8627,5
8628,0
8629,4
8630,1
8631,0
8632,0
8633,0
8634,0
8635,3
8636,3
8637,5
8638,0
8639,0
8640,1
8641,0
8642,0
8643,0
8644,0
8645,2
8646,1
8647,0
8648,0
8649,3
8650,0
8651,0
8652,2
8653,1
8654,0
8655,1
8656,2
8657,1
8658,0
8659,4
8660,1
8661,0
8662,1
8663,5
8664,0
8665,3
8666,3
8667,0
8668,4
8669,0
8670,3
8671,4
8672,4
8673,1
8674,0
8675,1
8676,3
8677,3
8678,1
8679,1
8680,3
8681,1
8682,0
8683,1
8684,0
8685,0
8686,1
8687,3
8688,1
8689,2
8690,1
8691,4
8692,1
8693,1
8694,0
8695,0
8696,0
8697,3
8698,0
8699,4
8700,1
8701,0
8702,3
8703,3
8704,4
8705,4
8706,0
8707,4
8708,4
8709,0
8710,0
8711,0
8712,0
8713,6
8714,0
8715,1
8716,1
8718,0
8719,1
8720,0
8721,3
8722,0
8723,1
8724,1
8725,0
8726,0
8727,0
8728,3
8729,0
8730,1
8731,0
8732,0
8733,2
8734,0
8735,2
8736,0
8737,4
8738,0
8739,0
8740,0
8741,3
8742,0
8743,3
8744,1
8745,0
8746,3
8747,3
8748,0
8749,0
8750,2
8751,2
8752,0
8753,5
8754,0
8755,5
8756,2
8757,0
8758,0
8759,4
8760,0
8761,4
8762,4
8763,4
8764,4
8765,2
8766,2
8767,2
8768,2
8769,0
8770,3
8771,2
8772,0
8773,2
8774,0
8775,1
8776,4
8777,0
8778,2
8779,4
8780,3
8781,0
8782,3
8783,3
8784,0
8785,0
8786,0
8787,3
8788,3
8789,1
8790,0
8792,3
8793,2
8794,0
8795,1
8796,0
8797,5
8798,2
8799,0
8800,0
8801,0
8802,1
8803,4
8804,0
8805,0
8806,3
8807,0
8808,0
8809,0
8810,3
8811,6
8812,4
8813,0
8814,0
8815,3
8816,0
8817,4
8818,0
8819,4
8820,4
8821,0
8822,6
8823,2
8824,4
8825,0
8826,0
8827,5
8828,0
8829,4
8830,3
8831,2
8832,3
8833,0
8834,4
8835,0
8836,0
8837,2
8838,0
8839,0
8840,0
8841,0
8842,3
8843,0
8844,0
8845,0
8846,2
8847,0
8848,0
8849,0
8850,0
8851,0
8852,0
8853,0
8854,0
8855,3
8856,0
8857,0
8858,0
8859,0
8860,2
8861,3
8862,0
8863,4
8864,0
8865,3
8866,0
8867,0
8868,1
8869,0
8870,3
8871,4
8872,0
8873,0
8874,0
8875,0
8876,4
8877,0
8878,3
8879,3
8880,0
8881,0
8882,2
8883,6
8884,0
8885,3
8886,3
8887,0
8888,4
8889,3
8890,3
8891,3
8892,3
8893,3
8894,3
8895,0
8896,3
8897,0
8898,0
8899,0
8900,0
8901,2
8902,3
8903,3
8904,3
8905,0
8906,3
8907,6
8908,3
8909,4
8910,0
8911,0
8912,0
8913,0
8914,0
8915,0
8916,0
8917,6
8918,2
8919,0
8920,0
8921,0
8922,3
8923,0
8924,0
8925,4
8926,3
8927,3
8928,0
8929,0
8930,5
8931,5
8932,3
8933,0
8934,6
8935,4
8936,4
8937,0
8938,5
8939,3
8940,4
8941,3
8942,4
8943,0
8944,6
8945,4
8946,0
8947,3
8948,0
8949,0
8950,0
8951,0
8952,0
8953,4
8954,5
8955,2
8956,0
8957,3
8958,0
8959,0
8960,5
8961,6
8962,5
8963,3
8964,4
8965,6
8966,0
8967,0
8968,2
8969,0
8970,0
8971,0
8972,3
8973,0
8974,6
8975,3
8976,1
8977,1
8978,0
8979,5
8980,0
8981,0
8982,0
8983,0
8984,2
8985,3
8986,0
8987,5
8988,4
8989,0
8990,0
8991,0
8992,4
8993,4
8994,0
8995,4
8996,4
8997,0
8998,5
8999,5
9000,5
9001,1
9002,0
9003,3
9004,6
9005,3
9006,0
9007,0
9008,3
9009,2
9010,0
9011,0
9012,4
9013,0
9014,0
9015,0
9016,0
9017,0
9018,5
9019,5
25735,0
25736,3
25737,3
25738,0
25739,0
25741,0
25742,0
25743,0
25744,0
25745,2
25746,0
25747,0
25748,3
25749,4
25750,0
25751,1
25752,0
25753,0
25755,0
25757,0
25759,1
25760,0
25762,0
25763,0
25764,0
25765,3
25766,0
25767,0
25768,0
25769,0
25770,4
25771,0
25773,2
25774,0
25775,0
25777,0
25778,2
25782,0
25783,0
25785,5
25786,0
25787,0
25788,2
25789,0
25792,0
25793,0
25794,0
25795,0
25796,3
25797,0
25798,6
25800,0
25801,0
25802,0
25803,3
25804,0
25805,0
25806,0
25807,3
25808,0
25809,1
25810,1
25811,0
25812,0
25814,4
25816,4
25817,4
25818,2
25819,3
25820,0
25822,3
25824,2
25825,0
25826,0
25827,0
25828,2
25829,1
25830,0
25831,0
25832,0
25833,0
25834,0
25835,2
25837,0
25839,0
25840,0
25841,0
25842,0
25843,4
25846,1
25850,0
25851,1
25852,2
25854,4
25855,2
25856,0
25858,0
25859,0
25860,0
25861,2
25864,0
25865,0
25866,0
25868,0
25869,0
25870,0
25871,0
25872,0
25874,0
25875,0
25878,1
25879,1
25881,0
25882,0
25884,0
25886,0
25887,0
25888,1
25890,1
25891,0
25892,0
25893,5
25894,0
25897,0
25898,0
25899,0
25900,0
25901,1
25902,0
25903,2
25904,3
25905,0
25906,0
25907,0
25908,1
25910,1
25911,2
25912,0
25913,3
25914,0
25915,0
25916,1
25918,0
25919,3
25920,2
25921,2
25922,2
25923,0
25924,0
25926,0
25927,2
25928,0
25929,0
25930,2
25931,6
25932,2
25934,1
25935,4
25936,0
25937,0
25938,0
25940,0
25941,0
25942,0
25943,2
25944,6
25945,2
25946,0
25947,0
25948,1
25950,0
25951,0
25952,0
25954,0
25956,0
25957,4
25959,1
25960,0
25961,1
25962,0
25963,2
25964,0
25965,0
25966,0
25970,2
25971,0
25972,0
25974,0
25975,0
25976,1
25977,3
25979,1
25980,0
25981,4
25984,0
25986,0
25987,0
25989,0
25990,0
25991,0
25993,0
25994,0
25995,3
25996,0
25998,4
25999,0
26000,0
26001,0
26002,2
26003,1
26005,3
26006,0
26007,1
26008,4
26009,1
26010,0
26012,3
26013,0
26016,4
26018,2
26019,3
26021,0
26022,0
26025,0
26026,3
26027,3
26028,1
26030,2
26033,4
26034,0
26035,2
26038,0
26042,1
26043,3
26044,2
26046,4
26047,3
26048,1
26049,1
26050,1
26051,0
26052,2
26055,0
26056,0
26058,3
26059,0
26062,4
26063,0
26064,0
26066,4
26067,1
26068,0
26070,0
26072,2
26073,1
26074,0
26076,2
26078,0
26079,0
26080,3
26082,0
26083,0
26084,0
26085,0
26088,1
26090,0
26093,6
26094,0
26095,1
26096,0
26098,3
26099,0
26100,0
26101,1
26104,2
26106,4
26107,3
26108,4
26109,2
26110,1
26111,0
26112,1
26113,0
26116,0
26117,2
26119,0
26122,1
26123,0
26124,3
26125,0
26127,4
26128,0
26130,0
26131,1
26133,6
26134,3
26136,1
26137,1
26138,1
26139,1
26140,3
26141,0
26142,1
26144,1
26146,1
26147,0
26148,1
26150,1
26151,2
26152,3
26153,0
26155,1
26156,6
26157,3
26158,1
26159,2
26160,6
26162,3
26163,6
26164,0
26167,2
26169,2
26170,2
26171,0
26172,2
26174,1
26175,2
26176,5
26177,2
26178,0
26180,0
26181,1
26183,6
26184,2
26185,2
26187,0
26188,0
26189,0
26191,0
26194,0
26195,5
26197,1
26198,0
26199,0
26202,4
26203,3
26204,1
26205,0
26206,3
26207,4
26208,0
26209,0
26210,2
26211,2
26213,0
26214,0
26215,4
26216,3
26219,0
26220,2
26221,1
26222,0
26223,3
26225,0
26226,0
26227,0
26228,0
26229,0
26230,0
26231,2
26232,4
26235,1
26236,1
26237,0
26240,1
26241,0
26242,3
26243,1
26245,0
26246,1
26247,1
26248,3
26249,1
26251,0
26252,0
26253,1
26254,1
26256,1
26257,2
26258,1
26259,0
26263,3
26264,3
26265,0
26266,3
26267,4
26268,0
26269,2
26270,6
26271,0
26274,4
26277,2
26280,0
26282,0
26283,2
26285,0
26287,4
26288,4
26289,3
26290,2
26291,4
26294,1
26295,3
26297,3
26299,3
26301,0
26302,0
26303,3
26304,2
26306,0
26307,0
26308,0
26309,2
26312,0
26313,0
26314,0
26315,0
26316,3
26317,0
26318,0
26320,3
26321,1
26322,2
26323,0
26324,0
26325,1
26326,0
26327,6
26333,3
26334,2
26336,2
26338,0
26339,2
26340,6
26341,0
26342,2
26343,2
26344,2
26345,4
26346,0
26347,0
26349,2
26350,0
26353,3
26354,3
26356,0
26359,1
26360,0
26361,4
26362,1
26364,1
26365,3
26366,5
26368,4
26369,0
26370,1
26371,1
26372,4
26375,0
26377,4
26378,3
26379,0
26380,0
26383,3
26386,0
26387,0
26388,2
26389,4
26391,0
26392,0
26393,3
26394,0
26395,0
26397,2
26398,3
26399,3
26400,5
26401,3
26402,4
26404,0
26409,3
26410,3
26411,0
26413,0
26414,0
26416,5
26417,4
26418,2
26422,0
26424,3
26425,0
26429,4
26430,0
26431,0
26432,3
26433,4
26435,0
26438,2
26446,5
26448,0
26450,3
26459,0
26462,2
26463,6
26464,2
26465,0
26467,3
26468,0
26470,0
26471,5
26472,0
26475,4
26476,1
26479,0
26481,4
26483,6
26484,4
26485,0
26486,0
26487,0
26488,2
26490,0
26491,1
26492,0
26493,3
26494,0
26495,0
26496,2
26497,0
26498,0
26501,0
26504,2
26505,4
26507,4
26509,0
26512,2
26513,0
26514,0
26519,4
26520,0
26521,0
26523,0
26524,5
26526,3
26527,0
26529,6
26530,3
26532,4
26536,0
26538,0
26539,0
26540,3
26544,0
26546,3
26547,2
26550,0
26551,3
26553,6
26554,0
26555,0
26558,3
26559,3
26560,1
26561,0
26562,0
26564,0
26565,6
26566,0
26567,0
26569,3
26571,4
26574,0
26577,4
26578,0
26580,3
26581,5
26582,3
26585,2
26587,2
26589,0
26593,3
26599,0
26600,3
26602,3
26603,3
26606,3
26608,2
26610,0
26611,0
26612,2
26613,0
26615,0
26616,0
26617,5
26622,0
26628,2
26629,0
26630,4
26631,6
26634,4
26638,2
26641,3
26643,3
26644,0
26645,4
26647,0
26662,6
26663,2
26670,4
26672,4
26675,2
26676,0
26677,4
26680,0
26681,1
26682,4
26684,0
26685,4
26686,0
26688,2
26689,0
26690,6
26691,0
26694,0
26695,0
26696,3
26698,2
26699,0
26700,0
26702,3
26703,0
26704,2
26707,4
26708,1
26710,0
26712,5
26713,0
26714,0
26717,3
26719,0
26720,3
26723,2
26726,0
26728,0
26729,5
26731,2
26732,0
26734,0
26736,2
26737,2
26738,2
26741,0
26744,0
26745,0
26746,2
26749,0
26750,1
26751,0
26752,4
26755,2
26756,4
26757,4
26758,0
26759,4
26760,0
26762,5
26764,1
26765,0
26766,4
26769,4
26770,0
26774,0
26775,4
26776,6
26777,0
26778,0
26782,0
26784,2
26788,0
26791,0
26792,6
26793,0
26796,0
26797,5
26801,3
26802,0
26803,0
26804,1
26809,4
26812,0
26813,4
26815,0
26818,6
26819,3
26822,1
26825,4
26826,5
26827,6
26828,0
26831,4
26834,3
26838,0
26840,2
26841,4
26842,0
26843,4
26850,4
26851,2
26858,3
26861,3
26863,4
26865,0
26868,4
26870,0
26871,0
26873,0
26875,2
26880,4
26886,3
26889,4
26898,2
26901,1
26903,0
26908,2
26911,2
26914,5
26915,0
26925,1
26933,5
26938,2
26939,0
26940,4
26941,1
26944,4
26945,2
26947,2
26949,0
26962,2
26964,4
26965,0
26966,0
26968,4
26969,2
26970,2
26974,0
26975,2
26976,4
26978,2
26980,4
26981,2
26982,0
26985,3
26989,2
26991,2
26994,2
26996,3
26998,5
27003,3
27004,1
27005,2
27006,0
27011,4
27016,2
27018,2
27020,0
27022,2
27027,3
27031,0
27032,3
27033,3
27040,2
27044,0
27050,0
27067,1
27070,5
27073,2
27077,2
27078,4
27081,4
27087,3
27093,2
27094,0
27095,0
27096,0
27109,2
27112,3
27124,3
27132,2
27134,3
27135,4
27136,2
27147,3
27152,0
27156,6
27158,0
27162,0
27163,0
27164,5
27166,4
27170,3
27171,2
27172,0
27178,0
27180,0
27186,6
27189,3
27192,3
27193,0
27197,2
27198,0
27204,3
27205,4
27212,2
27213,4
27215,4
27216,0
27217,5
27221,4
27223,2
27232,4
27234,4
27235,4
27236,4
27238,3
27239,4
27246,0
27249,6
27255,0
27261,0
27263,0
27266,0
27268,3
27271,0
27273,4
27274,4
27276,2
27277,4
27291,2
27292,3
27297,2
27298,3
27302,2
27304,2
27305,2
27306,4
27307,3
27309,4
27310,2
27313,2
27315,4
27316,3
27317,3
27321,0
27322,5
27326,0
27327,3
27328,2
27329,5
27332,3
27334,5
27338,3
27343,3
27344,6
27345,0
27347,0
27348,4
27351,3
27356,4
27357,3
27359,3
27360,2
27362,0
27365,4
27366,0
27368,0
27369,6
27370,0
27372,4
27373,0
27376,3
27378,3
27391,2
27392,0
27397,2
27402,3
27408,0
27411,2
27416,0
27420,4
27423,0
27426,3
27431,2
27432,0
27434,3
27436,4
27441,6
27447,5
27449,0
27450,1
27454,0
27455,3
27456,5
27458,2
27461,3
27469,0
27472,4
27473,2
27474,3
27475,4
27477,3
27478,0
27480,2
27482,3
27484,4
27485,2
27488,2
27491,3
27496,2
27497,1
27506,2
27509,4
27513,0
27515,0
27518,0
27523,0
27524,3
27525,2
27526,3
27528,3
27530,4
27537,0
27539,0
27544,0
27548,3
27549,2
27550,5
27555,0
27563,0
27564,0
27571,0
27573,0
27584,3
27587,0
27592,2
27595,0
27598,4
27603,2
27604,3
27606,3
27608,6
27616,0
27618,0
27620,4
27624,1
27626,0
27627,0
27631,4
27636,0
27639,1
27640,0
27641,4
27643,2
27644,4
27646,0
27647,0
27648,0
27656,3
27657,3
27658,0
27660,6
27664,0
27671,0
27674,2
27675,3
27679,4
27684,4
27685,0
27689,2
27692,1
27695,0
27699,4
27700,0
27703,4
27704,1
27706,0
27711,2
27713,5
27716,2
27717,0
27718,5
27719,4
27721,0
27722,0
27724,0
27726,4
27727,0
27728,6
27729,0
27731,6
27734,0
27735,3
27736,0
27738,6
27740,4
27741,0
27742,3
27743,0
27744,0
27746,3
27751,3
27752,3
27754,2
27758,5
27759,1
27760,4
27764,3
27765,3
27768,0
27769,4
27771,1
27772,0
27773,3
27776,4
27777,3
27778,3
27779,3
27781,2
27783,0
27784,3
27786,4
27787,6
27788,0
27790,0
27792,0
27793,1
27797,0
27798,3
27799,4
27800,6
27801,3
27802,2
27803,0
27805,4
27808,0
27811,4
27812,5
27815,0
27816,1
27820,5
27821,3
27822,0
27823,3
27824,3
27826,0
27827,2
27828,2
27829,5
27830,0
27831,2
27833,2
27834,0
27835,5
27837,3
27838,0
27839,3
27840,0
27841,0
27843,0
27846,5
27847,5
27849,4
27850,5
27851,0
27856,3
27857,0
27858,4
27862,5
27864,0
27865,3
27866,0
27869,1
27871,0
27873,5
27874,0
27875,5
27876,0
27878,5
27879,5
27881,3
27882,5
27883,4
27884,5
27888,0
27889,3
27891,0
27899,5
27904,3
27905,3
27909,2
27911,5
27912,5
27914,5
27919,5
27922,5
30659,0
30695,1
30698,4
30701,1
30707,0
30712,2
30721,1
30723,0
30742,0
30745,2
30747,4
30749,0
30764,1
30767,4
30776,0
30781,0
30783,3
30791,3
30793,0
30798,2
30803,0
30808,3
30810,0
30812,0
30816,0
30818,0
30820,0
30822,0
30825,0
30846,2
30848,0
30850,0
30854,4
30856,4
30861,3
30863,6
30867,0
30883,0
30890,4
30892,5
30894,3
30896,3
30898,0
30905,3
30942,1
30949,5
30952,1
30954,0
30970,0
30977,0
30981,0
30991,0
30994,4
30996,0
31000,0
31004,0
31011,5
31026,4
31030,0
31032,3
31035,0
31038,0
31040,4
31042,1
31045,4
31047,0
31049,3
31053,4
31060,3
31079,3
31083,4
31086,2
31090,4
31101,2
31104,0
31107,0
31109,0
31112,1
31114,0
31116,1
31123,2
31133,1
31140,4
31148,0
31150,6
31152,6
31154,0
31156,0
31158,3
31160,3
31162,0
31165,2
31184,6
31188,0
31193,6
31195,6
31201,0
31205,2
31221,2
31223,0
31225,0
31247,0
31251,0
31255,0
31258,4
31260,0
31263,0
31267,4
31270,0
31284,0
31290,3
31297,0
31309,0
31337,0
31340,4
31342,4
31347,0
31349,0
31351,2
31353,0
31359,0
31362,0
31364,2
31367,2
31374,0
31408,0
31410,1
31413,0
31420,2
31422,0
31424,3
31427,3
31429,5
31431,3
31433,4
31435,0
31437,0
31445,0
31447,6
31467,0
31469,2
31485,1
31487,0
31494,4
31502,3
31522,0
31524,0
31528,1
31535,3
31539,5
31545,2
31547,5
31549,5
31553,3
31555,6
31577,4
31584,1
31588,2
31590,2
31594,0
31598,0
31600,2
31606,4
31610,4
31613,0
31617,1
31619,4
31628,0
31636,3
31638,4
31645,0
31647,3
31649,5
31655,0
31658,0
31660,6
31664,4
31672,3
31680,4
31682,5
31685,0
31687,6
31689,5
31692,4
31694,0
31696,3
31698,6
31700,0
31702,1
31705,0
31724,4
31737,3
31742,4
31747,0
31750,0
31770,3
31785,0
31793,4
31797,4
31804,3
31807,2
31826,5
31847,0
31851,0
31854,0
31856,5
31867,3
31869,0
31878,0
31881,3
31889,4
31892,3
31894,6
31900,3
31903,0
31909,3
31915,0
31921,0
31923,0
31925,4
31930,0
31932,2
31934,1
31945,5
31948,2
31950,0
31952,2
31954,4
31956,0
31960,2
31963,0
31973,1
31975,3
31983,2
31991,0
31998,0
32002,4
32009,0
32011,3
32013,4
32015,4
32017,3
32019,0
32022,5
32025,0
32029,2
32031,6
32049,2
32056,4
32058,0
32060,3
32062,6
32074,4
32076,0
32078,3
32082,0
32084,4
32088,3
32090,4
32109,0
32116,0
32120,2
32122,4
32124,0
32126,4
32128,0
32139,0
32141,4
32149,1
32151,0
32153,6
32156,3
32158,4
32160,0
32162,0
32166,0
32168,4
32170,2
32172,4
32174,1
32179,2
32181,4
32196,2
32199,0
32203,0
32211,2
32213,3
32225,5
32230,6
32234,0
32239,3
32243,2
32250,3
32261,1
32263,3
32277,0
32280,0
32285,0
32289,0
32291,0
32294,4
32296,2
32298,0
32300,0
32302,5
32314,5
32316,0
32318,4
32325,1
32329,0
32333,0
32335,0
32342,0
32345,0
32347,1
32349,0
32352,6
32354,4
32357,2
32361,0
32369,2
32371,2
32375,0
32381,0
32383,0
32385,3
32387,0
32389,2
32392,1
32395,3
32419,0
32433,3
32440,3
32442,0
32444,0
32452,0
32460,2
32464,0
32469,2
32471,0
32478,4
32483,0
32485,4
32493,5
32497,4
32501,3
32509,0
32511,6
32515,1
32518,3
32520,0
32525,0
32535,4
32551,0
32560,3
32562,6
32567,0
32582,5
32584,0
32587,2
32589,4
32591,0
32593,1
32596,3
32598,0
32600,0
32602,0
32605,4
32617,0
32620,4
32625,0
32627,0
32632,2
32646,5
32649,1
32653,1
32655,4
32657,6
32659,4
32666,4
32668,3
32674,0
32677,1
32686,3
32689,4
32691,3
32705,0
32707,0
32716,4
32719,0
32721,1
32724,2
32728,0
32735,0
32737,0
32741,0
32743,3
32770,0
32773,4
32777,6
32779,4
32781,0
32783,2
32788,4
32792,0
32797,4
32799,4
32811,0
32825,3
32830,2
32834,0
32836,4
32840,6
32844,1
32851,5
32853,5
32860,4
32862,0
32864,0
32866,0
32875,0
32882,0
32890,0
32892,1
32898,3
32902,4
32906,0
32914,3
32917,0
32928,3
32935,3
32941,4
32943,0
32952,2
32954,0
32957,0
32959,0
32966,2
32968,4
32972,1
32974,1
32976,4
32988,0
32994,4
32999,0
33001,0
33004,0
33019,0
33021,0
33027,3
33036,3
33049,4
33051,1
33072,0
33081,1
33085,3
33090,6
33092,4
33098,1
33110,2
33113,2
33117,4
33119,0
33124,1
33126,1
33129,3
33132,2
33134,5
33136,0
33138,0
33140,4
33142,4
33145,0
33148,2
33150,0
33152,4
33154,5
33158,2
33160,4
33162,1
33164,3
33166,0
33168,0
33171,0
33188,0
33191,1
33193,1
33201,2
33229,4
33235,0
33237,0
33245,0
33247,0
33251,0
33253,0
33255,0
33261,0
33264,0
33267,0
33270,0
33288,0
33292,0
33294,6
33296,0
33310,4
33312,0
33316,1
33318,2
33321,2
33328,0
33340,0
33342,5
33358,0
33363,4
33376,3
33380,4
33389,1
33393,0
33397,4
33401,0
33410,4
33415,0
33421,0
33424,2
33426,4
33435,5
33437,3
33445,4
33451,0
33454,0
33463,6
33480,0
33487,0
33493,0
33495,0
33499,0
33507,0
33524,0
33533,4
33539,5
33555,0
33558,0
33564,0
33567,0
33573,4
33579,3
33585,0
33587,0
33592,0
33603,0
33608,5
33610,1
33615,6
33621,0
33624,2
33629,0
33639,5
33641,5
33644,3
33646,0
33649,0
33655,0
33660,0
33669,0
33672,0
33675,4
33677,5
33679,0
33681,3
33683,3
33685,0
33688,4
33709,0
33722,0
33725,0
33743,1
33750,1
33755,3
33760,0
33767,4
33779,0
33781,0
33790,0
33794,1
33799,3
33801,3
33808,0
33815,0
33817,0
33819,0
33821,0
33823,4
33826,0
33830,0
33832,4
33834,3
33836,0
33838,5
33844,4
33847,5
33852,1
33861,2
33863,4
33880,0
33893,2
33896,0
33898,0
33903,0
33905,2
33912,0
33914,2
33917,0
33919,1
33921,3
33928,5
33930,3
33933,1
33940,4
33945,1
33956,0
33958,2
33966,0
33970,2
33972,4
33974,0
33988,4
33994,3
33998,3
34002,0
34004,3
34008,4
34018,0
34026,2
34032,0
34039,0
34045,3
34048,3
34051,0
34057,3
34063,2
34065,0
34072,5
34076,2
34099,0
34111,5
34115,3
34129,0
34135,4
34138,4
34143,3
34148,0
34150,0
34153,5
34155,0
34158,4
34162,0
34164,0
34170,3
34177,3
34185,4
34189,3
34193,2
34198,0
34214,0
34216,4
34224,3
34226,1
34229,1
34231,3
34234,1
34238,2
34240,0
34246,0
34271,0
34292,3
34299,1
34306,1
34314,0
34319,3
34321,0
34323,0
34326,0
34330,3
34332,6
34334,3
34336,0
34338,5
34353,0
34359,0
34364,4
34369,0
34371,4
34375,0
34378,3
34405,0
34411,5
34416,5
34426,4
34435,6
34437,0
34450,2
34464,4
34466,0
34469,0
34473,0
34482,0
34488,2
34499,0
34505,3
34511,3
34517,0
34520,0
34523,0
34526,3
34528,0
34530,0
34532,3
34534,2
34536,1
34538,0
34540,0
34542,5
34548,0
34552,0
34579,0
34583,2
34608,0
34624,0
34643,0
34645,3
34648,3
34696,2
34767,5
34800,0
34811,2
35008,4
35015,0
35050,1
35082,0
35331,2
35347,6
35386,5
35629,0
35636,0
35640,4
35681,0
35738,0
35807,0
35826,4
35828,0
35836,0
35843,3
35853,6
35906,3
35957,3
36046,3
36056,1
36083,3
36086,0
36152,0
36247,4
36264,0
36276,0
36286,4
36289,6
36312,1
36326,3
36363,0
36373,4
36392,3
36397,6
36401,0
36405,1
36426,3
36436,4
36462,4
36477,0
36509,3
36511,0
36513,0
36517,0
36519,2
36523,0
36525,0
36527,0
36529,0
36531,3
36533,3
36535,0
36537,0
36539,4
36541,3
36543,4
36545,4
36553,1
36576,4
36630,4
36683,4
36711,6
36752,0
36799,1
36816,4
36850,2
36883,2
36902,0
37058,4
37113,4
37211,1
37240,5
37257,1
37269,1
37277,0
37287,0
37335,2
37375,0
37380,3
37382,2
37384,0
37386,3
37475,0
37477,2
37495,3
37545,0
37626,0
37653,4
37663,2
37683,0
37720,2
37727,3
37729,6
37731,2
37733,3
37736,0
37739,0
37741,0
37744,1
37785,2
37824,2
37830,6
37837,0
37844,4
37846,4
37853,2
37855,0
37857,0
37949,4
37955,0
37957,0
37960,4
37976,0
37982,3
38001,4
38004,0
38036,0
38038,6
38046,3
38061,0
38086,3
38095,2
38097,3
38159,0
38164,0
38188,2
38198,5
38294,3
38304,5
38320,0
38376,4
38384,0
38388,0
38435,4
38473,5
38538,0
38583,0
38600,0
38656,0
38701,1
38713,2
38798,0
38839,4
38843,1
38849,4
38867,2
38881,3
38884,0
38886,0
38992,0
38994,0
39048,4
39075,0
39183,0
39231,0
39234,0
39244,0
39292,2
39305,4
39307,0
39364,1
39369,2
39381,1
39390,0
39394,0
39398,0
39400,3
39402,0
39408,0
39410,5
39412,4
39414,0
39416,0
39419,0
39421,0
39425,5
39427,0
39429,3
39435,1
39439,4
39441,5
39444,0
39446,3
39449,0
39474,0
39481,0
39516,4
39524,5
39529,6
39615,4
39625,1
39659,0
39703,2
39731,0
39740,3
39768,1
39777,3
39779,3
39786,3
39796,3
39801,3
39818,0
39824,0
39857,2
39869,0
39876,6
39886,0
39896,2
39931,3
39934,1
39941,0
40010,0
40015,4
40033,6
40111,2
40148,2
40226,3
40275,4
40278,1
40291,4
40337,0
40339,6
40342,0
40404,4
40412,2
40414,1
40422,3
40425,0
40436,4
40457,3
40467,3
40478,3
40491,0
40494,0
40559,4
40574,0
40578,0
40581,0
40583,0
40586,0
40589,4
40591,0
40597,0
40614,3
40617,3
40629,0
40699,4
40723,2
40732,3
40738,0
40752,0
40755,1
40815,3
40817,4
40819,0
40826,0
40828,0
40831,4
40833,0
40851,3
40870,0
40887,0
40898,0
40946,0
40952,0
40955,0
40959,2
40962,0
40964,2
40966,0
40969,5
40973,1
40988,1
41014,3
41025,0
41058,0
41094,4
41126,2
41130,0
41136,2
41212,5
41226,0
41285,0
41336,0
41353,4
41402,4
41411,3
41425,0
41434,5
41499,0
41518,5
41523,1
41527,2
41564,4
41566,3
41569,0
41571,0
41573,0
41575,0
41585,2
41596,4
41602,5
41617,2
41627,0
41644,3
41650,0
41688,0
41691,1
41699,0
41704,3
41706,0
41712,0
41714,0
41716,0
41721,0
41724,5
41753,3
41762,2
41767,0
41769,0
41792,2
41810,4
41812,4
41815,0
41820,4
41822,2
41824,1
41828,1
41831,1
41863,2
41880,2
41889,0
41912,0
41914,3
41941,2
41974,3
41997,3
42002,0
42004,0
42007,0
42009,0
42011,0
42013,0
42015,0
42018,0
42021,0
42053,0
42094,3
42150,4
42152,2
42163,5
42172,0
42176,3
42189,2
42197,2
42208,4
42213,0
42217,0
42285,3
42312,0
42335,4
42385,2
42413,3
42418,0
42491,4
42518,0
42543,6
42546,0
42548,4
42550,0
42553,0
42556,1
42559,3
42584,0
42591,5
42602,5
42629,0
42632,2
42634,0
42636,4
42638,0
42661,1
42677,5
42679,3
42681,1
42698,0
42705,2
42710,2
42718,3
42721,0
42723,3
42725,0
42728,0
42730,0
42732,0
42734,6
42736,4
42738,3
42740,0
42761,6
42763,0
42783,0
42794,2
42856,3
42886,0
42900,2
42935,0
42938,2
42943,1
42946,0
42952,3
42956,3
42958,0
42973,4
42984,2
43007,2
43009,3
43011,3
43014,3
43022,3
43039,0
43081,3
43177,2
43244,4
43248,2
43260,3
43267,0
43269,4
43289,0
43292,2
43333,0
43351,4
43376,1
43383,3
43389,4
43391,0
43396,0
43415,2
43419,1
43444,2
43460,0
43482,1
43497,0
43518,5
43538,2
43549,2
43552,0
43556,0
43558,2
43560,0
43567,0
43571,5
43589,3
43608,3
43624,4
43626,3
43628,0
43631,0
43633,0
43635,0
43652,5
43675,2
43677,1
43679,3
43682,0
43684,0
43699,1
43708,5
43710,0
43727,2
43732,4
43744,0
43762,2
43801,4
43803,2
43813,1
43822,1
43828,4
43832,3
43836,2
43838,0
43853,2
43869,0
43871,2
43883,0
43892,4
43897,5
43899,0
43904,3
43906,3
43908,0
43910,5
43912,0
43914,0
43917,0
43919,0
43921,2
43923,0
43926,6
43928,3
43930,0
43932,3
43934,5
43936,2
43967,4
43971,3
43983,2
43987,0
43997,5
44004,0
44022,6
44041,1
44058,2
44073,0
44100,0
44115,0
44124,0
44153,5
44155,3
44161,1
44168,1
44187,4
44189,0
44191,3
44193,0
44195,0
44197,2
44199,2
44204,0
44225,6
44234,3
44238,3
44241,3
44243,3
44253,0
44255,2
44295,0
44301,2
44317,4
44392,2
44397,0
44399,0
44421,5
44427,2
44494,4
44511,5
44555,0
44568,1
44571,4
44582,2
44585,2
44587,1
44590,3
44595,0
44597,2
44601,1
44611,2
44613,0
44628,4
44633,5
44653,2
44655,1
44657,0
44663,0
44665,2
44671,3
44674,5
44685,5
44694,0
44703,5
44709,0
44719,4
44729,0
44731,3
44752,1
44759,2
44761,2
44763,6
44777,3
44779,3
44788,5
44800,3
44815,4
44825,3
44828,0
44840,0
44844,4
44849,6
44851,4
44856,0
44861,0
44864,0
44881,3
44889,0
44892,2
44900,4
44903,3
44911,3
44929,0
44931,4
44937,2
44943,5
44947,0
44949,0
44966,4
44972,0
44974,0
45000,0
45003,3
45028,0
45030,2
45036,0
45038,6
45047,4
45062,2
45068,3
45072,2
45074,6
45079,0
45081,3
45100,0
45106,0
45134,4
45137,3
45170,0
45172,3
45175,0
45179,2
45183,2
45186,0
45188,0
45192,0
45194,0
45208,0
45210,2
45221,0
45224,2
45259,0
45303,4
45329,1
45335,0
45361,3
45382,0
45412,0
45431,6
45440,0
45442,3
45447,3
45499,3
45501,0
45503,0
45506,0
45508,0
45512,0
45517,6
45521,0
45525,0
45527,0
45533,6
45537,1
45550,2
45578,4
45581,4
45611,1
45635,0
45642,0
45648,4
45652,0
45656,0
45658,0
45662,3
45664,0
45666,0
45668,0
45672,0
45679,2
45689,4
45691,0
45707,2
45720,0
45722,0
45726,0
45728,0
45730,0
45732,0
45756,4
45758,2
45761,3
45837,5
45845,4
45852,3
45880,0
45891,2
45899,1
45928,5
45940,0
45942,0
45950,5
45952,0
45969,0
45987,5
45991,0
45994,4
46008,0
46034,3
46062,0
46065,4
46083,4
46098,5
46108,0
46115,2
46154,4
46194,0
46199,0
46201,4
46231,0
46258,2
46311,4
46318,0
46322,3
46325,4
46331,0
46335,2
46337,6
46347,5
46363,4
46367,2
46372,2
46409,0
46430,2
46441,3
46457,1
46500,1
46525,0
46530,3
46544,4
46559,1
46561,5
46572,0
46574,0
46578,0
46581,0
46588,5
46595,4
46604,2
46613,3
46627,3
46634,0
46640,0
46653,1
46664,2
46713,2
46716,2
46723,0
46748,0
46753,4
46765,0
46770,6
46772,0
46788,3
46790,4
46803,0
46808,3
46839,0
46848,0
46850,5
46855,1
46862,0
46865,0
46869,0
46880,0
46901,1
46910,6
46912,0
46915,2
46919,0
46925,0
46929,2
46948,6
46952,0
46954,4
46957,4
46959,0
46961,0
46965,3
46967,0
46970,0
46972,0
46974,0
46976,0
46979,4
47005,0
47007,0
47044,2
47047,0
47049,2
47054,2
47063,4
47076,4
47084,0
47092,2
47099,0
47117,1
47122,0
47124,6
47129,4
47131,4
47135,4
47146,2
47148,0
47150,0
47152,0
47165,5
47180,2
47196,1
47200,3
47202,0
47221,5
47237,5
47239,0
47248,2
47250,2
47254,2
47261,3
47264,6
47274,0
47277,2
47285,0
47287,3
47306,2
47330,2
47342,2
47356,3
47382,0
47384,0
47394,2
47397,0
47404,6
47423,0
47446,3
47452,0
47455,3
47458,3
47460,3
47465,0
47477,0
47482,2
47484,0
47491,0
47493,0
47501,0
47503,0
47516,4
47518,0
47525,0
47538,2
47561,4
47566,2
47571,0
47601,1
47606,6
47610,0
47615,0
47619,0
47626,0
47629,0
47634,2
47640,0
47642,0
47644,0
47646,0
47665,2
47670,0
47681,3
47701,0
47707,4
47714,0
47719,0
47721,0
47723,1
47725,0
47728,2
47736,0
47740,1
47774,0
47778,0
47793,0
47805,6
47808,0
47810,3
47815,3
47830,2
47836,5
47868,6
47894,1
47902,1
47904,0
47907,1
47918,1
47927,0
47931,2
47935,1
47937,0
47940,0
47950,2
47952,3
47956,1
47962,4
47970,0
47972,4
47976,0
47978,0
47980,3
47997,0
47999,5
48001,0
48030,1
48032,1
48035,2
48043,0
48045,0
48049,2
48057,1
48059,6
48061,6
48067,1
48082,0
48084,0
48093,2
48098,3
48123,1
48127,4
48142,3
48159,6
48161,0
48165,0
48167,0
48177,0
48193,0
48198,0
48214,0
48229,2
48231,0
48239,2
48242,1
48262,5
48264,0
48268,4
48299,2
48301,0
48304,0
48308,4
48315,0
48319,1
48322,5
48326,0
48342,0
48374,4
48381,1
48385,0
48389,5
48394,0
48407,1
48412,3
48414,6
48416,2
48458,0
48501,3
48516,2
48518,3
48520,0
48522,6
48528,3
48530,0
48536,0
48543,2
48555,3
48560,0
48567,2
48575,2
48584,0
48591,3
48593,0
48596,3
48598,0
48600,0
48626,5
48638,0
48642,1
48647,5
48649,1
48660,0
48673,0
48678,3
48682,0
48696,0
48698,5
48700,0
48704,0
48711,0
48713,5
48715,0
48738,0
48741,5
48744,0
48770,2
48774,3
48780,0
48783,1
48791,0
48817,4
48825,1
48833,3
48851,0
48856,0
48863,3
48872,2
48877,2
48879,3
48883,2
48895,4
48899,4
48901,6
48909,3
48957,1
48970,0
48972,6
48982,6
48997,0
49007,0
49013,0
49035,0
49037,0
49050,0
49060,0
49063,5
49079,0
49082,1
49085,0
49098,0
49110,3
49115,4
49130,0
49132,5
49183,3
49200,0
49205,3
49220,0
49225,5
49263,1
49265,5
49272,3
49274,6
49276,0
49278,0
49280,0
49282,0
49284,0
49286,0
49291,2
49299,0
49312,0
49314,2
49330,2
49347,0
49355,0
49359,3
49371,0
49379,2
49389,1
49394,0
49396,0
49402,4
49412,2
49422,2
49435,3
49464,0
49494,1
49518,5
49524,0
49526,0
49528,3
49530,1
49571,0
49591,3
49593,3
49615,2
49642,4
49644,4
49647,0
49649,3
49651,0
49663,4
49666,0
49668,0
49688,1
49691,4
49735,0
49739,4
49746,1
49752,0
49754,0
49757,4
49759,6
49766,1
49769,0
49772,0
49793,0
49815,1
49817,6
49822,0
49824,0
49856,0
49872,3
49899,5
49902,0
49910,0
49917,5
49926,4
49929,0
49932,0
49951,3
49953,0
49955,4
49957,0
49961,0
49973,3
49985,2
49994,0
50003,3
50005,0
50011,0
50059,0
50064,3
50066,0
50068,1
50076,0
50147,3
50149,6
50151,1
50153,2
50158,0
50160,0
50162,3
50165,2
50183,0
50208,4
50229,0
50253,0
50259,0
50271,1
50274,0
50279,4
50347,2
50349,0
50354,0
50356,0
50379,4
50382,4
50440,3
50442,2
50445,3
50447,2
50477,0
50488,4
50514,0
50517,0
50533,5
50541,4
50550,4
50572,0
50574,3
50583,0
50585,0
50589,4
50594,0
50601,0
50610,4
50613,3
50615,0
50628,4
50630,0
50641,0
50651,0
50658,5
50685,0
50703,5
50705,3
50740,5
50742,5
50754,0
50774,3
50792,0
50794,2
50796,0
50798,0
50800,3
50802,0
50804,3
50806,0
50821,3
50828,1
50842,0
50851,5
50858,2
50872,0
50886,3
50892,1
50898,0
50912,0
50923,0
50940,3
50944,2
50949,2
50954,0
50970,0
50977,3
51004,3
51007,1
51014,3
51019,2
51037,3
51044,0
51053,5
51060,0
51063,0
51077,3
51080,0
51082,0
51084,0
51086,3
51088,0
51091,0
51094,0
51103,4
51106,2
51111,2
51119,3
51127,5
51167,0
51174,0
51182,0
51185,2
51187,0
51194,4
51203,2
51207,3
51209,6
51246,2
51249,3
51251,3
51255,0
51265,2
51277,3
51287,0
51300,4
51302,2
51312,2
51314,0
51317,4
51321,3
51341,4
51354,4
51357,2
51372,0
51380,0
51402,4
51412,3
51418,0
51433,4
51455,5
51457,5
51471,0
51486,2
51498,3
51503,2
51520,0
51528,2
51535,2
51540,3
51545,3
51559,0
51573,0
51575,0
51577,3
51579,4
51605,3
51617,0
51619,3
51638,1
51660,0
51662,1
51666,3
51678,0
51686,0
51689,4
51691,4
51694,0
51698,3
51705,0
51709,0
51773,0
51800,1
51809,4
51817,2
51820,0
51834,0
51847,3
51857,0
51884,0
51886,4
51891,3
51894,1
51903,0
51905,4
51911,2
51917,3
51921,3
51925,3
51927,3
51931,0
51933,0
51935,3
51937,3
51939,6
51991,0
52005,2
52009,2
52016,1
52033,2
52037,0
52042,1
52078,4
52088,0
52101,0
52104,0
52106,4
52108,4
52118,2
52153,0
52170,0
52173,0
52180,2
52182,3
52189,0
52202,2
52227,0
52237,0
52241,2
52245,0
52265,5
52273,2
52279,0
52281,3
52283,3
52285,3
52287,6
52299,5
52319,1
52321,1
52326,0
52328,3
52352,0
52356,0
52365,4
52375,2
52378,2
52413,1
52418,3
52424,0
52427,0
52435,0
52443,6
52448,0
52456,2
52458,0
52460,1
52462,6
52489,0
52495,2
52528,0
52545,0
52548,3
52551,3
52561,0
52570,5
52572,3
52579,0
52581,4
52589,0
52591,2
52604,2
52606,0
52617,4
52634,4
52644,3
52666,0
52668,0
52690,3
52694,0
52696,4
52709,4
52712,2
52715,4
52717,2
52722,3
52724,0
52730,4
52742,1
52767,5
52773,0
52781,4
52784,5
52796,4
52804,4
52806,0
52813,2
52831,2
52838,0
52845,3
52858,0
52865,0
52867,0
52872,4
52885,6
52891,0
52913,0
52922,1
52927,0
52929,0
52938,6
52942,4
52950,3
52952,0
52956,2
52967,0
52973,0
52975,0
52980,5
53000,3
53002,0
53004,3
53022,2
53024,5
53038,0
53052,5
53066,2
53084,3
53121,6
53123,0
53125,0
53127,3
53129,2
53131,3
53133,4
53138,3
53140,0
53143,3
53152,3
53154,5
53161,0
53187,4
53189,0
53207,2
53226,1
53282,2
53318,0
53322,0
53326,3
53342,1
53349,1
53352,3
53355,0
53370,3
53373,3
53375,3
53379,3
53382,0
53406,0
53416,2
53435,2
53443,0
53447,0
53450,4
53453,3
53460,6
53464,3
53466,2
53468,3
53476,0
53498,5
53519,3
53548,3
53550,1
53554,0
53561,4
53569,0
53574,0
53578,0
53582,1
53592,0
53600,4
53651,4
53737,2
53741,4
53752,3
53766,2
53769,0
53774,5
53788,2
53827,0
53833,5
53835,0
53837,2
53839,5
53841,0
53843,4
53845,4
53847,4
53849,4
53851,4
53853,0
53855,1
53857,4
53859,3
53873,4
53880,0
53883,5
53885,5
53887,0
53894,5
53916,0
53919,0
53921,0
53953,3
53956,0
53963,4
53967,1
53972,3
53974,0
53988,0
53993,0
53996,3
53999,2
54001,0
54004,0
54010,0
54020,2
54049,2
54056,3
54067,2
54075,1
54094,0
54116,0
54121,1
54144,0
54171,3
54176,1
54185,5
54190,0
54193,0
54196,0
54198,4
54220,4
54229,6
54239,1
54241,0
54243,0
54248,0
54251,0
54254,4
54256,0
54259,0
54262,2
54268,0
54270,3
54272,0
54274,2
54276,0
54278,6
54281,0
54284,0
54286,3
54290,0
54318,0
54326,5
54328,0
54331,2
54341,0
54349,3
54354,5
54372,3
54378,0
54406,0
54419,5
54426,0
54445,3
54455,0
54480,0
54491,4
54493,3
54501,0
54503,0
54505,5
54510,0
54513,0
54519,0
54536,3
54542,1
54554,4
54561,3
54580,2
54605,3
54607,5
54612,0
54614,4
54617,4
54621,4
54648,2
54652,5
54686,1
54725,0
54732,0
54734,0
54736,3
54738,3
54745,0
54758,5
54768,0
54771,3
54775,3
54778,2
54780,0
54783,1
54785,3
54787,0
54796,0
54833,2
54872,1
54875,1
54878,1
54881,5
54908,3
54910,0
54922,5
54934,0
54958,2
54962,0
54964,3
54967,0
54972,2
54978,0
54986,3
54988,4
54995,3
54997,0
54999,0
55020,0
55040,0
55050,4
55052,1
55061,3
55063,0
55067,0
55069,0
55071,5
55078,0
55080,2
55094,0
55098,0
55106,0
55110,0
55112,0
55116,3
55118,2
55132,0
55147,4
55154,2
55156,5
55159,2
55167,6
55176,5
55178,0
55190,0
55205,0
55207,0
55209,2
55223,0
55226,2
55232,3
55241,0
55245,0
55247,0
55250,0
55253,0
55255,0
55257,3
55259,3
55261,0
55267,0
55269,0
55272,2
55274,0
55276,0
55278,3
55280,0
55282,3
55284,0
55286,0
55288,0
55290,0
55292,0
55294,2
55298,0
55324,0
55329,3
55343,2
55360,0
55363,1
55369,5
55373,2
55389,3
55391,2
55402,1
55406,3
55408,2
55417,0
55419,0
55434,1
55440,0
55442,6
55444,0
55451,0
55460,5
55462,3
55467,2
55469,2
55476,6
55485,0
55487,2
55489,4
55492,3
55498,0
55507,0
55512,1
55517,0
55549,5
55553,0
55555,0
55566,0
55577,3
55603,3
55620,5
55626,3
55628,3
55652,2
55659,3
55668,4
55671,0
55681,6
55684,2
55687,5
55691,0
55705,0
55713,2
55721,2
55726,0
55729,0
55732,0
55740,4
55757,0
55765,2
55768,6
55782,4
55805,2
55814,0
55820,3
55826,0
55830,0
55844,0
55851,5
55854,0
55856,6
55872,0
55875,3
55888,1
55895,2
55901,0
55908,0
55926,3
55946,1
55955,0
55995,6
55999,0
56001,0
56003,3
56006,3
56009,4
56015,2
56022,3
56028,0
56030,5
56051,4
56060,0
56067,1
56079,0
56093,2
56095,0
56098,1
56141,4
56145,3
56152,6
56156,2
56158,0
56165,3
56167,0
56169,0
56171,0
56174,3
56176,0
56274,0
56286,0
56313,0
56331,1
56333,0
56339,3
56350,1
56367,0
56370,1
56372,0
56379,5
56389,0
56432,2
56449,4
56474,0
56477,4
56479,1
56485,3
56490,5
56508,0
56511,1
56513,5
56515,5
56548,4
56551,4
56561,5
56563,5
56570,3
56574,4
56587,0
56599,5
56602,3
56607,0
56614,0
56616,0
56620,3
56626,0
56631,0
56633,2
56651,0
56671,0
56693,0
56700,2
56702,3
56715,0
56719,0
56744,2
56748,0
56757,0
56775,0
56779,0
56782,1
56786,5
56788,1
56797,1
56801,3
56805,0
56835,4
56837,0
56846,0
56848,2
56869,0
56874,4
56885,0
56888,4
56908,0
56915,0
56931,2
56941,0
56945,0
56949,0
56956,4
56959,3
56995,5
57017,0
57023,4
57027,2
57038,4
57041,3
57044,0
57069,0
57147,2
57179,0
57183,0
57209,1
57223,3
57236,4
57243,0
57269,4
57274,3
57276,2
57282,2
57291,4
57326,3
57353,2
57357,4
57368,0
57370,2
57393,2
57401,2
57418,0
57421,0
57426,4
57430,0
57432,3
57439,0
57453,0
57464,0
57468,1
57473,3
57476,1
57478,0
57480,1
57482,1
57484,1
57499,1
57502,6
57504,0
57509,0
57513,4
57520,3
57522,2
57526,2
57528,1
57530,0
57532,0
57534,3
57536,0
57538,0
57543,6
57550,0
57637,0
57640,3
57648,0
57655,0
57669,0
57690,0
57692,0
57695,2
57706,0
57709,1
57754,0
57772,3
57774,3
57776,0
57778,5
57792,0
57805,4
57811,5
57843,2
57845,5
57848,4
57854,0
57865,4
57868,0
57873,3
57910,0
57940,3
57942,4
57946,3
57949,4
57951,0
57960,0
57964,0
57970,5
57980,0
57991,1
57996,4
58003,4
58007,3
58025,3
58029,0
58033,3
58047,0
58059,0
58061,0
58078,2
58081,4
58084,5
58094,5
58103,3
58105,0
58107,0
58111,1
58120,2
58123,0
58130,2
58136,4
58146,4
58154,0
58156,0
58162,0
58174,4
58180,1
58185,5
58191,5
58207,2
58209,4
58223,0
58228,4
58246,0
58269,4
58274,0
58282,4
58287,2
58291,4
58293,3
58295,0
58297,0
58299,6
58301,3
58303,1
58306,1
58309,5
58315,0
58324,6
58332,3
58334,0
58347,0
58351,0
58365,5
58367,0
58373,3
58376,5
58379,6
58381,0
58409,6
58411,4
58418,4
58422,4
58425,5
58432,0
58434,3
58437,4
58439,0
58452,4
58485,0
58490,0
58492,0
58494,2
58509,0
58520,0
58530,4
58534,4
58554,0
58559,1
58564,0
58576,2
58578,4
58589,4
58595,0
58598,0
58610,5
58622,0
58627,3
58632,1
58641,5
58649,1
58652,6
58655,0
58661,3
58706,0
58709,0
58718,3
58722,3
58740,0
58743,1
58760,0
58774,4
58783,0
58785,4
58803,0
58806,0
58808,0
58810,4
58812,4
58816,0
58839,0
58847,4
58850,0
58870,4
58874,0
58876,1
58879,5
58881,0
58889,5
58895,4
58898,6
58904,2
58920,4
58922,4
58933,0
58937,0
58939,2
58941,4
58945,0
58964,3
58972,3
58975,3
58992,5
58994,5
58998,0
59000,0
59014,3
59016,2
59018,0
59022,0
59026,0
59031,4
59037,3
59040,3
59044,0
59053,0
59065,2
59074,4
59103,0
59105,5
59107,3
59114,0
59116,4
59118,0
59126,5
59129,3
59131,3
59136,5
59138,0
59141,0
59143,5
59154,2
59157,3
59159,3
59173,2
59178,3
59180,3
59182,3
59184,3
59188,1
59216,0
59220,0
59256,0
59258,0
59260,3
59273,4
59290,0
59295,5
59302,4
59306,3
59313,4
59315,3
59327,2
59333,0
59336,3
59339,0
59362,2
59366,4
59369,2
59376,2
59382,0
59387,0
59399,4
59404,0
59418,2
59421,0
59426,4
59435,0
59440,0
59447,4
59463,2
59465,4
59478,5
59485,5
59501,6
59519,0
59527,2
59547,4
59549,0
59590,5
59594,0
59602,0
59604,3
59607,5
59615,3
59621,2
59625,4
59641,1
59655,5
59665,1
59667,4
59669,5
59680,0
59684,5
59705,0
59709,2
59715,3
59721,0
59725,0
59727,3
59729,0
59731,5
59738,3
59753,0
59784,6
59795,5
59799,5
59801,5
59805,1
59810,0
59814,0
59832,2
59834,1
59836,3
59838,1
59840,3
59842,2
59844,2
59846,0
59850,3
59852,1
59854,1
59858,0
59861,1
59865,4
59867,2
59888,4
59893,0
59895,4
59900,0
59905,4
59908,0
59910,0
59912,2
59915,3
59922,4
59938,2
59942,0
59945,1
59947,3
59954,0
59960,1
59974,0
59976,0
59985,0
59988,0
59995,0
60007,3
60020,1
60030,0
60032,4
60037,3
60040,3
60044,0
60046,1
60059,4
60069,0
60072,3
60074,3
60086,4
60096,4
60103,2
60106,0
60110,6
60124,0
60126,0
60128,0
60133,4
60135,5
60137,5
60141,6
60145,2
60147,0
60150,2
60179,3
60183,5
60189,0
60193,4
60198,3
60201,0
60223,0
60225,1
60227,2
60229,2
60231,3
60234,2
60237,2
60240,3
60243,1
60256,4
60259,6
60284,5
60286,0
60289,0
60291,5
60293,0
60295,5
60303,3
60309,1
60311,0
60314,1
60316,1
60322,0
60333,5
60336,2
60338,3
60341,5
60343,0
60353,3
60356,4
60363,0
60376,5
60382,5
60384,5
60389,1
60391,1
60393,4
60397,0
60405,0
60408,0
60411,0
60418,0
60421,0
60436,4
60450,0
60461,0
60463,3
60469,2
60471,3
60475,4
60479,3
60482,0
60484,0
60487,6
60490,4
60494,2
60503,1
60508,1
60514,3
60516,6
60522,3
60524,0
60526,0
60530,0
60538,3
60544,4
60546,4
60551,0
60566,2
60568,3
60579,3
60585,0
60590,3
60599,0
60609,2
60616,0
60618,0
60625,1
60641,1
60647,2
60649,6
60654,0
60666,5
60684,3
60688,2
60702,3
60707,5
60728,5
60735,0
60737,0
60743,5
60745,2
60753,2
60756,0
60758,0
60760,0
60763,5
60766,5
60768,5
60803,6
60825,3
60827,4
60832,2
60857,0
60880,4
60885,3
60887,5
60894,1
60896,0
60930,4
60937,3
60939,0
60941,3
60943,0
60946,4
60948,0
60950,0
60990,0
60992,0
61004,3
61009,0
61011,2
61013,0
61018,0
61024,2
61026,1
61031,0
61035,2
61037,0
61041,2
61071,0
61073,3
61075,0
61083,4
61100,4
61110,3
61116,2
61123,0
61132,1
61136,1
61160,6
61167,0
61206,4
61210,3
61215,3
61236,5
61240,0
61246,0
61248,3
61250,0
61253,4
61255,0
61257,5
61262,3
61264,3
61267,6
61269,5
61279,0
61285,4
61289,1
61301,4
61312,0
61317,2
61319,0
61323,0
61348,0
61350,3
61352,2
61354,0
61357,5
61361,0
61373,3
61396,1
61398,3
61401,3
61406,0
61414,4
61434,1
61449,0
61451,1
61465,2
61467,4
61470,1
61473,1
61475,4
61493,3
61553,2
61560,5
61567,4
61569,4
61586,4
61628,4
61634,4
61638,3
61646,0
61678,0
61692,3
61695,4
61697,2
61705,3
61707,2
61724,0
61729,0
61742,5
61768,4
61816,0
61818,3
61862,0
61868,4
61913,5
61931,3
61934,0
61937,0
61941,0
61948,3
61950,3
61967,0
61986,1
61991,1
61994,0
62000,4
62010,1
62014,4
62049,3
62054,1
62081,3
62113,0
62115,0
62137,0
62153,0
62155,0
62157,0
62198,5
62203,3
62206,4
62208,0
62213,4
62235,0
62237,5
62245,0
62250,2
62254,0
62265,0
62277,3
62293,0
62299,3
62304,6
62334,4
62344,0
62374,3
62376,3
62378,0
62383,3
62385,1
62390,5
62394,2
62420,4
62434,0
62437,0
62439,0
62467,0
62474,1
62511,0
62514,0
62526,0
62553,0
62577,0
62586,0
62644,0
62660,4
62662,5
62669,0
62718,0
62721,3
62726,4
62729,6
62733,3
62761,4
62764,3
62781,4
62788,3
62792,2
62796,0
62799,0
62801,3
62803,3
62834,3
62836,3
62847,0
62849,0
62851,3
62912,0
62916,3
62920,4
62925,0
62953,1
62972,1
62974,0
62999,6
63001,1
63007,4
63033,0
63062,2
63072,3
63082,0
63113,3
63119,0
63121,0
63131,0
63134,1
63141,1
63179,0
63181,3
63187,1
63189,3
63194,0
63222,3
63226,4
63229,5
63237,6
63239,0
63271,1
63273,5
63276,3
63278,4
63280,1
63283,2
63310,1
63312,0
63327,4
63329,0
63332,3
63339,4
63391,3
63393,0
63433,3
63436,3
63446,0
63458,3
63468,4
63479,0
63481,0
63483,3
63515,0
63540,6
63544,1
63617,0
63629,0
63645,2
63662,3
63676,3
63688,0
63692,6
63698,0
63758,4
63760,0
63768,2
63772,4
63781,1
63788,1
63793,1
63806,3
63808,0
63810,1
63826,3
63828,5
63836,2
63840,4
63853,1
63859,6
63862,3
63876,0
63989,3
63992,0
64010,3
64030,0
64032,0
64034,1
64037,2
64099,4
64114,0
64116,6
64153,3
64167,0
64197,0
64229,0
64231,2
64234,3
64241,0
64243,4
64245,0
64249,6
64273,0
64275,4
64278,5
64280,5
64283,0
64285,0
64288,4
64321,4
64325,2
64327,2
64338,0
64365,4
64368,3
64385,5
64408,0
64410,2
64418,5
64424,0
64427,5
64497,3
64499,1
64501,1
64511,0
64517,2
64519,2
64522,0
64524,0
64548,4
64550,3
64552,4
64575,0
64614,2
64620,0
64622,0
64645,2
64650,0
64652,6
64658,2
64660,4
64695,6
64701,0
64704,4
64716,0
64750,3
64754,2
64784,4
64839,0
64845,4
64895,2
64897,0
64918,4
64921,3
64923,2
64930,0
64942,0
64944,1
64957,0
64969,0
64976,0
64979,5
64983,1
64986,0
64990,5
64993,0
64997,3
65001,5
65011,4
65025,4
65027,0
65033,5
65037,0
65051,4
65063,0
65078,4
65088,0
65091,0
65111,2
65126,0
65130,0
65133,0
65142,2
65155,0
65181,2
65188,5
65193,0
65204,3
65216,1
65225,5
65227,0
65230,0
65235,0
65238,2
65243,3
65259,0
65261,6
65263,0
65267,4
65277,1
65288,0
65290,5
65293,0
65300,3
65304,2
65310,0
65315,4
65350,2
65352,3
65357,0
65359,3
65370,1
65381,1
65400,3
65418,0
65435,6
65465,0
65468,1
65514,5
65518,3
65521,3
65538,4
65552,3
65556,1
65558,5
65567,3
65577,6
65585,0
65588,0
65596,2
65601,3
65603,4
65612,0
65614,0
65621,4
65629,1
65631,3
65633,5
65642,0
65651,3
65660,0
65665,0
65667,5
65669,4
65672,0
65682,3
65685,3
65696,1
65698,1
65702,5
65709,5
65729,2
65731,2
65738,4
65740,4
65762,4
65764,0
65770,0
65772,3
65780,0
65796,3
65802,2
65810,0
65813,3
65817,3
65845,4
65866,2
65868,0
65878,4
65882,3
65894,6
65899,0
65907,2
65909,4
65930,1
65932,1
65935,3
65939,4
65974,5
65982,3
65984,1
65986,1
66006,1
66008,4
66015,1
66019,5
66025,0
66036,4
66051,1
66053,0
66057,4
66059,2
66066,3
66068,3
66090,3
66092,5
66097,0
66105,3
66118,5
66130,0
66140,3
66152,3
66156,0
66171,3
66198,3
66200,0
66203,0
66234,2
66246,0
66250,1
66252,1
66268,2
66279,0
66282,1
66284,3
66289,2
66295,4
66304,6
66306,1
66310,3
66317,6
66320,5
66323,4
66330,0
66335,6
66337,4
66339,2
66344,4
66352,4
66365,3
66369,4
66371,0
66385,1
66389,4
66427,3
66437,4
66440,5
66491,4
66503,4
66506,4
66509,0
66511,0
66537,3
66539,3
66544,1
66547,2
66549,4
66553,2
66579,3
66584,3
66590,1
66592,3
66596,2
66618,2
66620,1
66622,4
66639,3
66655,2
66659,2
66662,4
66665,0
66667,1
66686,2
66691,2
66701,4
66718,4
66720,1
66744,0
66758,0
66762,0
66773,4
66783,0
66785,1
66789,3
66798,3
66801,5
66808,3
66813,5
66815,4
66854,4
66857,0
66859,4
66861,6
66866,3
66868,4
66870,0
66897,4
66915,6
66927,4
66932,3
66934,0
66943,2
66947,2
66977,0
66979,4
66981,1
66983,0
67009,5
67068,1
67073,3
67087,0
67096,2
67098,0
67135,2
67138,2
67140,0
67168,3
67186,3
67193,2
67197,3
67223,0
67233,4
67247,5
67252,3
67255,3
67267,0
67298,1
67300,1
67314,4
67316,5
67354,3
67356,3
67359,2
67361,3
67363,4
67365,0
67370,1
67405,3
67408,6
67420,0
67422,1
67424,2
67429,6
67457,3
67459,2
67464,2
67501,4
67504,5
67508,3
67534,0
67536,4
67603,1
67607,5
67620,0
67624,2
67657,2
67665,5
67667,2
67675,0
67695,3
67702,0
67704,4
67706,2
67734,0
67744,2
67748,0
67784,0
67788,0
67792,0
67799,0
67801,2
67803,2
67809,3
67839,1
67845,4
67847,2
67850,5
67852,5
67865,4
67867,3
67869,3
67873,4
67876,1
67878,1
67881,4
67888,4
67890,0
67892,0
67894,4
67896,1
67898,3
67900,3
67907,2
67923,2
67925,4
67927,2
67929,3
67931,3
67949,0
67957,0
67980,2
67983,4
67997,0
67999,5
68028,2
68033,2
68039,4
68044,2
68067,1
68069,1
68073,0
68099,5
68115,0
68135,0
68137,4
68153,0
68157,1
68159,2
68161,1
68163,1
68168,0
68173,0
68175,5
68177,1
68180,0
68194,0
68201,0
68205,2
68214,4
68216,4
68222,2
68226,2
68233,1
68237,3
68242,4
68254,0
68259,3
68263,0
68265,4
68269,0
68271,0
68273,5
68288,2
68314,0
68319,3
68324,0
68326,4
68329,1
68337,5
68339,5
68347,2
68349,5
68358,3
68392,0
68411,2
68442,0
68444,0
68462,4
68472,4
68474,1
68480,2
68482,2
68486,1
68489,5
68495,0
68498,0
68511,0
68515,4
68517,0
68519,3
68522,5
68524,1
68533,5
68536,5
68539,1
68541,4
68544,4
68548,2
68552,0
68554,3
68572,5
68574,1
68576,1
68590,3
68593,2
68597,3
68612,5
68614,0
68645,1
68647,1
68650,0
68653,0
68659,0
68662,4
68664,4
68667,0
68674,0
68676,5
68685,2
68690,0
68749,0
68791,3
68793,3
68831,1
68833,5
68835,0
68838,5
68848,0
68853,1
68855,1
68858,0
68865,2
68868,0
68872,1
68874,0
68884,0
68886,0
68890,0
68892,4
68897,4
68899,3
68901,0
68915,2
68919,0
68921,2
68932,0
68941,3
68943,4
68952,0
68954,0
68956,0
68959,6
68963,0
68965,0
68967,0
68974,0
68976,0
69005,0
69007,1
69027,0
69039,0
69042,3
69061,0
69069,0
69072,2
69075,0
69088,5
69095,2
69118,0
69122,0
69131,3
69134,3
69136,6
69140,2
69155,2
69159,2
69169,0
69187,0
69195,1
69199,4
69201,4
69203,2
69217,1
69219,0
69222,0
69227,4
69231,4
69233,4
69241,0
69243,0
69251,0
69253,0
69255,4
69269,0
69275,3
69278,3
69280,0
69284,0
69299,0
69302,4
69304,0
69306,2
69310,0
69324,1
69332,3
69336,4
69354,1
69356,1
69358,0
69361,2
69370,3
69372,3
69374,0
69381,2
69387,0
69394,3
69406,0
69419,3
69421,2
69429,0
69436,0
69438,4
69442,4
69444,2
69446,0
69448,0
69453,3
69458,5
69460,5
69466,0
69469,6
69475,4
69481,1
69483,0
69485,3
69487,0
69489,1
69493,2
69495,0
69498,0
69500,4
69503,0
69509,3
69516,2
69518,0
69521,1
69524,3
69526,3
69529,5
69542,0
69545,3
69552,0
69559,2
69569,4
69574,0
69604,0
69606,0
69609,0
69611,2
69626,0
69640,0
69644,6
69652,1
69654,0
69666,0
69670,3
69674,2
69677,0
69685,6
69687,0
69689,6
69699,0
69704,3
69706,5
69708,5
69712,0
69714,0
69729,0
69744,0
69746,6
69753,4
69755,1
69757,0
69761,0
69766,5
69768,0
69771,0
69773,0
69784,0
69786,5
69792,2
69800,2
69805,3
69809,3
69818,0
69821,0
69830,5
69834,4
69842,0
69844,0
69849,1
69856,4
69860,1
69864,5
69873,6
69878,5
69904,3
69906,3
69908,4
69911,1
69919,0
69926,0
69928,6
69931,4
69934,0
69945,2
69947,3
69949,2
69951,0
69953,5
69957,5
69964,1
69971,0
69979,4
69981,3
69986,0
69988,0
69995,0
70008,4
70015,2
70032,0
70046,3
70048,0
70050,3
70088,4
70093,0
70121,1
70126,5
70130,0
70133,0
70146,1
70148,1
70155,4
70157,0
70159,3
70173,4
70175,2
70181,1
70183,0
70186,0
70188,0
70197,5
70201,0
70204,2
70206,2
70208,3
70223,1
70227,3
70229,3
70235,0
70237,4
70282,6
70286,3
70293,0
70295,5
70301,2
70305,0
70312,4
70315,4
70318,3
70331,4
70334,0
70336,3
70342,1
70344,0
70355,4
70361,3
70366,0
70370,4
70372,4
70374,4
70377,2
70418,4
70421,4
70423,0
70425,4
70432,3
70439,4
70451,1
70465,2
70488,5
70490,1
70492,1
70495,3
70497,2
70500,5
70507,4
70511,1
70513,1
70517,4
70531,1
70533,6
70535,6
70537,4
70541,4
70543,0
70545,0
70549,4
70565,0
70567,0
70571,4
70587,3
70591,4
70595,0
70597,0
70599,0
70607,0
70609,3
70611,4
70629,4
70637,4
70641,0
70643,0
70649,0
70656,5
70661,4
70663,0
70670,2
70678,4
70682,4
70684,4
70687,0
70689,2
70695,3
70697,6
70703,3
70706,3
70708,0
70712,0
70722,4
70724,2
70726,4
70728,3
70730,0
70740,4
70742,5
70751,4
70762,0
70769,0
70789,0
70792,1
70795,2
70797,2
70800,5
70802,3
70804,5
70806,5
70819,2
70821,5
70824,3
70828,5
70831,5
70833,0
70837,2
70839,0
70843,0
70846,0
70849,2
70862,5
70869,0
70871,0
70877,0
70880,4
70889,0
70891,0
70898,4
70912,0
70914,3
70920,4
70924,4
70927,4
70932,0
70948,5
70958,0
70961,2
70964,5
70968,0
70970,1
70976,4
70978,0
70984,0
70992,0
70994,3
71007,3
71011,1
71014,2
71027,0
71029,5
71033,0
71047,5
71057,6
71065,4
71067,3
71094,2
71096,2
71102,3
71104,4
71106,0
71108,0
71110,4
71114,4
71116,5
71129,6
71131,5
71133,3
71135,3
71139,4
71141,2
71143,0
71147,0
71154,3
71156,0
71158,6
71164,0
71168,2
71170,0
71178,0
71180,0
71182,1
71184,5
71187,0
71189,0
71199,0
71205,0
71211,2
71216,4
71237,4
71239,3
71241,1
71243,2
71246,0
71248,0
71252,3
71254,3
71264,6
71268,0
71276,4
71278,6
71280,2
71282,5
71285,0
71300,4
71302,3
71304,3
71318,6
71322,0
71325,0
71327,0
71341,3
71343,2
71348,2
71350,2
71355,4
71357,4
71361,2
71363,4
71372,0
71374,0
71376,3
71379,3
71382,0
71384,4
71386,4
71390,5
71402,0
71404,6
71409,2
71413,0
71416,0
71418,0
71426,3
71429,0
71433,1
71438,0
71442,0
71444,0
71446,0
71448,0
71450,5
71453,5
71458,1
71460,4
71462,5
71464,0
71466,0
71472,0
71482,3
71484,0
71488,3
71490,3
71494,3
71497,1
71500,3
71518,0
71520,0
71522,1
71525,4
71530,3
71533,2
71535,0
71537,0
71542,5
71545,0
71550,0
71558,0
71560,0
71571,3
71573,2
71575,0
71579,0
71591,6
71606,4
71619,0
71634,0
71638,0
71640,5
71650,5
71664,4
71668,0
71670,0
71675,4
71677,0
71685,4
71688,0
71691,3
71693,0
71695,2
71697,0
71700,3
71702,4
71705,4
71707,6
71709,4
71717,1
71719,0
71730,5
71732,3
71736,0
71738,2
71740,6
71743,0
71745,3
71748,0
71750,4
71755,0
71760,4
71762,5
71779,1
71792,0
71795,2
71804,0
71806,4
71808,3
71817,5
71821,4
71823,0
71838,0
71840,0
71851,3
71865,0
71867,0
71876,0
71878,3
71888,0
71902,0
71910,3
71926,0
71928,0
71931,1
71933,1
71936,0
71938,1
71940,0
71942,0
71970,0
71973,4
71976,4
71978,0
71980,0
71986,5
71989,4
71991,0
71999,3
72001,4
72011,0
72013,0
72016,5
72018,5
72022,4
72027,1
72030,5
72032,5
72035,6
72037,6
72039,4
72041,3
72043,6
72045,2
72090,2
72092,3
72094,4
72096,4
72102,6
72104,6
72113,0
72117,0
72124,4
72129,2
72131,5
72153,0
72156,4
72159,0
72161,2
72163,1
72165,3
72167,2
72169,5
72171,0
72176,2
72178,1
72204,3
72209,6
72212,0
72216,4
72224,0
72226,2
72228,0
72235,4
72249,0
72258,2
72261,6
72263,4
72265,0
72267,4
72273,4
72276,4
72281,4
72283,1
72287,0
72290,1
72292,0
72294,6
72298,1
72302,1
72304,5
72310,4
72315,1
72321,5
72325,4
72327,2
72330,0
72332,6
72334,5
72336,4
72340,4
72342,4
72344,0
72356,6
72360,6
72363,4
72369,3
72378,3
72380,3
72386,0
72388,4
72391,4
72393,3
72395,0
72400,2
72405,2
72407,3
72479,1
72485,0
72489,2
72491,2
72512,4
72514,4
72516,4
72524,5
72552,0
72557,3
72559,4
72571,3
72583,0
72585,0
72587,4
72589,4
72591,3
72601,6
72603,6
72605,1
72607,4
72609,5
72612,6
72618,4
72621,6
72624,0
72626,1
72628,3
72630,3
72632,4
72637,6
72641,3
72643,4
72645,5
72647,4
72649,4
72651,4
72653,4
72657,1
72672,3
72674,4
72678,4
72681,1
72683,0
72692,6
72694,0
72696,0
72701,6
72703,0
72712,5
72718,0
72720,0
72726,0
72731,3
72733,0
72735,1
72737,0
72741,0
72751,1
72762,3
72764,0
72777,0
72781,5
72784,3
72787,3
72822,4
72833,0
72840,3
72842,3
72844,1
72846,4
72848,4
72850,4
72852,2
72854,4
72856,2
72866,0
72870,4
72872,2
72874,3
72876,0
72878,4
72880,4
72883,0
72885,4
72897,0
72899,0
72901,4
72904,0
72906,4
72908,4
72910,4
72913,5
72915,6
72919,0
72921,4
72923,3
72927,6
72931,6
72934,4
72936,4
72947,0
72949,0
72953,4
72958,3
72960,4
72980,0
72995,2
72998,0
73000,0
73010,4
73015,0
73017,3
73023,0
73027,0
73031,4
73042,6
73049,2
73051,0
73060,4
73064,0
73086,2
73089,0
73099,4
73101,0
73109,4
73111,1
73114,1
73117,0
73125,0
73133,5
73135,0
73137,2
73139,3
73141,5
73143,5
73145,4
73152,4
73154,0
73158,1
73160,3
73165,3
73168,3
73170,4
73183,2
73185,2
73188,0
73194,4
73196,4
73198,5
73200,4
73202,4
73204,4
73208,0
73211,0
73226,5
73232,0
73240,4
73245,0
73256,3
73261,0
73266,0
73268,3
73270,4
73276,5
73290,0
73317,1
73319,0
73321,3
73323,3
73328,4
73330,2
73334,0
73339,4
73344,2
73355,4
73359,4
73370,4
73386,2
73390,6
73392,5
73399,4
73401,0
73413,0
73416,4
73447,4
73449,0
73453,5
73457,4
73460,5
73462,4
73469,5
73472,5
73475,4
73480,2
73488,3
73492,4
73494,0
73499,3
73501,4
73504,4
73511,2
73513,0
73515,0
73523,0
73526,4
73529,4
73531,4
73533,4
73569,2
73572,3
73581,4
73587,0
73590,0
73608,0
73614,2
73630,0
73641,3
73664,6
73668,4
73678,4
73681,0
73708,1
73710,5
73713,0
73718,0
73730,2
73741,2
73744,4
73754,5
73772,0
73774,4
73776,4
73778,0
73780,4
73782,4
73790,2
73804,4
73808,2
73813,1
73818,4
73820,0
73822,0
73824,0
73826,0
73829,3
73831,4
73851,4
73854,6
73858,0
73860,0
73862,5
73868,5
73870,3
73872,5
73879,6
73881,0
73885,3
73900,0
73912,4
73914,3
73919,4
73929,3
73954,1
73967,0
73978,1
73981,2
73983,0
73987,1
73989,3
74014,0
74017,4
74056,5
74061,3
74064,3
74089,0
74095,6
74097,1
74099,1
74107,4
74109,0
74111,1
74113,1
74115,6
74127,3
74129,0
74131,0
74135,4
74137,4
74139,1
74141,4
74144,0
74148,5
74150,0
74152,5
74154,0
74156,0
74159,3
74161,2
74164,2
74204,2
74226,5
74228,3
74230,1
74255,3
74257,3
74261,1
74263,0
74266,0
74271,6
74275,0
74284,4
74287,1
74297,4
74300,4
74302,3
74306,0
74310,0
74317,5
74327,0
74330,6
74332,4
74337,4
74339,4
74342,1
74355,2
74370,3
74382,2
74404,1
74406,1
74416,0
74426,0
74428,4
74431,0
74434,2
74436,3
74438,0
74446,2
74448,3
74450,0
74452,3
74456,3
74458,3
74473,2
74475,3
74478,4
74480,4
74484,2
74486,6
74488,0
74493,3
74504,0
74508,0
74510,3
74512,5
74530,3
74532,2
74538,0
74541,0
74545,3
74547,1
74553,6
74573,0
74575,1
74580,6
74582,0
74588,2
74590,2
74595,4
74613,2
74619,3
74621,4
74624,0
74630,6
74641,2
74647,4
74649,0
74653,2
74668,3
74675,4
74677,5
74679,5
74681,4
74683,0
74685,3
74688,0
74696,5
74698,0
74701,5
74706,1
74727,2
74731,3
74733,2
74738,3
74740,3
74748,1
74750,3
74754,0
74787,0
74789,3
74791,6
74795,1
74799,1
74818,2
74820,0
74827,2
74851,2
74857,3
74859,0
74864,0
74868,3
74870,0
74886,1
74916,0
74937,3
74944,2
74946,0
74948,2
74967,0
75335,4
75341,0
75345,4
75349,3
75351,3
75362,3
75367,2
75370,1
75386,3
75389,1
75392,2
75395,0
75397,0
75402,4
75404,0
75406,5
75414,0
75423,0
75425,3
75428,0
75434,4
75436,0
75443,2
75446,0
75803,0
75805,0
75808,2
75813,2
75816,0
75820,2
75823,1
75825,2
75831,0
75927,3
75929,3
75938,1
75940,0
75947,5
75950,4
75962,0
75977,2
75979,2
75981,0
75983,0
75985,3
75990,0
75992,0
75994,1
76022,0
76030,3
76049,5
76051,2
76054,5
76056,2
76060,0
76063,3
76066,3
76077,0
76079,0
76082,3
76085,0
76087,2
76089,0
76091,2
76093,6
76108,6
76111,0
76117,3
76119,0
76127,6
76130,3
76132,2
76134,2
76137,5
76143,0
76145,2
76147,4
76149,4
76151,5
76156,4
76158,0
76160,2
76163,4
76169,2
76171,0
76173,0
76175,3
76185,4
76187,0
76208,3
76210,2
76217,4
76238,3
76241,3
76244,1
76251,0
76255,2
76258,2
76269,4
76272,2
76277,1
76279,0
76288,5
76291,4
76293,0
76298,3
76303,3
76312,2
76317,0
76533,4
76680,4
76692,0
76695,1
76699,5
76709,6
76714,0
76716,3
76720,0
76722,1
76729,3
76731,5
76736,3
76738,5
76743,3
76747,4
76751,5
76753,3
76758,0
76763,0
76770,5
76772,3
76776,0
76778,2
76808,4
76811,3
76814,3
76816,4
76818,4
76823,3
76827,0
76832,3
76836,4
76860,3
76862,4
76864,4
76866,5
76873,2
77141,1
77143,1
77146,2
77149,6
77154,5
77156,0
77162,0
77177,5
77181,5
77184,2
77189,1
77191,0
77201,1
77204,0
77206,0
77208,2
77210,4
77212,2
77217,0
77223,4
77229,3
77233,5
77238,1
77240,0
77259,3
77264,4
77266,0
77291,0
77293,2
77296,4
77298,4
77307,0
77312,0
77316,1
77318,3
77326,3
77328,2
77330,2
77332,4
77336,3
77339,3
77344,0
77353,0
77355,3
77357,5
77359,2
77362,4
77364,3
77414,0
77416,2
77421,0
77427,3
77433,0
77435,1
77444,2
77449,3
77451,1
77455,5
77463,4
77479,5
77481,3
77491,0
77493,3
77496,2
77509,0
77517,1
77540,3
77550,0
77561,3
77596,1
77613,2
77615,2
77629,5
77665,0
77667,0
77672,2
77680,1
77682,3
77688,4
77707,4
77709,6
77711,4
77715,4
77719,0
77721,1
77729,2
77731,2
77736,2
77738,3
77742,4
77744,2
77770,3
77772,0
77774,5
77776,1
77778,1
77780,0
77783,0
77788,0
77795,3
77798,3
77800,0
77804,1
77808,0
77810,0
77816,5
77818,1
77820,4
77829,5
77831,4
77833,5
77835,1
77837,0
77841,3
77843,3
77846,2
77854,5
77866,1
77875,0
77881,4
77883,4
77891,0
77893,3
77896,3
77899,0
77907,5
77910,3
77917,0
77919,0
77921,0
77941,3
77944,5
77947,0
77951,0
77966,5
77968,5
77979,1
77981,0
77983,1
77985,4
77990,4
78000,4
78003,2
78006,4
78009,6
78011,0
78014,1
78016,4
78019,1
78032,3
78034,0
78037,5
78039,0
78041,0
78043,4
78045,4
78049,4
78054,2
78057,3
78059,4
78062,3
78064,5
78068,1
78071,0
78073,4
78081,0
78084,3
78088,3
78090,5
78093,2
78095,0
78097,3
78099,3
78101,5
78103,1
78105,6
78111,0
78116,0
78122,6
78124,0
78128,3
78130,3
78132,3
78140,5
78142,1
78145,0
78157,3
78168,4
78170,0
78174,0
78181,1
78184,6
78186,2
78192,4
78201,4
78207,0
78209,0
78211,3
78218,3
78222,4
78224,0
78235,3
78245,0
78247,6
78249,4
78251,0
78264,0
78266,3
78268,4
78270,0
78272,0
78276,0
78278,0
78290,4
78295,0
78308,4
78313,2
78316,0
78329,4
78332,0
78335,0
78337,0
78340,4
78342,0
78344,0
78349,3
78358,0
78360,4
78366,4
78370,0
78376,0
78379,5
78381,4
78405,0
78408,0
78410,0
78413,4
78416,6
78418,0
78420,2
78422,0
78438,2
78442,4
78445,1
78459,5
78461,3
78463,4
78465,0
78467,1
78469,0
78483,4
78488,4
78490,0
78499,6
78517,5
78519,0
78528,2
78534,0
78536,4
78557,4
78559,4
78574,3
78579,3
78583,4
78585,4
78606,3
78612,0
78614,4
78618,3
78620,1
78626,3
78629,0
78633,5
78635,1
78637,6
78640,4
78642,2
78646,2
78649,5
78651,1
78653,4
78658,4
78666,4
78677,4
78679,1
78681,3
78684,4
78690,1
78698,2
78701,0
78703,0
78713,0
78715,0
78717,5
78719,4
78721,0
78723,0
78727,2
78729,2
78737,3
78739,1
78742,0
78746,5
78748,5
78757,0
78759,0
78765,0
78772,0
78774,0
78776,4
78827,4
78829,5
78832,1
78834,4
78836,0
78838,3
78856,5
78858,4
78860,0
78871,3
78873,2
78885,4
78893,3
78895,0
78898,1
78903,3
78905,2
78909,4
78913,4
78916,0
78919,4
78921,0
78934,4
78941,4
78944,5
78946,0
78951,4
78955,0
78957,0
78959,0
78961,3
78967,3
78974,4
78976,5
78978,0
78980,2
78982,2
78984,2
78986,0
78991,4
78993,0
79003,0
79006,5
79010,4
79022,4
79029,5
79035,0
79038,2
79043,4
79045,5
79057,3
79060,3
79063,4
79065,4
79067,4
79073,5
79077,4
79081,3
79083,0
79091,6
79094,1
79104,4
79106,4
79109,1
79111,2
79124,1
79127,0
79132,3
79134,0
79136,4
79139,6
79163,4
79166,3
79185,0
79187,4
79191,0
79195,4
79197,1
79203,3
79207,2
79213,2
79222,2
79224,3
79226,0
79228,2
79230,0
79232,4
79234,4
79236,4
79238,3
79242,0
79244,4
79247,3
79249,3
79251,3
79254,0
79259,0
79276,4
79278,4
79285,4
79287,0
79293,3
79299,2
79303,4
79318,5
79321,2
79327,0
79329,5
79333,2
79335,4
79337,0
79339,4
79346,5
79357,0
79363,4
79368,0
79388,1
79395,0
79397,0
79402,4
79424,3
79428,0
79430,5
79458,4
79461,4
79463,4
79467,4
79469,4
79471,0
79473,4
79475,4
79477,0
79494,4
79496,2
79498,2
79501,2
79505,0
79507,3
79515,4
79519,3
79521,0
79523,2
79525,2
79528,0
79533,6
79539,4
79541,0
79543,4
79545,3
79547,3
79551,2
79553,3
79561,3
79568,4
79570,5
79572,0
79575,4
79578,0
79580,1
79588,0
79590,4
79592,0
79596,2
79599,0
79601,4
79603,4
79607,3
79610,4
79617,3
79627,2
79633,0
79636,4
79638,4
79642,4
79644,1
79647,2
79651,0
79653,1
79656,0
79663,1
79667,4
79681,1
79684,0
79686,5
79692,4
79695,3
79702,0
79709,4
79711,0
79718,0
79720,2
79723,0
79725,5
79731,1
79736,3
79739,5
79741,5
79760,5
79765,3
79767,4
79769,2
79771,1
79773,4
79775,4
79794,3
79796,1
79798,0
79800,0
79802,4
79805,4
79807,4
79809,0
79824,5
79828,0
79830,1
79832,0
79835,4
79838,0
79842,5
79844,1
79846,3
79848,0
79850,5
79855,6
79860,3
79863,3
79866,5
79868,3
79870,5
79872,2
79874,2
79879,3
79884,4
79895,3
79897,0
79899,5
79901,5
79910,4
79912,3
79914,4
79916,2
79918,0
79920,0
79923,0
79925,3
79927,2
79929,3
79936,3
79946,0
79953,4
79955,0
79972,4
79974,4
79977,0
79980,4
79987,0
79994,0
79996,2
80004,4
80020,0
80022,0
80026,3
80033,3
80044,0
80049,4
80052,4
80054,5
80072,2
80074,4
80076,0
80083,6
80086,3
80094,3
80097,3
80100,4
80102,0
80104,5
80107,0
80109,4
80111,0
80122,0
80124,2
80126,0
80129,4
80132,1
80135,4
80137,5
80141,6
80144,0
80146,2
80152,0
80154,3
80160,6
80162,3
80166,0
80179,3
80181,6
80183,3
80185,5
80189,3
80191,1
80193,5
80195,5
80204,5
80206,3
80208,5
80210,5
80214,4
80219,2
80222,0
80224,2
80226,4
80230,5
80233,3
80235,1
80241,0
80243,5
80258,0
80260,0
80264,1
80267,0
80269,3
80271,2
80281,5
80283,0
80285,0
80288,2
80290,0
80292,0
80295,3
80311,1
80313,1
80315,2
80321,1
80328,5
80337,5
80339,0
80344,1
80346,4
80348,1
80350,0
80352,4
80354,4
80358,4
80361,4
80363,3
80368,2
80374,0
80376,4
80398,2
80400,2
80402,4
80405,3
80408,3
80417,3
80419,4
80421,0
80424,1
80428,0
80430,4
80432,0
80442,4
80444,4
80447,3
80449,4
80451,3
80454,0
80456,3
80463,0
80465,4
80472,4
80476,2
80487,0
80489,3
80491,1
80494,2
80498,4
80500,3
80549,0
80551,0
80553,0
80557,3
80560,5
80562,2
80566,4
80568,0
80570,0
80572,0
80574,4
80582,5
80584,0
80586,0
80588,5
80590,0
80592,4
80599,5
80611,0
80615,6
80617,6
80619,0
80622,0
80639,0
80641,4
80646,6
80648,3
80650,1
80653,2
80655,1
80659,4
80661,4
80667,0
80677,2
80680,2
80693,0
80695,5
80701,0
80713,4
80715,5
80717,4
80719,4
80725,1
80727,2
80729,0
80731,3
80733,4
80742,4
80744,4
80746,4
80748,6
80759,2
80761,5
80763,0
80768,4
80775,0
80777,4
80779,0
80781,4
80789,4
80792,4
80797,2
80799,0
80806,2
80808,2
80810,3
80812,0
80816,3
80818,4
80820,0
80825,3
80827,4
80831,3
80834,6
80836,6
80839,0
80844,3
80846,3
80848,4
80858,0
80860,0
80862,3
80864,0
80870,3
80880,0
80891,3
80893,2
80899,0
80901,4
80903,6
80906,5
80908,4
80917,0
80924,3
80928,5
80933,2
80939,0
80947,0
80950,4
80952,4
80954,0
80967,4
80969,0
80980,3
80984,2
80986,4
80990,0
81000,5
81014,3
81018,6
81020,0
81027,4
81029,0
81031,4
81041,0
81046,3
81049,4
81051,3
81054,2
81059,4
81061,2
81064,5
81069,4
81072,4
81075,3
81080,3
81083,0
81085,3
81087,4
81090,5
81094,5
81100,5
81102,0
81104,5
81107,0
81109,4
81111,4
81117,4
81123,4
81125,4
81130,4
81132,2
81138,4
81140,3
81142,3
81145,0
81147,6
81156,5
81158,1
81162,3
81164,3
81172,4
81180,3
81182,4
81191,5
81193,0
81195,2
81198,0
81200,0
81204,3
81214,0
81216,1
81225,4
81229,3
81238,4
81243,4
81248,0
81250,0
81257,4
81270,3
81274,4
81276,5
81281,0
81305,0
81312,2
81314,3
81316,3
81322,1
81328,3
81330,5
81347,4
81349,4
81351,2
81355,6
81357,4
81359,4
81364,2
81366,0
81371,0
81381,5
81383,0
81385,0
81387,4
81389,3
81391,4
81396,0
81403,0
81405,5
81411,4
81413,4
81417,3
81427,3
81429,3
81441,2
81443,0
81445,1
81447,4
81451,3
81453,2
81456,0
81495,3
81497,3
81499,2
81512,0
81516,3
81518,3
81520,2
81524,2
81535,3
81537,0
81546,0
81548,4
81562,3
81564,6
81566,4
81568,6
81574,3
81583,0
81585,0
81587,0
81589,0
81591,0
81610,0
81613,4
81615,4
81617,4
81629,5
81637,6
81639,4
81641,3
81643,1
81646,0
81656,0
81658,0
81660,3
81665,0
81667,6
81669,3
81671,0
81673,4
81676,4
81679,4
81681,1
81684,1
81688,0
81690,0
81698,2
81700,5
81702,4
81704,4
81708,2
81711,6
81725,0
81727,5
81733,4
81736,0
81738,4
81742,4
81744,3
81751,0
81753,5
81755,4
81758,4
81765,3
81768,0
81770,4
81782,3
81784,0
81786,0
81788,2
81791,0
81795,4
81802,4
81804,0
81806,4
81817,2
81819,0
81823,2
81825,4
81831,4
81834,3
81845,0
81847,6
81851,1
81853,0
81857,0
81859,0
81880,0
81898,5
81906,1
81908,4
81910,5
81930,4
81932,0
81949,4
81952,4
81954,4
81957,4
81959,2
81962,1
81979,6
81981,0
81983,0
81985,4
81987,4
81989,3
81991,4
81993,3
82003,4
82005,0
82007,0
82015,2
82017,3
82022,3
82026,0
82030,4
82032,0
82037,5
82041,0
82043,4
82045,4
82047,4
82049,3
82051,1
82053,2
82055,0
82059,3
82061,0
82063,4
82066,3
82068,2
82070,2
82093,2
82095,3
82097,3
82102,0
82106,4
82108,4
82110,5
82115,4
82119,4
82121,2
82123,2
82129,0
82131,1
82139,3
82141,2
82143,5
82150,0
82152,0
82154,4
82167,0
82169,0
82173,0
82175,4
82179,4
82182,0
82184,4
82186,3
82188,2
82194,1
82196,0
82202,0
82227,0
82235,4
82240,0
82242,0
82244,3
82261,5
82269,3
82271,4
82274,3
82276,4
82280,5
82283,3
82298,1
82300,3
82302,2
82304,4
82306,0
82308,2
82311,0
82313,2
82315,0
82320,4
82322,4
82324,4
82326,4
82328,4
82330,4
82332,0
82335,5
82337,0
82353,4
82356,5
82358,2
82360,3
82362,4
82364,4
82366,0
82368,3
82370,4
82378,2
82380,4
82382,4
82388,4
82390,4
82393,4
82395,4
82420,5
82438,1
82447,3
82449,4
82452,4
82454,1
82459,1
82461,3
82463,0
82465,3
82467,4
82469,1
82476,4
82491,0
82499,0
82525,5
82527,0
82529,2
82531,0
82534,0
82536,2
82564,1
82567,2
82581,3
82584,0
82589,0
82591,4
82593,4
82595,5
82597,0
82602,4
82606,4
82608,4
82631,2
82633,0
82635,4
82638,4
82641,3
82643,3
82667,2
82669,3
82671,2
82673,0
82676,1
82678,3
82680,1
82682,2
82684,0
82705,1
82711,0
82715,4
82722,0
82732,2
82744,2
82747,0
82749,2
82751,5
82753,4
82759,3
82765,1
82767,0
82770,0
82834,0
82836,4
82840,4
82848,0
82850,4
82852,0
82854,0
82857,5
82902,4
82906,4
82909,1
82911,1
82915,2
82917,2
82920,0
82926,0
82928,3
82931,1
82934,5
82976,0
82978,0
82980,4
82982,0
82984,1
83006,4
83034,0
83038,4
83049,0
83056,0
83059,2
83067,3
83071,1
83082,0
83086,0
83089,4
83096,0
83115,6
83132,4
83134,0
83138,5
83140,2
83158,0
83161,2
83163,2
83177,4
83180,5
83184,2
83186,1
83189,1
83193,0
83219,5
83222,2
83225,4
83227,2
83232,4
83241,3
83244,0
83246,1
83248,3
83250,3
83256,2
83258,0
83260,4
83264,0
83266,2
83270,0
83273,4
83275,4
83277,1
83279,4
83281,4
83291,5
83293,5
83295,4
83302,0
83308,0
83310,5
83316,4
83318,0
83320,4
83322,4
83332,5
83334,3
83337,4
83339,4
83343,0
83345,4
83349,0
83351,4
83357,4
83359,0
83361,0
83369,0
83374,1
83376,0
83381,2
83385,2
83389,4
83411,0
83415,4
83417,0
83424,3
83430,4
83435,0
83437,0
83439,0
83446,0
83448,1
83450,1
83457,0
83464,4
83468,4
83478,3
83480,3
83525,2
83527,4
83529,1
83531,0
83533,4
83535,6
83538,0
83540,1
83556,4
83558,4
83560,0
83562,4
83569,0
83575,4
83577,1
83581,0
83583,4
83585,3
83588,3
83590,3
83592,4
83601,3
83603,6
83607,2
83613,1
83616,4
83619,4
83652,0
83654,4
83656,4
83658,3
83660,3
83662,4
83664,4
83760,2
83763,4
83765,0
83767,3
83773,4
83777,0
83789,4
83791,1
83796,2
83798,0
83801,5
83803,6
83807,5
83809,5
83819,4
83821,0
83823,3
83825,0
83827,5
83831,1
83833,0
83835,4
83837,0
83842,4
83897,0
83910,0
83912,0
83916,6
83918,4
83920,4
83923,3
83927,2
83956,4
83962,0
83969,4
83972,4
83974,4
83976,0
83978,5
83986,4
84015,2
84017,6
84019,5
84047,0
84090,4
84092,1
84094,4
84096,0
84098,4
84100,4
84103,4
84111,0
84114,5
84116,0
84118,4
84120,0
84122,0
84125,0
84128,0
84131,4
84133,3
84137,3
84140,3
84148,3
84150,2
84152,3
84156,5
84158,4
84160,5
84162,4
84164,4
84173,2
84176,0
84178,4
84181,3
84183,3
84187,6
84189,2
84223,4
84226,4
84228,3
84230,0
84232,0
84234,0
84236,5
84238,2
84242,0
84246,0
84248,2
84250,2
84252,4
84258,0
84260,3
84262,3
84273,5
84279,3
84281,5
84283,5
84291,4
84293,4
84296,4
84298,0
84300,3
84302,0
84304,4
84312,2
84334,4
84372,4
84374,0
84387,0
84392,2
84395,3
84407,4
84436,4
84444,5
84446,4
84448,2
84450,4
84453,4
84455,4
84467,4
84469,0
84471,2
84473,4
84475,2
84477,4
84479,3
84481,4
84483,4
84485,0
84496,4
84498,4
84500,4
84502,5
84504,4
84506,4
84508,1
84510,3
84512,0
84523,6
84529,4
84532,0
84534,1
84551,5
84553,4
84555,4
84557,0
84559,4
84565,3
84567,4
84570,0
84601,3
84613,3
84615,0
84619,6
84621,3
84637,6
84639,0
84641,0
84643,1
84646,4
84648,4
84660,4
84663,0
84665,4
84667,4
84669,1
84671,0
84680,4
84682,4
84686,0
84689,2
84691,3
84696,0
84714,3
84730,1
84732,3
84734,4
84736,3
84738,3
84740,2
84764,3
84766,4
84768,4
84770,5
84772,3
84775,0
84777,3
84779,2
84781,0
84792,3
84794,4
84796,3
84799,3
84801,4
84805,5
84807,0
84829,4
84832,4
84834,1
84836,3
84838,4
84844,2
84852,0
84855,4
84857,4
84859,3
84861,5
84863,4
84871,4
84876,4
84880,0
84884,4
84886,4
84890,4
84894,1
84942,3
84944,1
84948,4
84950,0
84952,0
84954,0
84957,0
84961,0
84963,1
84972,4
84974,5
84976,4
84978,4
84983,1
84985,3
84987,0
84989,5
84996,5
85007,0
85010,1
85012,0
85014,0
85016,5
85020,3
85022,0
85025,0
85056,3
85070,4
85072,5
85106,2
85108,4
85129,1
85131,1
85133,0
85140,4
85143,4
85175,4
85177,2
85179,6
85190,5
85203,0
85205,0
85207,3
85209,3
85211,0
85213,0
85215,0
85226,4
85231,0
85259,6
85261,6
85268,3
85270,2
85273,5
85275,5
85278,4
85284,4
85291,4
85293,2
85295,6
85298,3
85305,2
85307,4
85309,0
85312,6
85316,6
85319,4
85323,4
85325,4
85327,3
85332,4
85334,0
85342,2
85354,3
85358,3
85362,5
85365,5
85367,0
85369,4
85372,0
85374,0
85378,4
85387,5
85389,4
85392,0
85394,5
85397,3
85399,0
85401,0
85403,0
85412,3
85414,3
85438,0
85440,0
85442,5
85450,4
85453,3
85476,4
85503,4
85505,5
85510,3
85527,0
85538,4
85540,1
85542,4
85544,0
85547,5
85549,4
85552,4
85555,4
85565,0
85567,4
85570,4
85576,2
85585,6
85609,2
85616,3
85618,1
85624,5
85626,1
85689,5
85691,2
85694,4
85728,0
85734,5
85738,4
85740,4
85744,4
85746,1
85763,1
85770,4
85772,3
85774,5
85777,2
85783,5
85788,3
85790,1
85792,4
85794,4
85796,2
85861,2
85863,4
85874,2
85881,0
85883,2
85885,0
85889,1
85892,1
85894,1
85896,1
85910,4
85966,4
85981,4
85983,0
85985,0
85987,4
85994,3
85997,3
86000,0
86002,4
86014,4
86023,3
86028,2
86033,4
86057,0
86059,6
86061,4
86064,4
86066,0
86070,4
86077,5
86079,4
86081,4
86083,4
86085,4
86087,4
86089,4
86091,6
86094,4
86096,5
86137,4
86139,0
86142,3
86145,4
86148,0
86151,5
86153,4
86166,0
86168,0
86170,4
86173,3
86181,0
86190,3
86204,2
86206,2
86229,0
86231,5
86233,3
86237,5
86244,3
86246,0
86263,4
86277,4
86279,5
86286,6
86288,5
86290,5
86293,0
86295,3
86298,6
86300,0
86308,0
86310,4
86312,0
86314,4
86316,0
86318,0
86320,0
86330,4
86332,0
86334,1
86337,4
86343,4
86345,0
86347,0
86355,3
86368,0
86372,0
86377,0
86380,2
86382,4
86399,4
86401,2
86408,0
86410,3
86412,4
86416,5
86418,2
86420,4
86430,4
86432,1
86434,4
86436,2
86438,4
86440,4
86442,4
86449,3
86451,4
86453,0
86455,3
86463,3
86471,3
86474,4
86476,4
86478,4
86487,0
86489,4
86491,5
86493,4
86495,4
86497,4
86500,4
86502,5
86508,2
86510,4
86518,3
86521,5
86536,5
86539,0
86541,4
86548,0
86550,4
86553,0
86559,0
86572,2
86574,5
86583,4
86590,0
86593,5
86604,6
86620,6
86622,4
86624,4
86626,4
86628,2
86635,2
86642,0
86644,1
86646,4
86648,0
86651,4
86653,0
86655,0
86657,0
86664,4
86668,5
86671,2
86673,4
86675,1
86687,2
86689,1
86709,5
86715,3
86717,4
86719,5
86721,4
86723,5
86725,3
86728,4
86748,4
86750,2
86753,4
86756,4
86758,2
86760,4
86762,0
86764,4
86766,4
86768,4
86770,4
86773,0
86781,0
86785,3
86787,0
86789,4
86791,6
86795,4
86802,3
86815,3
86817,0
86826,3
86833,0
86835,3
86837,4
86839,5
86841,3
86844,4
86846,4
86848,1
86852,0
86854,3
86856,1
86858,2
86860,2
86862,0
86864,3
86866,3
86880,3
86882,0
86884,0
86892,2
86894,2
86896,2
86898,0
86900,4
86902,4
86904,2
86906,0
86911,0
86922,4
86927,0
86929,0
86931,1
86941,5
86943,4
86947,3
86949,4
86952,0
86970,4
86973,1
86975,5
86977,5
86982,3
86985,0
86988,5
86990,2
87000,0
87002,2
87004,6
87006,3
87008,4
87010,4
87012,5
87016,4
87028,0
87031,3
87033,4
87036,3
87038,2
87040,2
87042,2
87047,4
87049,4
87051,4
87053,0
87055,4
87057,4
87059,4
87061,4
87063,0
87069,0
87071,4
87076,4
87079,0
87081,3
87085,4
87092,4
87094,0
87098,4
87100,4
87103,4
87105,6
87164,5
87166,2
87173,3
87175,1
87179,0
87181,2
87186,5
87188,4
87190,4
87192,3
87194,0
87197,0
87205,3
87207,5
87210,4
87216,3
87218,2
87220,2
87222,6
87225,2
87227,0
87229,5
87232,1
87234,0
87256,4
87258,2
87260,2
87262,0
87264,0
87266,4
87270,0
87276,5
87279,2
87287,5
87290,0
87296,4
87298,0
87302,2
87304,0
87306,3
87314,4
87316,4
87320,5
87322,4
87325,4
87327,1
87330,4
87332,4
87334,5
87336,4
87354,1
87356,2
87358,4
87360,5
87366,4
87368,2
87370,5
87378,5
87383,6
87385,4
87387,1
87390,5
87392,4
87408,0
87410,4
87413,4
87415,0
87417,5
87420,5
87425,4
87430,3
87433,3
87435,4
87444,0
87449,4
87466,4
87469,4
87471,5
87473,4
87483,0
87485,0
87497,4
87499,4
87505,4
87507,4
87509,4
87511,0
87514,4
87516,1
87518,0
87520,1
87522,0
87527,4
87529,0
87547,2
87556,4
87558,0
87560,4
87562,0
87564,3
87566,4
87568,4
87589,4
87595,6
87598,0
87608,3
87618,2
87633,4
87636,1
87642,4
87644,4
87647,5
87660,0
87662,0
87683,4
87685,4
87689,4
87691,6
87693,4
87697,0
87700,4
87702,0
87719,5
87745,1
87751,5
87761,0
87763,0
87766,4
87769,4
87771,5
87773,0
87785,2
87790,0
87792,3
87794,3
87796,4
87798,0
87802,4
87804,1
87808,4
87831,4
87834,6
87843,0
87860,0
87867,0
87869,0
87874,0
87876,6
87878,1
87880,4
87882,4
87884,0
87888,4
87890,3
87909,2
87911,0
87913,0
87915,4
87917,0
87919,0
87923,0
87928,5
87930,5
87948,0
87950,4
87952,0
87954,1
87964,4
87966,2
87971,3
87977,2
87979,2
87984,4
87988,4
87990,4
87992,4
87994,4
87996,4
87999,0
88001,4
88003,4
88005,4
88015,0
88017,4
88022,5
88024,4
88028,4
88031,4
88040,4
88042,2
88044,4
88047,4
88049,4
88051,4
88053,4
88055,4
88059,4
88061,0
88063,4
88065,2
88067,6
88069,2
88071,4
88073,5
88087,4
88092,6
88094,5
88099,1
88106,0
88108,0
88110,4
88114,0
88118,2
88125,3
88127,5
88129,2
88131,2
88133,4
88135,0
88138,0
88140,3
88158,3
88160,2
88163,0
88166,4
88168,2
88171,4
88173,1
88175,4
88177,4
88179,0
88185,4
88192,4
88194,2
88203,5
88205,4
88210,1
88213,1
88224,4
88228,2
88235,2
88237,0
88248,3
88250,5
88252,4
88267,6
88270,0
88272,3
88274,3
88276,0
88278,0
88280,4
88282,0
88284,2
88299,5
88305,2
88307,4
88310,4
88313,4
88315,4
88317,5
88321,4
88327,1
88329,2
88331,2
88335,4
88339,0
88341,0
88343,4
88352,2
88356,6
88374,0
88376,1
88378,1
88380,3
88382,4
88398,5
88400,4
88405,0
88411,4
88414,2
88417,0
88419,0
88423,4
88425,2
88427,1
88429,0
88448,4
88452,2
88454,4
88456,3
88466,4
88468,6
88471,0
88473,0
88480,4
88483,4
88485,2
88488,0
88491,0
88493,4
88495,3
88511,4
88513,4
88518,0
88520,3
88543,2
88548,4
88562,4
88564,5
88566,3
88568,4
88570,5
88572,4
88574,0
88576,4
88578,4
88580,3
88589,0
88591,0
88593,2
88595,0
88597,4
88599,4
88601,0
88603,4
88605,4
88607,5
88638,0
88640,4
88642,4
88646,2
88649,4
88652,4
88654,3
88670,4
88672,0
88674,5
88682,5
88688,4
88692,0
88697,4
88704,5
88706,0
88724,5
88740,3
88742,4
88744,3
88746,0
88748,0
88750,2
88752,2
88754,3
88756,6
88759,3
88761,3
88764,4
88766,4
88785,0
88788,5
88801,6
88810,0
88812,0
88814,4
88816,4
88818,3
88821,4
88823,4
88833,4
88835,5
88837,0
88839,2
88852,4
88855,4
88857,6
88877,4
88879,3
88886,2
88889,3
88894,4
88897,4
88899,4
88901,5
88911,0
88925,0
88932,3
88934,4
88950,0
88954,0
88957,4
88959,3
88961,3
88971,2
88973,2
88975,4
88979,3
88989,4
88991,4
89000,2
89002,3
89007,4
89010,5
89014,0
89016,4
89018,0
89021,4
89023,4
89025,3
89028,3
89030,3
89039,0
89043,4
89047,0
89054,4
89056,5
89060,3
89069,5
89072,3
89074,5
89083,5
89085,3
89087,3
89090,5
89098,4
89100,5
89102,5
89104,3
89110,3
89112,0
89114,1
89116,2
89118,0
89126,3
89133,4
89135,4
89137,3
89139,2
89145,4
89147,5
89162,5
89164,2
89170,0
89190,3
89192,3
89194,4
89203,5
89206,4
89208,3
89213,5
89215,5
89217,4
89219,3
89230,3
89244,0
89246,4
89248,0
89260,5
89268,0
89270,5
89281,3
89285,4
89300,4
89302,3
89305,0
89308,4
89313,1
89315,5
89321,0
89323,4
89325,4
89327,4
89329,0
89337,5
89341,1
89343,3
89347,0
89349,0
89351,1
89354,2
89356,0
89365,4
89367,0
89369,0
89371,0
89373,0
89375,4
89377,3
89386,5
89388,0
89393,4
89398,1
89401,0
89403,1
89406,0
89408,0
89425,1
89427,3
89449,0
89470,3
89472,0
89474,4
89476,4
89478,2
89480,0
89482,4
89485,3
89490,3
89492,0
89501,5
89506,3
89516,4
89519,4
89521,0
89527,4
89532,3
89535,0
89537,5
89539,2
89542,4
89549,4
89551,3
89554,0
89570,0
89580,0
89582,3
89584,4
89588,2
89590,5
89592,4
89594,3
89596,5
89598,4
89607,0
89610,0
89613,4
89616,4
89618,4
89620,0
89623,3
89629,2
89632,4
89635,4
89638,0
89650,3
89658,4
89664,5
89668,4
89670,4
89674,3
89678,0
89701,2
89703,3
89705,5
89707,0
89712,2
89714,4
89718,2
89720,3
89722,3
89726,1
89728,4
89732,3
89745,3
89747,2
89753,3
89759,0
89761,3
89763,0
89765,2
89767,2
89769,4
89772,4
89774,0
89778,4
89794,3
89797,4
89800,4
89802,4
89804,0
89806,4
89819,5
89829,0
89831,2
89833,4
89837,3
89840,4
89844,2
89846,5
89848,2
89850,5
89862,0
89864,0
89872,3
89877,0
89881,3
89883,4
89896,0
89898,3
89900,0
89904,0
89908,4
89910,4
89912,1
89924,4
89926,4
89930,5
89932,1
89936,3
89939,4
89941,4
89945,3
89961,2
89963,4
89965,4
89969,0
89971,1
89973,6
89977,4
89979,4
89983,6
89985,5
89988,4
89990,4
89994,5
89997,4
89999,3
90007,3
90009,3
90011,4
90015,0
90017,2
90019,4
90021,4
90035,4
90049,5
90052,3
90057,0
90059,2
90061,0
90064,2
90066,3
90068,3
90071,0
90084,4
90086,4
90104,5
90106,0
90108,0
90112,0
90114,4
90116,0
90118,4
90127,3
90133,3
90154,2
90167,0
90170,4
90172,0
90183,3
90196,4
90199,4
90201,4
90203,2
90206,1
90208,1
90211,5
90235,4
90237,5
90239,5
90241,3
90243,3
90245,5
90247,4
90249,3
90252,3
90254,4
90256,0
90262,6
90264,6
90266,5
90268,3
90270,3
90273,5
90279,4
90281,4
90284,4
90292,4
90306,4
90308,4
90310,0
90312,1
90314,4
90319,5
90321,2
90327,4
90339,3
90341,5
90343,0
90345,3
90350,5
90353,0
90355,5
90357,0
90359,4
90364,3
90371,2
90374,0
90376,4
90378,5
90380,0
90382,3
90397,1
90403,3
90405,0
90413,0
90419,4
90421,2
90424,2
90426,0
90428,0
90430,0
90434,3
90439,0
90458,0
90460,3
90466,1
90469,3
90471,0
90474,2
90476,4
90478,0
90488,0
90497,5
90514,4
90522,0
90524,3
90526,4
90528,2
90531,0
90533,1
90535,3
90537,0
90543,4
90545,1
90547,0
90549,1
90554,4
90556,5
90559,5
90561,4
90564,4
90566,2
90570,5
90574,0
90576,0
90578,3
90592,5
90594,5
90596,3
90598,6
90600,3
90609,4
90620,0
90622,4
90624,2
90630,5
90632,4
90645,0
90647,6
90649,0
90651,4
90662,3
90664,0
90666,4
90668,4
90671,2
90673,4
90690,3
90697,1
90700,5
90702,0
90704,0
90706,1
90717,2
90719,0
90730,3
90738,2
90741,3
90744,4
90746,6
90748,1
90751,2
90753,4
90769,5
90775,4
90777,4
90795,4
90806,4
90809,0
90811,4
90813,4
90815,4
90817,3
90819,0
90821,0
90823,0
90825,4
90827,3
90843,6
90849,4
90853,3
90863,5
90866,0
90868,0
90870,2
90873,2
90876,2
90878,0
90886,5
90888,3
90890,0
90895,4
90897,5
90903,4
90907,3
90914,0
90929,0
90931,4
90933,0
90935,2
90937,4
90939,3
90943,5
90947,0
90949,4
90951,3
90953,4
90958,6
90960,1
90963,5
90965,4
91007,4
91010,4
91012,4
91014,3
91026,2
91028,0
91031,1
91035,4
91037,3
91044,5
91048,0
91054,3
91056,3
91058,2
91065,4
91067,4
91069,0
91071,4
91073,0
91075,2
91077,0
91079,0
91094,0
91096,4
91104,0
91106,1
91108,3
91110,2
91112,2
91126,1
91128,3
91134,0
91137,3
91140,4
91161,4
91163,1
91167,5
91169,4
91179,2
91181,0
91187,6
91189,3
91191,0
91193,2
91195,2
91199,0
91201,0
91206,3
91208,4
91211,4
91213,5
91216,4
91218,0
91223,0
91227,4
91229,4
91241,4
91243,4
91246,4
91248,4
91250,0
91253,0
91256,4
91261,0
91266,6
91268,4
91271,4
91273,3
91284,4
91286,2
91290,3
91298,2
91302,4
91304,3
91306,4
91309,4
91323,0
91325,0
91331,3
91333,4
91335,6
91337,0
91339,4
91351,6
91353,6
91355,6
91360,5
91362,4
91371,2
91386,6
91388,4
91391,0
91393,0
91395,4
91414,6
91416,3
91419,0
91421,4
91423,2
91425,3
91442,0
91444,4
91446,1
91450,0
91474,0
91483,2
91485,3
91488,6
91492,0
91494,1
91500,3
91503,2
91505,0
91509,2
91511,0
91513,0
91515,2
91517,3
91529,3
91531,4
91533,1
91535,3
91537,0
91540,0
91542,0
91548,5
91554,2
91556,4
91558,4
91560,0
91562,4
91564,2
91566,4
91571,3
91573,4
91582,1
91586,4
91589,1
91591,3
91593,1
91595,5
91597,5
91599,4
91601,4
91603,4
91605,4
91610,4
91612,4
91615,4
91617,4
91619,4
91622,0
91624,4
91626,2
91628,0
91630,3
91632,6
91634,6
91653,0
91655,4
91658,0
91660,3
91662,4
91664,5
91666,0
91671,6
91673,0
91681,3
91683,5
91688,3
91690,0
91692,2
91694,3
91697,2
91707,1
91709,3
91711,2
91713,4
91715,0
91718,4
91727,1
91729,1
91741,4
91743,0
91745,5
91747,6
91749,4
91755,5
91762,5
91766,2
91768,2
91770,2
91782,2
91784,0
91786,6
91789,4
91793,4
91797,0
91799,0
91805,4
91808,0
91821,6
91823,6
91826,0
91829,4
91831,3
91834,3
91840,0
91842,2
91844,0
91852,2
91854,0
91858,4
91860,5
91862,4
91866,3
91869,5
91871,4
91873,4
91880,1
91882,4
91884,0
91886,4
91888,6
91890,0
91894,4
91896,4
91902,0
91904,4
91906,4
91908,1
91911,0
91914,4
91919,6
91921,5
91924,4
91927,5
91929,5
91931,4
91933,4
91935,0
91937,4
91947,3
91952,0
91954,0
91957,3
91960,4
91970,0
91972,3
91974,3
91976,3
91978,2
91981,4
91983,0
91991,4
91993,4
91995,2
91997,0
92001,2
92004,4
92006,4
92008,3
92010,4
92023,2
92025,4
92027,1
92029,1
92032,2
92046,0
92048,3
92058,3
92062,2
92064,2
92079,5
92083,4
92085,4
92087,2
92094,4
92096,3
92099,3
92102,4
92104,4
92106,4
92118,4
92120,4
92122,4
92124,5
92126,4
92128,5
92130,1
92132,2
92134,4
92136,4
92152,0
92154,4
92156,4
92159,5
92161,4
92163,0
92165,4
92167,4
92169,5
92172,2
92174,4
92176,0
92178,4
92180,4
92182,4
92184,3
92186,4
92188,0
92192,3
92196,5
92198,3
92200,0
92204,0
92210,6
92222,1
92224,0
92229,4
92231,0
92234,1
92240,4
92243,1
92245,5
92250,2
92252,5
92257,3
92259,0
92262,4
92264,4
92268,2
92270,5
92307,4
92309,3
92314,4
92321,4
92325,0
92335,0
92343,2
92348,6
92352,5
92354,1
92357,5
92371,4
92374,4
92380,4
92382,4
92389,0
92391,3
92393,2
92399,4
92408,4
92410,5
92412,5
92416,4
92420,3
92422,3
92424,4
92427,4
92435,4
92437,0
92439,0
92441,4
92446,4
92448,0
92453,2
92455,5
92457,0
92461,3
92471,4
92475,5
92477,5
92479,4
92481,4
92483,0
92507,2
92509,0
92511,3
92514,3
92516,3
92518,3
92520,4
92522,0
92593,4
92600,4
92606,5
92609,4
92611,4
92613,4
92633,2
92635,4
92637,2
92639,4
92641,4
92643,0
92646,4
92648,5
92652,5
92658,5
92660,4
92665,4
92672,6
92674,0
92676,2
92681,3
92683,4
92687,1
92691,4
92694,0
92696,3
92702,5
92713,5
92715,4
92719,0
92726,4
92728,4
92730,4
92738,3
92740,6
92749,4
92751,0
92756,1
92758,4
92760,3
92768,0
92781,5
92783,5
92787,4
92789,5
92793,6
92804,3
92817,0
92819,3
92829,3
92836,5
92841,1
92843,6
92845,4
92847,4
92852,4
92872,4
92874,4
92881,4
92883,1
92885,2
92887,5
92894,4
92904,5
92906,3
92910,0
92918,5
92920,0
92923,3
92925,4
92927,4
92935,2
92938,3
92944,6
92946,4
92948,4
92951,4
92954,0
92956,2
92963,5
92966,4
92968,5
92980,1
93002,4
93004,2
93014,0
93022,2
93024,3
93029,4
93035,4
93037,4
93040,5
93061,4
93063,5
93070,4
93083,6
93116,2
93126,3
93128,0
93132,4
93136,4
93142,3
93164,3
93168,4
93172,3
93181,1
93183,3
93185,4
93187,4
93189,4
93193,1
93196,1
93201,4
93204,5
93206,4
93208,6
93210,2
93212,2
93217,3
93240,6
93242,4
93263,4
93265,0
93267,0
93270,0
93272,6
93287,0
93289,4
93291,4
93295,2
93297,1
93320,2
93322,3
93324,5
93326,0
93328,0
93330,0
93333,4
93336,4
93344,3
93351,4
93363,3
93365,5
93367,0
93376,4
93391,5
93393,5
93397,1
93399,2
93404,5
93406,4
93408,0
93418,0
93420,5
93422,0
93432,5
93437,4
93439,4
93441,4
93443,0
93448,4
93450,4
93455,4
93463,3
93467,0
93469,4
93473,6
93475,3
93490,2
93492,5
93496,6
93498,0
93500,3
93502,0
93510,0
93512,0
93516,4
93520,3
93522,3
93529,5
93533,2
93535,4
93544,1
93547,3
93550,0
93552,3
93563,3
93568,5
93570,2
93572,2
93574,3
93578,2
93583,3
93598,2
93610,3
93612,3
93618,4
93621,3
93628,5
93641,4
93649,5
93652,5
93654,4
93656,2
93659,4
93667,4
93669,4
93672,4
93674,4
93693,0
93700,5
93702,4
93717,4
93719,3
93721,5
93723,0
93725,5
93729,5
93731,4
93733,4
93740,0
93742,4
93748,6
93750,2
93752,5
93757,1
93766,3
93775,4
93782,2
93785,3
93792,4
93801,3
93803,3
93805,0
93816,3
93819,3
93821,5
93831,0
93834,2
93838,2
93840,0
93842,0
93855,0
93859,5
93865,3
93885,4
93888,4
93890,4
93892,0
93894,5
93900,5
93905,3
93907,3
93909,4
93911,5
93916,3
93918,2
93921,4
93923,3
93928,3
93931,4
93933,0
93939,0
93946,4
93948,3
93952,3
93954,3
93970,4
93980,0
93982,3
93988,0
93991,4
94005,6
94011,3
94015,0
94018,3
94024,5
94027,4
94041,4
94044,4
94061,2
94068,4
94070,0
94074,5
94076,5
94083,1
94101,5
94103,4
94107,4
94112,2
94122,5
94126,2
94128,1
94130,5
94142,3
94144,2
94146,2
94148,4
94155,5
94157,5
94184,3
94186,4
94188,5
94190,3
94202,0
94204,6
94218,3
94262,3
94264,1
94266,0
94268,5
94271,3
94278,0
94280,0
94283,3
94289,3
94291,2
94299,2
94301,4
94306,3
94308,1
94310,5
94312,4
94314,1
94323,0
94325,0
94337,1
94339,0
94341,5
94350,4
94352,4
94365,2
94394,3
94401,5
94403,3
94405,2
94410,0
94412,4
94417,5
94419,4
94421,4
94425,0
94427,4
94429,5
94431,0
94433,2
94435,2
94442,4
94444,3
94469,0
94471,4
94473,2
94475,4
94478,3
94480,3
94482,5
94486,4
94491,3
94494,4
94503,0
94531,4
94537,4
94539,3
94542,0
94545,4
94556,2
94558,3
94573,5
94647,2
94649,4
94653,3
94663,0
94666,2
94668,2
94670,4
94672,2
94675,4
94677,0
94679,5
94725,4
94727,0
94729,5
94733,3
94739,5
94746,0
94748,0
94750,0
94752,0
94760,2
94762,4
94765,4
94767,4
94769,4
94772,0
94777,3
94780,3
94786,4
94788,4
94790,4
94799,3
94801,2
94803,3
94806,4
94808,2
94810,3
94813,3
94815,4
94817,4
94819,1
94833,6
94835,4
94837,0
94839,4
94841,4
94864,3
94867,3
94891,5
94893,4
94896,2
94900,4
94902,4
94904,2
94917,2
94919,3
94931,0
94933,4
94939,0
94941,0
94945,2
94953,0
94955,0
94957,0
94959,0
94965,1
94967,2
94969,2
94978,4
94980,2
94982,3
94985,2
94998,1
95000,0
95002,3
95007,0
95010,4
95012,4
95014,4
95016,1
95018,4
95021,6
95026,5
95028,2
95032,2
95034,4
95036,4
95052,2
95058,0
95067,0
95069,5
95088,0
95105,6
95107,3
95109,4
95111,4
95133,1
95135,0
95137,3
95139,4
95157,3
95159,0
95165,6
95167,6
95182,6
95185,2
95197,0
95199,0
95201,0
95207,3
95214,2
95218,5
95223,2
95230,4
95232,4
95234,6
95237,0
95288,0
95290,4
95294,5
95296,1
95298,6
95300,0
95302,1
95305,3
95307,0
95309,0
95311,6
95375,6
95425,5
95441,0
95443,0
95449,0
95461,5
95477,3
95484,3
95486,4
95488,0
95494,5
95504,5
95506,0
95508,2
95510,0
95521,5
95529,2
95531,2
95533,1
95543,6
95558,0
95560,2
95563,4
95565,3
95567,0
95570,4
95572,2
95574,4
95576,4
95578,4
95581,4
95583,2
95591,3
95595,3
95597,4
95600,4
95602,4
95604,5
95611,4
95613,5
95615,4
95617,3
95624,4
95633,3
95643,4
95650,3
95652,2
95654,6
95658,4
95668,3
95670,4
95672,2
95688,2
95695,3
95697,2
95717,3
95720,0
95732,3
95735,0
95742,4
95744,0
95746,4
95748,3
95750,4
95752,4
95754,0
95756,6
95761,2
95767,0
95769,5
95773,6
95784,0
95794,5
95796,3
95804,2
95814,4
95816,4
95830,1
95832,3
95839,0
95843,4
95854,4
95856,6
95858,6
95873,0
95875,3
95890,0
95896,3
95898,2
95926,3
95939,0
95949,4
95969,3
95971,4
95973,4
95975,2
96002,3
96020,0
96022,2
96024,3
96030,3
96052,6
96054,4
96056,5
96058,5
96060,3
96064,2
96066,4
96071,5
96075,0
96079,3
96084,0
96086,4
96096,0
96098,4
96110,0
96114,2
96121,0
96131,2
96144,3
96146,2
96148,3
96150,5
96160,4
96176,4
96179,4
96181,1
96193,3
96195,4
96197,3
96212,5
96214,3
96216,4
96218,4
96221,2
96223,0
96225,4
96227,2
96239,3
96242,4
96246,1
96250,3
96252,5
96255,4
96257,4
96259,4
96264,5
96275,4
96277,2
96279,4
96281,6
96283,4
96288,3
96290,4
96292,4
96298,3
96302,3
96304,0
96306,0
96314,0
96316,4
96337,0
96367,0
96373,0
96383,4
96401,4
96407,4
96411,5
96413,4
96415,3
96417,3
96419,0
96421,6
96423,3
96428,0
96430,0
96432,2
96435,4
96448,0
96451,0
96456,3
96460,4
96467,0
96471,2
96473,2
96479,4
96481,5
96486,2
96488,5
96490,3
96498,3
96501,0
96504,5
96510,3
96512,5
96514,4
96516,5
96518,3
96520,3
96522,4
96524,5
96530,4
96532,5
96535,4
96537,3
96539,4
96543,1
96545,6
96547,0
96563,5
96565,4
96567,0
96569,0
96571,0
96574,4
96576,4
96578,0
96585,4
96588,0
96590,3
96592,0
96594,4
96596,3
96598,1
96603,5
96606,5
96608,6
96610,3
96612,0
96616,0
96621,6
96629,0
96631,0
96634,3
96638,5
96640,4
96642,4
96644,0
96651,4
96653,5
96655,3
96664,4
96667,5
96679,6
96681,4
96687,4
96689,3
96691,3
96693,0
96695,2
96697,2
96700,0
96702,4
96704,4
96706,1
96710,0
96717,0
96722,4
96724,5
96726,4
96728,0
96730,1
96732,4
96734,5
96737,3
96739,4
96751,3
96753,4
96755,4
96757,4
96759,4
96762,5
96771,4
96773,0
96775,2
96792,0
96794,3
96796,5
96799,4
96801,2
96803,4
96805,4
96807,3
96811,2
96813,1
96815,3
96817,5
96821,0
96823,4
96829,0
96832,6
96834,5
96836,4
96840,3
96842,5
96849,0
96853,2
96857,3
96861,2
96863,3
96865,5
96868,5
96870,0
96872,6
96897,6
96903,4
96907,4
96911,0
96917,3
96921,3
96925,4
96933,4
96935,0
96941,5
96943,0
96945,0
96947,4
96950,0
96952,1
96954,1
96960,6
96962,4
96964,2
96966,0
96969,0
96971,4
96973,0
96975,4
96983,0
96985,0
96991,0
96993,0
97002,5
97005,0
97008,4
97024,0
97026,4
97029,3
97031,3
97035,0
97037,2
97039,4
97042,4
97046,0
97051,3
97057,5
97059,5
97061,4
97065,3
97068,0
97070,0
97073,2
97092,5
97096,5
97115,5
97117,5
97119,5
97124,5
97128,4
97132,5
97134,5
97137,4
97139,4
97146,5
97148,5
97151,5
97153,0
97161,4
97163,4
97165,4
97168,5
97172,6
97175,5
97177,4
97184,4
97186,5
97188,3
97194,5
97196,2
97200,2
97220,4
97225,6
97227,5
97232,0
97234,5
97236,5
97238,5
97240,5
97242,3
97244,4
97246,0
97250,0
97252,4
97254,0
97256,0
97280,3
97283,0
97285,2
97296,3
97302,6
97304,0
97306,2
97308,0
97311,0
97319,4
97324,3
97326,2
97328,0
97330,3
97332,4
97334,2
97382,5
97384,3
97386,0
97388,0
97390,4
97393,5
97395,5
97397,5
97401,3
97423,3
97455,5
97457,0
97460,0
97462,6
97464,4
97466,5
97468,4
97470,3
97494,2
97526,2
97533,4
97536,6
97538,0
97540,6
97544,5
97548,5
97550,4
97593,3
97595,5
97597,4
97600,0
97615,4
97639,5
97643,3
97646,1
97660,4
97662,4
97665,3
97667,2
97670,4
97673,5
97680,5
97685,4
97688,4
97690,1
97692,5
97694,3
97697,2
97699,4
97701,3
97703,4
97705,4
97707,4
97709,3
97711,4
97713,3
97715,0
97722,3
97724,3
97726,2
97730,4
97732,6
97740,4
97742,2
97744,5
97752,0
97755,5
97757,6
97759,5
97765,5
97768,1
97775,5
97779,5
97785,3
97792,3
97797,0
97799,4
97801,4
97806,4
97808,4
97815,5
97817,5
97819,2
97821,4
97823,4
97826,1
97828,4
97832,0
97834,5
97836,3
97845,5
97853,2
97855,3
97858,4
97860,2
97866,5
97868,5
97870,0
97872,4
97878,1
97880,0
97882,3
97884,1
97886,4
97895,4
97904,0
97906,0
97908,0
97910,5
97913,6
97915,4
97917,3
97919,3
97921,0
97923,0
97933,5
97936,0
97938,3
97940,2
97946,3
97950,2
97955,5
97957,2
97959,4
97966,3
97968,1
97971,3
97984,3
97986,4
97988,3
97994,4
97998,3
98000,4
98002,4
98004,3
98007,4
98013,4
98015,0
98017,0
98019,6
98022,2
98027,4
98030,3
98032,3
98036,4
98045,4
98052,4
98054,2
98056,0
98059,5
98061,2
98063,4
98065,5
98067,4
98069,3
98072,2
98078,3
98087,0
98107,0
98109,3
98111,4
98114,3
98116,6
98122,5
98126,4
98131,4
98140,0
98142,4
98144,5
98151,4
98154,1
98160,0
98162,4
98167,3
98169,3
98171,0
98173,1
98175,4
98183,2
98189,3
98191,2
98193,5
98198,0
98200,0
98203,0
98211,5
98213,0
98217,4
98219,2
98221,4
98224,4
98228,4
98230,4
98237,4
98239,1
98241,4
98243,6
98246,5
98248,4
98251,4
98253,1
98261,2
98271,4
98273,5
98275,2
98277,4
98279,0
98284,1
98286,2
98288,1
98294,4
98296,2
98298,4
98304,0
98306,4
98311,2
98313,4
98323,4
98325,4
98328,4
98335,5
98339,5
98341,3
98344,4
98346,4
98348,2
98353,5
98358,6
98361,3
98373,0
98376,4
98378,4
98381,3
98385,3
98387,5
98389,3
98394,2
98398,4
98400,0
98402,2
98409,5
98411,5
98437,4
98439,4
98441,6
98443,5
98449,4
98452,4
98456,4
98458,4
98460,0
98464,3
98467,3
98469,3
98473,2
98475,2
98477,0
98485,3
98491,6
98493,3
98497,3
98499,0
98501,3
98503,4
98507,4
98509,4
98511,6
98518,2
98520,5
98552,4
98558,2
98560,3
98566,3
98570,4
98581,4
98583,5
98585,0
98587,4
98589,3
98591,1
98593,5
98595,4
98601,4
98604,6
98607,6
98609,4
98611,0
98613,4
98617,5
98619,5
98621,6
98623,2
98629,0
98631,4
98633,3
98636,3
98643,4
98693,4
98695,6
98697,6
98751,4
98755,1
98757,3
98759,3
98766,5
98768,3
98783,3
98786,4
98788,1
98797,0
98799,6
98803,0
98805,4
98807,0
98809,3
98815,5
98819,5
98823,4
98825,3
98829,3
98834,3
98836,0
98838,0
98840,5
98842,4
98845,4
98847,3
98850,3
98852,1
98854,4
98859,4
98861,4
98911,4
98913,4
98922,3
98924,4
98927,5
98929,5
98931,5
98933,0
98936,5
98938,4
98943,4
98949,3
98956,0
98958,5
98961,3
98963,3
98973,5
98975,3
98981,5
98983,2
98985,4
98989,3
98991,4
98994,0
98996,5
99007,0
99020,5
99022,4
99024,3
99026,2
99028,4
99030,0
99041,0
99043,0
99045,4
99047,3
99050,4
99054,4
99056,0
99058,0
99061,2
99064,3
99068,3
99085,4
99087,0
99089,0
99091,3
99106,4
99108,4
99110,0
99112,3
99114,0
99117,0
99122,3
99124,3
99126,0
99143,4
99145,3
99149,0
99169,1
99171,4
99173,0
99178,0
99182,3
99191,3
99210,1
99217,0
99220,0
99222,3
99240,4
99243,4
99246,6
99249,0
99251,2
99258,3
99260,3
99270,4
99273,6
99276,0
99279,4
99285,4
99287,4
99289,4
99294,0
99305,5
99308,4
99314,4
99325,4
99327,3
99337,3
99343,4
99345,5
99347,3
99351,3
99355,5
99364,4
99367,4
99371,4
99373,4
99380,1
99384,4
99387,3
99395,3
99397,3
99400,4
99402,2
99413,3
99415,4
99417,5
99434,2
99437,0
99439,5
99441,5
99444,2
99446,5
99452,5
99468,5
99470,3
99478,4
99487,3
99489,5
99493,4
99495,4
99497,4
99499,2
99502,4
99513,5
99515,1
99517,4
99519,4
99521,4
99523,4
99525,3
99530,3
99537,3
99539,3
99549,5
99560,0
99562,4
99564,4
99566,4
99570,5
99574,0
99591,4
99594,2
99596,3
99598,4
99600,3
99602,0
99607,0
99611,4
99613,0
99615,4
99633,2
99636,4
99638,0
99640,4
99642,6
99644,4
99659,1
99663,2
99665,4
99667,4
99669,3
99671,4
99673,4
99675,4
99677,5
99687,3
99689,5
99691,4
99695,2
99699,4
99706,5
99708,4
99717,0
99721,3
99724,2
99726,4
99728,2
99731,4
99733,3
99735,4
99737,3
99739,3
99741,3
99744,4
99746,4
99750,2
99758,3
99760,5
99764,6
99768,4
99787,3
99792,2
99795,5
99798,4
99807,1
99809,5
99811,5
99815,2
99820,6
99822,6
99826,5
99839,5
99841,2
99843,5
99846,5
99848,5
99850,1
99853,3
99855,4
99866,3
99889,5
99893,4
99895,3
99899,4
99901,3
99904,3
99906,0
99910,2
99912,3
99915,3
99917,0
99919,4
99922,4
99925,5
99933,4
99939,5
99941,2
99946,3
99957,2
99960,5
99962,4
99964,2
99968,4
99970,4
99986,5
99989,4
99992,2
99996,0
99999,1
100001,4
100003,4
100008,5
100015,2
100017,0
100032,5
100034,5
100036,5
100038,4
100040,2
100042,1
100044,5
100046,5
100048,2
100052,4
100054,0
100056,3
100058,4
100060,0
100062,1
100070,4
100072,5
100075,2
100077,2
100079,3
100081,4
100083,0
100087,3
100091,1
100096,5
100099,5
100101,4
100103,4
100106,5
100108,2
100131,4
100138,4
100143,4
100145,5
100150,4
100155,5
100157,4
100159,0
100161,4
100163,3
100167,5
100169,5
100171,4
100173,3
100180,4
100183,5
100185,0
100194,0
100196,5
100198,4
100200,1
100203,4
100205,3
100210,5
100229,3
100232,4
100238,0
100240,4
100244,0
100246,5
100248,4
100251,3
100253,4
100255,4
100257,4
100259,1
100264,4
100270,4
100272,0
100275,4
100277,4
100287,5
100289,5
100291,5
100294,4
100302,0
100304,3
100308,4
100315,4
100322,2
100324,4
100326,2
100328,4
100330,4
100334,4
100336,0
100338,5
100344,0
100347,4
100359,3
100361,5
100365,5
100368,2
100370,4
100372,4
100383,2
100385,4
100387,4
100390,2
100395,4
100397,3
100401,4
100404,2
100406,5
100411,4
100415,4
100419,3
100421,4
100423,3
100426,0
100436,5
100438,4
100440,1
100442,2
100444,4
100446,3
100448,5
100457,3
100463,0
100465,4
100467,6
100469,3
100483,4
100485,0
100487,0
100490,4
100492,1
100496,4
100498,3
100503,4
100505,1
100507,0
100509,6
100511,5
100513,5
100515,1
100517,5
100519,5
100521,2
100527,0
100529,4
100534,5
100536,2
100538,0
100540,5
100556,5
100559,0
100562,4
100567,5
100570,3
100574,1
100577,0
100579,3
100581,5
100583,5
100585,4
100588,4
100591,4
100593,5
100595,3
100611,6
100613,4
100642,4
100647,5
100653,5
100655,5
100714,0
100717,4
100719,5
100721,3
100725,5
100727,4
100737,3
100739,4
100741,4
100743,2
100745,5
100799,5
100810,3
100823,4
100836,4
100838,5
100843,0
100882,6
100884,5
100904,2
100906,3
100942,1
100944,5
100946,2
100948,5
101003,5
101006,5
101016,0
101018,0
101022,3
101025,3
101058,4
101060,3
101062,5
101064,1
101068,4
101070,0
101072,4
101074,6
101076,3
101079,4
101086,4
101088,3
101097,3
101104,0
101106,5
101112,6
101123,3
101127,6
101133,5
101137,2
101142,6
101156,4
101158,5
101160,5
101162,5
101168,4
101170,6
101176,5
101178,4
101180,3
101186,0
101188,5
101197,4
101200,4
101204,0
101207,1
101210,2
101212,4
101214,1
101216,5
101218,5
101220,5
101222,3
101224,4
101226,2
101229,4
101233,0
101235,0
101237,5
101239,4
101241,3
101243,0
101245,5
101247,1
101249,3
101258,3
101260,4
101262,0
101264,4
101273,3
101281,0
101283,0
101285,2
101287,3
101289,3
101294,4
101296,0
101299,4
101301,3
101303,3
101305,4
101307,4
101319,1
101322,1
101329,5
101335,5
101337,3
101339,3
101341,5
101350,4
101352,5
101355,3
101360,0
101362,3
101371,3
101373,4
101375,4
101379,4
101381,5
101383,3
101388,2
101400,1
101402,1
101405,5
101409,4
101413,4
101415,0
101425,0
101428,3
101431,4
101433,4
101444,5
101446,0
101448,0
101450,0
101456,3
101458,3
101466,2
101470,4
101472,5
101476,4
101481,4
101485,4
101487,4
101489,3
101498,3
101505,4
101510,4
101525,2
101527,1
101529,3
101531,4
101534,4
101536,6
101577,3
101579,4
101581,4
101583,4
101585,4
101590,4
101592,4
101595,3
101597,4
101599,3
101606,5
101612,0
101614,3
101627,3
101629,5
101636,1
101640,6
101642,4
101646,4
101648,5
101650,5
101653,6
101662,2
101664,4
101666,4
101670,6
101674,3
101680,4
101682,4
101685,5
101687,2
101689,5
101692,1
101695,4
101703,0
101706,4
101708,6
101710,2
101715,2
101717,4
101719,3
101726,4
101728,4
101730,4
101732,4
101734,4
101739,3
101741,2
101747,3
101749,0
101754,5
101756,0
101761,2
101763,0
101765,4
101767,4
101770,4
101782,5
101794,4
101799,4
101801,4
101803,4
101812,4
101820,3
101823,2
101825,4
101827,0
101829,5
101833,5
101835,4
101844,5
101846,5
101848,5
101850,5
101855,5
101857,5
101862,5
101864,3
101872,3
101878,3
101880,4
101884,3
101887,4
101891,5
101893,0
101895,0
101897,3
101902,4
101904,5
101916,4
101918,5
101920,4
101935,1
101938,1
101940,5
101942,4
101944,5
101947,5
101950,1
101954,4
101957,4
101962,6
101964,5
101967,3
101969,5
101971,5
101973,0
101975,4
101979,4
101986,4
101989,3
101991,3
101997,0
101999,4
102005,0
102012,4
102025,3
102028,1
102033,2
102035,3
102037,4
102039,4
102047,0
102049,0
102062,5
102064,4
102066,3
102070,0
102072,3
102080,4
102082,4
102088,3
102090,3
102093,2
102109,4
102111,5
102113,3
102115,4
102119,2
102123,0
102125,0
102131,4
102133,5
102135,3
102138,2
102150,4
102152,4
102156,3
102158,4
102160,3
102171,4
102174,4
102176,5
102178,3
102180,0
102188,1
102192,4
102194,2
102199,5
102213,1
102219,6
102233,2
102235,5
102245,2
102248,4
102263,3
102273,3
102275,3
102286,4
102292,4
102294,4
102297,4
102303,4
102323,5
102325,4
102327,5
102354,0
102356,2
102373,0
102378,0
102388,2
102396,3
102399,0
102403,2
102407,0
102411,3
102413,5
102415,4
102417,4
102419,5
102421,4
102425,3
102429,2
102432,2
102436,5
102445,3
102450,4
102456,4
102469,3
102481,0
102483,4
102485,5
102487,3
102495,5
102499,3
102509,2
102514,2
102517,3
102521,0
102523,4
102526,5
102529,4
102535,0
102544,4
102557,0
102588,4
102590,6
102596,5
102602,0
102604,5
102606,4
102662,1
102664,6
102666,6
102672,5
102675,4
102677,4
102682,3
102684,3
102686,0
102688,5
102716,3
102720,6
102742,5
102744,2
102747,0
102751,5
102753,0
102760,2
102765,4
102777,4
102779,3
102794,6
102796,4
102798,0
102800,0
102804,1
102807,0
102817,3
102819,0
102821,5
102823,5
102826,0
102828,4
102830,2
102845,2
102854,3
102856,4
102860,5
102862,5
102868,4
102870,4
102876,5
102878,4
102880,3
102893,4
102895,4
102899,3
102901,4
102903,2
102905,0
102908,3
102910,1
102912,5
102917,5
102941,1
102947,4
102951,5
102953,4
102956,4
102961,4
102963,0
102965,1
102967,0
102969,3
102972,4
102974,4
102976,5
102980,4
102986,4
102989,0
102991,3
102993,0
102995,4
102997,4
103003,5
103006,2
103008,3
103017,0
103027,0
103030,0
103036,4
103040,4
103042,3
103044,4
103048,0
103050,4
103052,4
103055,4
103057,0
103059,0
103071,3
103075,3
103078,3
103083,0
103085,0
103087,4
103089,5
103091,5
103101,4
103103,3
103105,3
103107,5
103112,4
103114,4
103118,5
103120,4
103130,3
103132,3
103135,4
103137,2
103139,4
103141,6
103162,4
103171,4
103175,5
103177,4
103180,4
103182,0
103186,4
103190,6
103203,2
103206,3
103208,5
103210,6
103219,3
103221,0
103228,3
103237,4
103241,4
103243,4
103245,4
103249,3
103253,0
103255,5
103259,2
103266,2
103269,4
103271,5
103273,3
103275,5
103279,0
103282,3
103286,4
103288,5
103290,3
103292,2
103294,4
103296,5
103299,3
103301,4
103303,4
103306,3
103315,0
103317,4
103322,4
103324,3
103328,3
103330,3
103333,4
103335,6
103339,0
103341,0
103343,4
103361,4
103363,3
103366,2
103372,6
103374,3
103380,4
103384,1
103388,5
103406,4
103411,3
103418,4
103420,2
103422,5
103424,4
103435,4
103444,5
103446,3
103449,2
103452,5
103460,3
103474,5
103478,2
103483,3
103489,3
103502,4
103506,2
103515,1
103517,1
103521,5
103523,0
103525,4
103528,1
103534,0
103536,6
103539,0
103541,0
103543,4
103545,5
103547,3
103549,0
103554,3
103557,5
103561,5
103563,5
103567,4
103570,1
103576,6
103598,4
103600,5
103604,4
103606,0
103611,5
103614,4
103617,3
103621,3
103624,0
103626,4
103629,4
103631,4
103633,5
103635,5
103637,1
103639,4
103641,3
103645,3
103647,3
103651,3
103653,0
103655,0
103657,4
103661,0
103663,2
103665,3
103671,4
103673,5
103676,5
103681,2
103683,4
103685,1
103688,3
103690,2
103692,4
103695,4
103721,3
103727,3
103729,3
103731,3
103736,3
103741,4
103743,1
103749,3
103751,5
103753,5
103755,6
103759,1
103769,4
103772,3
103774,3
103776,3
103779,4
103784,5
103787,1
103790,5
103792,5
103794,4
103801,0
103806,4
103810,2
103816,3
103819,0
103823,2
103825,3
103827,4
103829,4
103831,4
103836,4
103840,4
103842,4
103846,5
103849,3
103851,4
103863,4
103865,4
103867,0
103869,3
103871,5
103873,3
103875,5
103877,5
103881,1
103883,2
103908,5
103910,4
103912,3
103920,4
103923,4
103935,5
103966,4
103968,4
103970,4
103972,3
103974,5
103978,4
103980,0
103982,3
103984,0
103990,3
103994,5
104000,3
104002,4
104011,4
104013,3
104015,3
104026,4
104028,2
104031,4
104033,5
104035,3
104039,3
104050,6
104054,1
104059,4
104061,5
104064,2
104066,5
104072,4
104074,3
104076,6
104078,0
104085,3
104089,0
104091,3
104093,0
104095,4
104097,6
104099,6
104119,4
104123,4
104126,0
104132,3
104135,3
104137,0
104139,3
104153,2
104155,4
104175,3
104177,5
104211,0
104213,4
104218,0
104224,5
104226,4
104231,2
104233,3
104239,5
104241,2
104243,3
104245,6
104249,2
104261,4
104264,4
104266,5
104270,3
104272,5
104274,3
104276,2
104280,2
104283,0
104285,4
104294,3
104298,3
104303,0
104307,4
104309,5
104312,3
104314,5
104317,4
104319,0
104321,4
104335,6
104337,0
104339,0
104345,1
104350,5
104352,5
104356,4
104361,0
104372,2
104374,0
104376,5
104379,0
104384,5
104386,3
104388,3
104390,4
104392,3
104406,4
104408,3
104414,4
104423,0
104431,3
104441,2
104451,3
104453,5
104457,0
104459,0
104462,1
104464,4
104472,4
104480,0
104489,4
104491,4
104493,4
104495,4
104498,4
104504,4
104506,4
104508,4
104513,3
104518,3
104520,6
104524,2
104526,4
104540,2
104542,4
104546,4
104552,3
104561,3
104563,4
104569,1
104576,3
104583,6
104588,4
104590,4
104595,5
104597,4
104604,4
104606,1
104608,3
104610,3
104612,5
104625,4
104627,0
104629,3
104631,4
104636,5
104638,3
104640,2
104642,1
104654,4
104656,1
104662,4
104669,4
104671,3
104673,3
104675,4
104685,6
104698,3
104712,0
104721,5
104723,4
104726,5
104728,5
104731,2
104733,0
104736,2
104741,4
104743,4
104757,5
104760,2
104762,4
104774,4
104776,1
104778,1
104795,1
104805,3
104807,5
104809,2
104815,1
104817,1
104823,4
104829,0
104832,2
104837,2
104839,4
104841,3
104843,4
104847,4
104849,3
104854,0
104863,0
104867,0
104870,3
104875,0
104879,3
104881,3
104883,3
104903,4
104906,4
104908,3
104910,4
104913,0
104920,0
104923,4
104925,2
104936,5
104944,0
104947,3
104954,4
104959,4
104961,1
104969,0
104971,5
104973,5
104975,5
104984,3
104996,3
104998,4
105011,5
105017,4
105028,4
105032,4
105037,0
105040,3
105042,4
105044,4
105047,3
105049,0
105051,4
105053,3
105057,0
105071,3
105073,2
105077,0
105079,1
105081,4
105084,4
105086,0
105104,4
105117,4
105119,0
105121,1
105128,5
105130,1
105133,3
105135,3
105142,1
105144,3
105147,3
105155,5
105157,4
105159,0
105165,3
105176,3
105178,3
105181,3
105193,4
105197,0
105204,3
105206,3
105211,0
105213,0
105215,5
105217,6
105223,1
105227,5
105236,6
105238,4
105240,2
105242,3
105244,5
105246,0
105250,5
105252,3
105254,0
105266,5
105279,2
105282,4
105288,2
105290,2
105292,3
105296,3
105299,5
105302,2
105304,4
105314,6
105320,1
105328,5
105330,4
105338,3
105340,0
105343,2
105345,4
105351,2
105353,4
105355,0
105357,4
105359,4
105364,3
105366,4
105368,4
105375,3
105377,4
105379,3
105382,4
105404,4
105406,2
105408,3
105410,2
105412,5
105414,4
105416,1
105420,0
105423,4
105429,5
105435,4
105439,3
105444,1
105446,4
105448,4
105450,1
105453,3
105455,3
105465,6
105468,6
105470,3
105474,4
105477,2
105484,2
105490,4
105492,2
105495,4
105497,5
105499,1
105502,3
105504,3
105509,3
105519,3
105531,0
105533,2
105542,4
105560,2
105565,4
105571,4
105575,4
105577,3
105585,2
105589,4
105591,5
105593,0
105595,4
105597,0
105599,6
105601,3
105608,4
105612,2
105616,3
105618,1
105620,4
105628,2
105653,3
105659,0
105663,5
105665,4
105703,0
105709,2
105713,4
105715,4
105717,4
105720,0
105731,3
105733,0
105742,3
105748,2
105753,4
105755,2
105765,5
105767,5
105769,6
105772,3
105776,3
105778,4
105792,4
105796,1
105799,5
105801,3
105803,3
105805,5
105811,3
105813,3
105815,3
105821,3
105825,4
105827,3
105835,0
105837,3
105839,3
105841,4
105844,0
105846,4
105849,4
105855,0
105863,0
105865,4
105869,2
105873,5
105884,4
105886,1
105888,5
105890,4
105892,4
105901,4
105906,5
105915,5
105918,5
105926,3
105928,6
105936,3
105938,3
105943,5
105950,4
105952,5
105954,3
105959,3
105961,4
105963,3
105972,4
105974,2
105976,4
105985,5
106002,3
106004,2
106011,6
106017,4
106019,5
106022,6
106024,2
106026,4
106028,4
106030,3
106032,3
106034,4
106037,4
106040,4
106046,2
106052,5
106054,2
106057,4
106059,4
106062,0
106066,3
106072,3
106074,5
106076,5
106078,2
106080,2
106082,5
106090,2
106092,4
106094,3
106098,5
106100,0
106107,5
106109,0
106111,4
106115,5
106136,2
106138,2
106141,4
106144,4
106147,4
106156,5
106158,4
106163,0
106170,3
106173,5
106190,1
106195,3
106202,5
106204,4
106208,5
106212,5
106214,4
106226,4
106230,5
106232,4
106234,3
106236,5
106238,3
106240,6
106243,3
106245,3
106254,2
106270,4
106284,4
106286,4
106295,3
106297,3
106300,3
106304,2
106306,5
106326,4
106330,0
106332,5
106336,4
106342,4
106346,4
106348,3
106351,1
106355,2
106363,4
106365,2
106371,4
106376,4
106378,4
106382,2
106387,3
106397,5
106399,2
106401,2
106403,4
106405,5
106415,4
106419,4
106421,5
106423,4
106431,5
106436,4
106438,0
106441,1
106443,4
106452,0
106458,4
106460,4
106466,4
106468,4
106471,6
106473,6
106475,3
106483,4
106487,1
106489,3
106491,0
106493,0
106495,4
106498,6
106501,4
106503,5
106506,1
106508,3
106521,3
106523,6
106525,4
106527,6
106538,4
106540,0
106542,4
106549,4
106559,3
106563,4
106565,0
106581,1
106583,2
106590,3
106592,4
106594,4
106611,3
106614,4
106620,3
106622,5
106624,1
106644,4
106672,4
106682,5
106686,5
106690,4
106696,0
106698,3
106704,2
106722,5
106729,3
106734,4
106736,0
106745,0
106747,4
106753,4
106762,1
106766,0
106770,4
106782,0
106785,3
106808,4
106820,4
106822,4
106824,4
106832,1
106839,0
106841,0
106848,3
106852,3
106854,4
106863,4
106868,2
106870,3
106877,4
106879,3
106881,4
106883,4
106887,4
106889,5
106892,5
106895,5
106897,4
106906,3
106914,5
106916,0
106918,0
106920,0
106927,3
106963,4
106965,4
106967,4
106970,0
106972,5
106983,0
106986,6
106988,4
106990,5
106992,4
106994,5
106996,2
106998,3
107000,0
107002,5
107004,4
107022,1
107024,5
107028,3
107039,4
107042,5
107050,1
107052,5
107061,6
107063,2
107065,4
107067,5
107069,1
107081,3
107083,0
107085,3
107096,5
107098,4
107100,4
107102,5
107117,5
107128,2
107130,0
107132,3
107137,3
107141,0
107143,5
107147,4
107150,4
107153,3
107155,3
107157,4
107159,3
107174,5
107183,5
107185,3
107188,3
107194,4
107196,5
107199,5
107202,5
107215,4
107217,6
107234,3
107236,2
107241,5
107243,4
107246,3
107248,3
107252,1
107262,3
107274,0
107278,3
107281,4
107291,4
107295,4
107297,5
107302,4
107304,6
107306,6
107309,4
107314,3
107328,3
107334,4
107338,3
107342,3
107344,3
107346,3
107348,0
107350,5
107352,1
107354,5
107357,4
107359,4
107361,3
107368,0
107370,3
107372,4
107380,4
107382,5
107397,4
107400,5
107404,2
107406,3
107408,0
107410,3
107412,0
107418,3
107426,3
107430,4
107432,4
107436,3
107442,4
107445,3
107447,2
107462,2
107466,4
107477,2
107481,4
107501,5
107505,3
107516,4
107535,4
107537,0
107539,1
107541,0
107546,6
107548,3
107557,4
107561,4
107563,4
107565,0
107573,4
107591,4
107595,4
107603,4
107614,0
107623,5
107625,4
107630,4
107632,4
107636,5
107638,1
107645,4
107649,3
107653,6
107656,1
107658,6
107662,6
107664,1
107669,4
107671,4
107673,3
107675,2
107682,1
107684,3
107690,4
107692,2
107700,5
107702,0
107704,5
107707,6
107710,5
107713,5
107716,4
107723,3
107725,5
107730,5
107732,6
107737,3
107740,3
107747,3
107752,3
107754,5
107756,4
107758,4
107769,3
107771,0
107774,4
107776,1
107778,2
107782,2
107827,0
107842,4
107846,3
107848,5
107851,4
107853,4
107855,3
107863,2
107865,4
107867,3
107875,2
107877,1
107879,3
107881,5
107883,0
107885,4
107888,4
107890,4
107901,4
107903,1
107906,4
107910,5
107912,1
107916,0
107919,3
107949,0
107951,2
107953,6
107955,2
107958,6
107964,4
107966,4
107968,1
107970,5
107972,4
107974,4
107976,4
107984,1
107987,0
107990,0
108001,5
108003,4
108005,4
108007,4
108010,4
108012,4
108016,1
108041,0
108046,1
108048,1
108050,1
108052,4
108056,6
108065,4
108072,4
108076,5
108078,4
108085,3
108122,4
108125,2
108136,4
108138,3
108141,3
108143,5
108149,5
108156,0
108158,0
108160,4
108188,3
108190,3
108200,2
108202,5
108204,2
108206,4
108209,4
108212,0
108218,4
108220,5
108237,6
108243,3
108250,2
108253,3
108255,6
108257,2
108265,3
108271,4
108282,2
108285,3
108287,4
108289,4
108304,4
108306,2
108311,2
108313,4
108316,5
108318,2
108328,4
108332,3
108342,0
108360,2
108370,4
108374,4
108389,4
108395,4
108403,5
108405,4
108407,4
108425,4
108427,4
108430,4
108432,4
108445,4
108447,3
108466,3
108468,4
108473,4
108476,4
108479,3
108488,4
108491,5
108497,3
108499,0
108503,3
108506,4
108508,4
108510,4
108514,0
108516,5
108529,4
108534,2
108536,5
108538,1
108542,1
108544,4
108546,0
108551,4
108564,4
108566,0
108569,3
108571,5
108575,5
108579,3
108588,4
108592,4
108595,5
108599,3
108601,4
108635,1
108637,1
108639,1
108647,0
108649,5
108653,4
108656,2
108658,4
108660,5
108663,4
108667,5
108674,4
108676,4
108679,1
108687,4
108689,3
108696,3
108699,2
108715,0
108727,0
108729,3
108743,4
108748,5
108752,1
108754,4
108756,4
108758,4
108760,2
108773,4
108775,3
108778,0
108780,0
108787,0
108789,4
108791,0
108797,3
108799,4
108802,2
108806,4
108808,3
108811,4
108813,2
108825,6
108852,3
108857,3
108864,2
108866,4
108869,4
108871,5
108873,4
108877,4
108879,6
108885,5
108888,4
108893,3
108895,3
108899,0
108901,4
108918,4
108920,4
108924,1
108928,1
108930,3
108932,6
108934,4
108936,4
108938,4
108940,2
108942,4
108945,3
108949,2
108951,4
108968,1
108970,2
108977,2
108981,3
108983,6
108993,4
108995,4
108997,4
109000,0
109002,4
109004,5
109006,4
109008,3
109010,4
109015,4
109017,2
109019,2
109027,4
109032,1
109034,5
109038,5
109042,0
109053,3
109055,2
109062,0
109064,5
109066,4
109069,5
109072,2
109074,4
109096,6
109102,6
109104,6
109106,4
109127,3
109151,5
109153,5
109155,5
109157,0
109159,4
109168,3
109177,4
109179,4
109181,0
109183,4
109185,6
109187,0
109189,0
109191,3
109193,4
109197,3
109199,3
109203,0
109205,5
109209,5
109226,3
109229,2
109233,1
109235,4
109237,4
109239,4
109241,2
109243,0
109245,3
109265,0
109267,0
109271,4
109273,1
109277,6
109280,5
109282,5
109290,4
109295,2
109313,0
109317,4
109319,3
109321,6
109323,5
109325,5
109330,1
109351,4
109353,4
109355,1
109357,4
109359,4
109362,2
109364,6
109366,2
109368,5
109372,4
109374,0
109376,4
109381,4
109383,6
109385,5
109388,4
109390,2
109392,4
109399,2
109418,4
109420,6
109423,6
109425,6
109441,2
109446,3
109448,3
109450,4
109452,0
109455,2
109457,4
109459,4
109461,0
109463,4
109468,4
109470,4
109472,3
109474,4
109476,4
109479,3
109481,4
109483,0
109485,4
109487,3
109489,2
109492,5
109512,4
109524,4
109529,5
109533,0
109559,4
109561,4
109565,4
109567,1
109569,2
109576,4
109578,3
109580,0
109596,6
109598,5
109600,3
109602,3
109607,3
109613,5
109616,5
109621,5
109623,6
109627,3
109629,4
109633,0
109635,5
109638,4
109640,4
109643,4
109645,4
109647,2
109651,4
109653,3
109665,2
109667,0
109669,1
109671,3
109673,1
109675,4
109677,6
109680,4
109682,4
109684,6
109687,5
109697,2
109701,4
109704,0
109706,4
109708,2
109713,3
109718,4
109720,3
109723,2
109726,3
109728,4
109733,6
109736,4
109738,1
109740,0
109742,3
109745,1
109747,4
109764,2
109767,6
109769,2
109771,3
109773,4
109776,6
109779,1
109781,0
109783,6
109786,4
109790,3
109793,3
109796,4
109798,3
109800,5
109802,3
109808,4
109810,4
109812,4
109833,0
109837,1
109846,6
109848,3
109850,1
109853,4
109858,4
109864,2
109867,4
109869,4
109881,4
109887,4
109889,4
109891,3
109893,2
109895,0
109897,3
109902,5
109904,5
109910,4
109917,4
109919,4
109921,5
109923,4
109925,2
109929,5
109931,0
109935,4
109941,6
109943,4
109945,4
109947,0
109949,3
109951,3
109953,6
109963,4
109968,3
109971,4
109979,4
109981,4
109983,4
109985,3
109987,4
109989,4
109991,3
109993,6
110004,3
110006,1
110008,3
110030,1
110032,2
110034,0
110042,4
110044,3
110046,4
110048,0
110052,4
110056,4
110058,0
110061,4
110063,4
110065,2
110067,4
110070,3
110088,1
110090,3
110102,3
110104,3
110106,0
110108,4
110110,0
110114,4
110116,0
110127,3
110130,6
110134,3
110136,5
110138,6
110151,1
110153,4
110155,4
110157,4
110159,4
110161,1
110163,4
110171,4
110173,2
110177,2
110179,4
110181,3
110190,2
110194,5
110198,5
110200,5
110219,4
110221,3
110223,3
110225,3
110227,0
110229,6
110233,4
110235,2
110248,1
110250,1
110253,4
110255,4
110259,1
110262,4
110265,4
110267,4
110269,4
110273,1
110276,3
110278,2
110281,4
110284,4
110293,4
110295,3
110297,0
110314,4
110316,4
110318,3
110320,4
110322,2
110324,5
110326,4
110328,4
110330,4
110339,3
110346,2
110350,5
110352,3
110354,4
110372,4
110377,4
110380,5
110384,4
110387,5
110399,1
110401,4
110403,1
110407,3
110409,1
110417,3
110426,2
110428,2
110431,3
110433,3
110435,2
110439,4
110441,4
110447,5
110449,2
110453,0
110457,3
110459,2
110461,0
110476,1
110484,5
110486,2
110497,1
110501,2
110503,2
110505,3
110508,3
110512,4
110515,4
110517,4
110519,2
110535,4
110537,0
110548,5
110553,3
110557,2
110560,4
110562,4
110564,3
110568,3
110582,5
110584,5
110586,0
110588,5
110591,3
110593,0
110597,0
110599,0
110601,3
110603,3
110605,1
110607,3
110609,4
110611,3
110613,2
110627,2
110629,4
110633,0
110635,6
110643,3
110647,4
110649,1
110651,3
110653,2
110655,6
110657,4
110671,4
110673,2
110675,0
110678,5
110686,2
110690,1
110692,4
110696,1
110718,0
110730,0
110737,4
110739,4
110744,4
110746,3
110748,3
110750,3
110752,5
110759,4
110761,0
110763,4
110765,4
110769,2
110771,0
110773,3
110779,4
110788,4
110790,4
110792,5
110794,5
110796,4
110805,6
110809,3
110811,2
110813,4
110818,1
110820,2
110822,2
110826,2
110828,2
110845,4
110848,4
110850,4
110852,0
110854,4
110856,4
110858,3
110860,2
110862,4
110864,1
110867,1
110871,4
110880,2
110882,0
110884,1
110887,2
110889,4
110892,5
110895,5
110899,2
110916,2
110919,4
110921,0
110923,2
110925,1
110948,4
110966,5
110968,0
110970,4
110973,4
110975,3
111036,3
111038,4
111042,4
111048,4
111100,1
111103,4
111105,4
111107,2
111109,1
111113,0
111115,4
111119,1
111124,2
111126,3
111128,4
111130,5
111142,3
111150,4
111230,5
111235,5
111237,5
111245,4
111249,0
111251,0
111255,3
111257,1
111259,3
111261,1
111264,0
111266,4
111283,0
111285,2
111287,3
111290,2
111303,5
111307,4
111310,4
111312,3
111314,1
111316,3
111318,3
111320,4
111322,3
111325,3
111332,4
111343,4
111345,2
111349,0
111358,2
111360,3
111362,3
111364,3
111368,2
111370,1
111373,3
111375,0
111384,3
111387,4
111389,0
111401,4
111403,4
111405,6
111411,3
111439,6
111443,0
111445,3
111447,3
111449,4
111456,2
111462,3
111464,4
111499,3
111505,4
111507,1
111509,2
111515,3
111523,3
111525,4
111536,2
111538,3
111540,3
111542,3
111551,3
111553,4
111560,4
111562,1
111568,4
111573,2
111575,4
111578,3
111583,0
111585,4
111592,5
111597,3
111599,2
111603,5
111614,4
111617,0
111622,0
111624,4
111626,5
111628,3
111630,3
111632,4
111638,4
111647,5
111649,4
111653,3
111655,2
111657,4
111659,3
111661,3
111663,0
111665,4
111667,1
111678,1
111680,4
111687,4
111689,0
111691,1
111696,4
111700,4
111702,1
111704,1
111706,4
111716,2
111718,2
111720,5
111732,0
111734,4
111743,1
111745,3
111749,0
111752,4
111757,5
111759,0
111762,4
111766,6
111774,5
111776,1
111778,3
111781,3
111789,6
111791,2
111793,1
111804,3
111811,4
111813,5
111815,2
111817,4
111842,0
111846,4
111848,1
111852,5
111854,4
111856,3
111868,0
111872,4
111874,4
111876,3
111880,5
111885,4
111887,5
111899,4
111901,4
111913,0
111915,1
111917,4
111919,2
111921,0
111924,0
111931,3
111944,4
111995,4
111997,3
111999,4
112001,2
112015,2
112017,4
112019,3
112021,4
112023,4
112056,4
112060,0
112062,4
112064,4
112066,6
112070,0
112072,4
112074,2
112076,1
112078,1
112081,3
112083,5
112085,0
112087,0
112095,4
112112,4
112138,2
112171,2
112173,4
112175,6
112181,4
112183,0
112185,4
112187,4
112204,1
112206,2
112212,3
112214,2
112221,4
112224,4
112229,3
112232,1
112234,1
112236,5
112242,4
112245,4
112247,3
112249,6
112251,3
112253,2
112255,5
112257,4
112259,4
112261,4
112273,4
112275,5
112277,3
112279,5
112281,4
112283,3
112288,4
112290,0
112293,2
112299,1
112301,0
112303,4
112307,4
112309,0
112316,0
112320,3
112326,3
112328,3
112330,4
112332,2
112334,5
112338,5
112342,5
112353,2
112359,2
112361,1
112365,2
112367,5
112370,3
112381,0
112383,3
112385,3
112393,4
112395,1
112399,5
112404,2
112408,4
112412,3
112419,4
112421,0
112425,4
112432,5
112434,4
112436,4
112439,4
112448,5
112450,0
112452,5
112454,4
112458,4
112460,6
112463,2
112467,4
112469,5
112471,0
112473,0
112481,4
112483,2
112485,0
112488,1
112493,6
112495,5
112497,0
112501,4
112506,3
112508,4
112510,4
112512,6
112517,4
112519,5
112538,3
112540,4
112546,4
112548,4
112550,4
112552,0
112554,4
112556,0
112563,4
112565,4
112570,4
112577,4
112580,0
112582,5
112591,5
112594,4
112596,4
112599,3
112601,3
112603,4
112612,3
112614,3
112617,2
112621,4
112623,3
112625,4
112635,4
112637,3
112640,6
112642,3
112644,4
112648,4
112650,4
112653,5
112655,3
112657,5
112663,1
112670,1
112672,1
112689,3
112693,4
112695,1
112697,1
112700,4
112702,4
112705,3
112710,0
112717,4
112719,3
112723,1
112725,1
112727,3
112729,4
112731,3
112733,5
112735,4
112741,4
112743,4
112749,4
112751,3
112753,3
112759,4
112762,4
112767,0
112772,3
112774,2
112776,3
112780,3
112782,3
112788,0
112792,3
112798,4
112800,1
112802,3
112804,0
112807,6
112809,6
112811,1
112814,5
112818,3
112840,2
112842,4
112846,6
112850,0
112852,3
112854,4
112856,5
112866,3
112868,3
112871,4
112877,1
112880,4
112882,3
112890,0
112893,4
112895,3
112897,0
112901,4
112905,4
112907,4
112909,4
112911,3
112913,6
112921,5
112925,4
112929,0
112938,2
112940,3
112942,2
112944,4
112946,0
112948,1
112950,4
112953,3
112955,0
112957,4
112959,2
112961,0
112974,4
112982,4
112988,4
112990,4
112992,3
112995,4
112999,3
113001,4
113008,4
113010,2
113012,4
113014,1
113016,4
113018,1
113020,4
113024,2
113029,2
113033,4
113035,4
113037,4
113039,4
113041,2
113045,6
113048,0
113058,4
113060,6
113062,4
113064,0
113066,6
113068,1
113071,3
113073,3
113080,3
113083,1
113085,2
113089,5
113092,5
113099,2
113101,4
113103,4
113105,2
113107,3
113109,3
113126,5
113128,5
113132,4
113139,0
113141,4
113143,3
113145,4
113149,4
113152,4
113162,4
113168,1
113170,6
113174,4
113176,4
113184,2
113186,3
113188,2
113195,2
113198,1
113203,3
113205,4
113207,0
113209,5
113214,5
113216,3
113218,3
113220,5
113223,4
113225,0
113227,4
113232,4
113234,3
113236,3
113238,4
113240,0
113244,5
113246,4
113250,2
113252,0
113254,6
113256,4
113263,4
113275,0
113280,4
113284,1
113286,2
113288,1
113302,3
113304,5
113306,3
113309,3
113311,2
113313,3
113315,0
113317,1
113319,2
113325,2
113327,2
113337,4
113345,3
113348,3
113350,4
113352,2
113354,5
113368,4
113370,4
113374,6
113376,2
113378,3
113380,4
113394,4
113416,2
113420,5
113424,4
113430,5
113432,5
113449,2
113451,1
113453,2
113457,4
113459,4
113464,5
113466,5
113468,1
113474,3
113476,3
113478,4
113492,4
113495,2
113497,6
113503,4
113505,3
113507,4
113510,2
113515,1
113521,0
113524,4
113527,1
113532,4
113534,2
113536,3
113539,3
113541,1
113543,4
113545,4
113549,6
113551,4
113553,2
113555,4
113557,3
113559,0
113561,4
113563,1
113565,3
113573,2
113575,4
113577,1
113580,4
113582,4
113585,2
113604,0
113608,1
113614,4
113630,4
113632,5
113634,5
113636,5
113638,4
113640,3
113644,2
113646,4
113648,4
113659,4
113663,1
113668,1
113674,3
113678,4
113682,4
113692,2
113696,0
113698,2
113701,4
113705,0
113707,4
113709,3
113711,0
113717,3
113721,5
113723,4
113725,4
113739,5
113741,3
113743,4
113746,4
113749,2
113751,4
113755,4
113757,4
113765,4
113767,4
113769,3
113771,3
113775,3
113778,3
113780,3
113783,4
113790,5
113793,5
113795,3
113798,2
113800,0
113803,4
113806,4
113808,1
113812,2
113814,1
113816,5
113829,0
113838,4
113840,4
113843,5
113845,5
113847,5
113849,2
113851,3
113853,3
113855,5
113860,5
113862,3
113864,5
113866,3
113868,5
113889,3
113895,4
113898,1
113902,4
113904,4
113906,3
113908,5
113911,5
113924,1
113933,2
113938,5
113943,2
113945,2
113947,4
113949,4
113951,4
113953,4
113955,4
113970,5
113972,5
113981,1
113983,4
113989,4
113991,6
113995,4
114003,5
114007,3
114009,5
114013,3
114015,1
114017,4
114028,0
114033,3
114035,3
114042,0
114044,0
114046,4
114048,4
114060,2
114062,3
114064,3
114066,5
114068,5
114070,5
114072,6
114074,0
114078,6
114085,3
114087,1
114089,1
114091,4
114093,3
114095,4
114122,4
114124,4
114126,5
114128,2
114134,4
114136,1
114138,4
114140,1
114142,3
114146,2
114164,4
114166,2
114168,3
114170,5
114172,4
114174,4
114177,3
114180,3
114182,3
114184,0
114186,5
114188,3
114191,5
114195,5
114197,5
114217,2
114234,4
114238,4
114240,6
114244,3
114246,3
114248,2
114250,0
114252,1
114254,5
114256,2
114263,4
114265,4
114267,3
114269,5
114271,5
114273,1
114277,0
114280,5
114282,5
114286,1
114288,1
114292,2
114329,4
114333,4
114335,0
114337,3
114340,4
114342,0
114353,4
114355,3
114357,3
114359,4
114361,4
114363,4
114365,4
114369,1
114371,2
114373,3
114376,2
114378,3
114380,2
114382,1
114392,1
114394,4
114396,4
114398,4
114400,3
114417,4
114420,2
114422,4
114426,2
114429,4
114433,6
114436,2
114439,2
114453,4
114455,4
114457,4
114459,0
114461,6
114486,5
114489,3
114492,4
114494,3
114505,4
114510,4
114514,4
114535,4
114550,3
114552,6
114554,6
114556,3
114561,3
114563,5
114565,5
114567,4
114569,2
114571,4
114573,4
114577,1
114591,1
114593,4
114595,4
114599,4
114601,4
114604,5
114617,5
114620,4
114622,4
114624,1
114627,6
114631,5
114633,5
114635,5
114638,4
114640,3
114642,1
114652,5
114659,3
114662,1
114667,4
114670,3
114676,4
114678,0
114680,3
114683,4
114685,4
114687,1
114692,5
114694,4
114696,4
114698,3
114700,4
114702,4
114704,3
114713,3
114715,5
114717,4
114719,1
114721,6
114725,4
114752,3
114754,3
114756,3
114758,2
114760,4
114762,0
114764,1
114766,1
114773,4
114777,3
114779,4
114791,0
114793,6
114795,3
114799,2
114803,4
114805,5
114807,2
114809,2
114814,2
114818,2
114832,4
114834,0
114836,3
114838,3
114842,5
114847,3
114849,3
114852,3
114854,5
114856,3
114859,2
114861,6
114873,3
114875,3
114883,4
114888,3
114891,4
114895,3
114898,4
114900,4
114902,2
114922,4
114925,2
114928,3
114933,0
114935,3
114945,6
114947,3
114954,5
114958,6
114961,4
114963,4
114980,4
114984,3
114995,5
115004,4
115006,4
115008,6
115019,1
115023,3
115027,5
115038,4
115040,4
115042,4
115060,3
115065,6
115068,3
115071,5
115075,6
115078,4
115082,4
115084,1
115122,0
115130,0
115135,0
115137,5
115139,4
115145,5
115147,4
115149,0
115151,2
115160,4
115162,3
115164,1
115166,4
115170,0
115172,4
115174,0
115176,5
115178,4
115203,5
115205,4
115207,6
115210,3
115216,1
115218,2
115231,0
115233,5
115235,0
115238,6
115240,3
115242,3
115244,3
115247,2
115249,2
115251,2
115254,2
115256,2
115258,2
115263,5
115277,6
115279,4
115283,3
115285,3
115287,4
115291,3
115309,6
115333,2
115335,2
115337,2
115339,2
115341,2
115343,2
115348,4
115357,3
115364,6
115373,4
115376,3
115379,3
115381,4
115386,4
115388,4
115409,2
115412,4
115414,3
115417,4
115421,4
115423,5
115437,0
115439,1
115460,4
115463,4
115467,5
115469,4
115471,3
115473,3
115475,4
115479,1
115502,0
115518,3
115524,2
115526,3
115531,2
115534,3
115540,5
115543,2
115556,3
115558,6
115560,6
115562,6
115569,2
115574,2
115598,4
115600,4
115607,6
115611,6
115617,0
115620,2
115629,2
115635,4
115653,4
115664,0
115667,0
115669,3
115671,4
115673,5
115676,4
115678,4
115680,3
115682,1
115685,3
115687,3
115692,4
115699,3
115701,3
115703,3
115705,6
115708,6
115711,5
115713,3
115715,4
115721,0
115724,4
115727,3
115746,6
115748,6
115752,4
115754,4
115756,4
115759,2
115761,4
115763,4
115770,0
115772,4
115775,5
115777,3
115779,1
115784,4
115789,4
115791,4
115793,5
115795,5
115797,2
115799,4
115801,4
115819,6
115824,0
115826,5
115828,0
115831,5
115834,2
115836,2
115862,1
115864,2
115867,4
115871,3
115873,1
115875,6
115879,6
115881,6
115883,2
115885,3
115887,3
115889,2
115893,4
115895,0
115897,1
115899,4
115901,4
115903,4
115905,2
115907,2
115909,3
115911,3
115913,4
115915,1
115917,3
115919,3
115921,3
115923,1
115925,6
115927,6
115929,6
115931,6
115933,4
115935,6
115937,3
115939,6
115941,6
115943,6
115945,6
115947,6
115949,6
115951,3
115953,1
115955,3
115957,4
115961,3
115963,2
115965,2
115967,3
115969,1
115971,3
115973,2
115975,4
115977,5
115979,3
115981,4
115983,1
115985,1
115987,3
115989,1
115991,0
115994,4
115996,3
115998,3
116000,3
116002,5
116004,4
116006,1
116008,4
116010,3
116012,2
116014,4
116016,4
116018,5
116020,4
116022,4
116024,4
116026,4
116028,3
116030,3
116032,3
116034,3
116036,3
116038,3
116042,4
116044,4
116046,4
116048,4
116050,4
116052,4
116054,4
116056,4
116058,4
116060,1
116062,2
116064,2
116066,2
116068,4
116070,1
116072,4
116074,4
116076,3
116078,1
116080,3
116082,5
116084,5
116086,5
116088,4
116090,4
116092,4
116094,4
116096,4
116098,4
116100,4
116102,4
116104,5
116106,5
116108,5
116112,4
116114,1
116116,1
116118,1
116120,1
116122,4
116124,4
116126,4
116128,3
116130,3
116132,2
116134,4
116136,0
116138,0
116141,4
116155,0
116157,3
116159,5
116161,0
116163,4
116165,4
116167,4
116169,3
116171,4
116173,4
116175,4
116177,4
116179,0
116181,2
116183,4
116185,4
116187,4
116189,4
116191,3
116193,4
116195,4
116197,3
116199,3
116201,2
116203,2
116205,3
116207,2
116209,1
116211,4
116213,6
116215,6
116217,6
116219,6
116221,4
116223,4
116225,4
116227,0
116229,4
116231,4
116233,2
116235,4
116237,4
116239,4
116241,2
116243,2
116245,4
116247,4
116249,4
116251,4
116253,5
116255,2
116257,4
116259,6
116261,4
116263,1
116265,4
116267,4
116271,4
116273,4
116275,4
116277,3
116279,4
116281,3
116283,4
116285,3
116287,4
116289,2
116291,4
116295,4
116297,3
116299,3
116301,3
116305,4
116307,0
116309,2
116311,3
116313,4
116315,3
116317,3
116319,3
116321,1
116323,2
116325,3
116327,3
116329,4
116331,3
116333,3
116335,3
116337,3
116339,4
116341,4
116343,4
116345,4
116347,4
116349,2
116351,2
116387,4
116397,3
116399,4
116401,4
116403,4
116405,4
116407,3
116409,4
116411,0
116413,4
116415,4
116417,3
116419,2
116421,4
116423,5
116425,4
116427,4
116429,4
116431,5
116433,5
116435,5
116437,5
116439,4
116441,4
116443,2
116445,4
116447,1
116449,4
116451,6
116453,4
116455,4
116457,4
116459,2
116461,6
116463,4
116465,2
116467,4
116469,3
116471,4
116473,4
116475,4
116477,5
116479,4
116481,5
116483,4
116485,4
116487,3
116489,0
116491,4
116493,3
116495,4
116497,4
116499,6
116501,3
116503,3
116505,4
116507,4
116509,4
116511,4
116513,4
116515,1
116517,4
116519,3
116521,4
116523,2
116525,0
116527,4
116529,1
116531,4
116533,3
116535,3
116537,4
116539,4
116543,4
116547,2
116549,4
116551,2
116553,1
116555,3
116557,4
116560,1
116562,4
116564,3
116566,4
116568,4
116570,4
116572,2
116574,6
116578,3
116580,6
116584,2
116586,4
116588,1
116590,1
116594,1
116596,4
116598,2
116600,4
116604,3
116606,4
116608,3
116647,1
116660,0
116664,5
116666,3
116668,3
116674,1
116678,3
116680,3
116682,3
116686,3
116688,3
116694,3
116696,3
116698,2
116700,6
116702,3
116704,4
116708,4
116710,0
116716,4
116718,0
116720,3
116722,4
116724,4
116726,3
116728,4
116730,3
116732,0
116734,3
116736,2
116738,3
116740,5
116742,4
116744,3
116748,3
116750,2
116752,4
116754,4
116756,2
116758,3
116760,1
116762,3
116766,3
116768,3
116770,3
116772,1
116779,5
116781,0
116783,3
116787,1
116789,2
116791,4
116793,2
116797,0
116799,0
116801,4
116803,1
116805,4
116807,0
116809,3
116811,3
116813,3
116815,3
116817,4
116819,6
116821,4
116823,3
116825,3
116831,2
116833,6
116835,6
116837,6
116839,4
116841,0
116843,5
116845,5
116847,5
116849,4
116851,3
116853,3
116855,0
116857,1
116859,0
116861,4
116863,4
116865,4
116867,4
116869,4
116871,4
116877,4
116879,2
116881,0
116883,2
116885,4
116887,3
116889,1
116891,1
116893,2
116895,3
116897,0
116899,6
116901,3
116903,6
116905,6
116907,5
116909,4
116911,6
116913,4
116915,3
116917,4
116919,4
116921,4
116923,4
116925,4
116927,6
116929,3
116931,4
116933,1
116935,3
116937,4
116939,6
116941,6
116943,2
116945,4
116947,4
116949,4
116951,0
116953,5
116955,4
116957,4
116959,5
116961,5
116963,4
116965,5
116969,6
116971,3
116973,3
116975,5
116977,0
116979,6
116981,3
116983,1
116985,0
116987,1
116989,5
116991,5
117003,5
117017,3
117022,3
117061,4
117065,3
117103,2
117105,4
117107,0
117109,0
117111,6
117113,2
117115,3
117117,4
117119,2
117121,3
117123,0
117125,4
117127,4
117129,3
117133,3
117136,4
117138,0
117140,2
117142,1
117144,4
117146,4
117148,4
117150,4
117152,4
117154,4
117156,4
117158,6
117160,4
117162,4
117164,5
117166,4
117168,4
117170,4
117172,4
117174,4
117176,0
117178,4
117180,3
117182,5
117184,4
117186,1
117188,2
117190,2
117194,4
117196,4
117198,0
117300,4
117302,1
117304,3
117306,4
117308,4
117310,0
117312,4
117314,5
117316,4
117318,3
117320,4
117322,4
117324,2
117326,4
117328,4
117330,3
117332,4
117334,4
117336,4
117338,3
117340,4
117342,4
117344,3
117346,3
117348,3
117350,4
117352,4
117354,3
117356,3
117358,3
117360,2
117362,4
117364,5
117366,2
117368,6
117370,2
117372,3
117374,5
117376,4
117415,5
117418,6
117420,3
117424,2
117426,1
117428,4
117430,6
117432,4
117434,3
117436,4
117438,6
117440,3
117442,6
117444,6
117446,6
117448,4
117450,3
117452,4
117454,6
117456,0
117458,4
117460,3
117462,3
117464,2
117466,3
117468,2
117470,4
117472,3
117474,3
117476,4
117478,2
117480,6
117482,4
117484,4
117486,6
117488,4
117490,3
117492,3
117494,3
117496,3
117498,4
117500,4
117502,4
117504,2
117506,2
117509,4
117511,4
117513,1
117515,5
117517,0
117519,4
117521,4
117523,4
117525,5
117527,4
117529,3
117531,5
117533,5
117535,4
117537,4
117539,4
117541,4
117543,4
117545,6
117547,4
117549,3
117551,4
117553,3
117555,5
117557,4
117559,4
117561,4
117563,4
117565,1
117567,4
117570,4
117572,2
117574,3
117576,3
117578,4
117580,4
117582,4
117584,6
117586,4
117588,2
117590,0
117592,1
117594,0
117596,1
117598,3
117602,4
117604,5
117606,4
117608,2
117610,4
117612,4
117614,4
117616,4
117618,6
117620,4
117622,3
117624,4
117626,4
117628,3
117630,2
117632,4
117634,4
117636,4
117638,4
117640,2
117642,3
117644,2
117646,3
117648,2
117650,3
117652,4
117654,1
117656,4
117658,4
117660,3
117662,4
117664,4
117666,4
117668,3
117670,2
117672,3
117674,1
117676,3
117678,4
117680,4
117682,0
117684,4
117686,4
117688,4
117690,4
117692,3
117694,3
117696,3
117698,0
117700,4
117702,0
117704,4
117706,4
117708,2
117710,2
117712,6
117714,3
117716,2
117718,4
117720,6
117722,4
117724,4
117726,0
117728,4
117730,4
117732,4
117734,3
117736,4
117738,1
117740,6
117742,2
117744,4
117746,4
117748,4
117750,1
117752,4
117754,4
117756,1
117838,3
117843,4
117845,4
117847,4
117849,4
117851,6
117853,4
117855,4
117857,5
117859,4
117861,0
117863,4
117865,4
117867,1
117869,5
117871,1
117873,5
117875,4
117877,6
117879,5
117881,0
117883,4
117885,6
117887,0
117889,4
117891,1
117893,3
117895,3
117897,5
117899,4
117901,5
117903,6
117905,4
117907,4
117909,4
117911,6
117913,6
117918,4
117920,5
117922,6
117924,2
117926,5
117928,1
117930,4
117932,3
117954,2
117956,4
117958,4
117960,1
117962,4
117964,3
117966,3
117975,4
117977,4
117979,2
117981,2
117985,6
117987,4
117989,6
117995,2
117997,6
117999,1
118003,1
118006,4
118008,4
118010,1
118013,4
118017,4
118019,4
118021,1
118023,1
118025,4
118033,4
118036,2
118038,4
118040,4
118042,4
118050,4
118052,2
118054,4
118057,3
118082,2
118085,6
118091,4
118093,1
118095,5
118097,4
118099,4
118101,4
118103,3
118105,4
118107,4
118109,3
118111,4
118113,4
118115,4
118117,3
118133,5
118166,0
118173,6
118175,2
118177,3
118179,2
118183,3
118185,4
118189,3
118191,4
118193,4
118195,4
118198,5
118200,4
118202,3
118204,5
118206,5
118208,2
118212,1
118214,4
118216,2
118220,3
118222,2
118224,4
118226,4
118228,4
118232,4
118234,4
118236,4
118238,4
118242,4
118244,6
118246,0
118248,3
118250,3
118252,3
118254,3
118256,3
118258,2
118260,3
118262,4
118264,3
118266,3
118268,4
118270,3
118272,3
118274,4
118276,3
118278,4
118280,4
118282,3
118284,3
118288,5
118290,3
118294,5
118298,4
118300,2
118302,0
118324,4
118326,2
118328,3
118330,2
118332,3
118334,3
118338,3
118340,4
118342,3
118344,3
118346,3
118348,2
118350,2
118352,5
118354,2
118380,3
118388,4
118390,2
118392,3
118426,3
118446,3
118448,4
118450,4
118452,4
118454,3
118456,4
118458,3
118460,4
118462,5
118464,5
118466,5
118470,1
118472,1
118476,1
118478,4
118484,2
118486,4
118490,2
118492,4
118494,2
118496,6
118498,3
118504,2
118510,2
118512,4
118514,5
118516,4
118520,4
118522,2
118524,3
118528,2
118530,4
118532,4
118536,4
118538,4
118540,1
118542,4
118544,4
118546,4
118552,2
118556,2
118558,2
118560,4
118562,4
118568,2
118570,1
118572,2
118574,4
118576,4
118584,2
118608,6
118684,4
118686,4
118688,4
118690,1
118692,4
118694,3
118696,3
118698,4
118700,0
118702,1
118704,5
118706,3
118708,4
118710,2
118712,4
118716,3
118720,1
118726,1
118728,4
118730,4
118734,1
118736,3
118738,2
118740,4
118742,3
118744,1
118746,2
118748,2
118752,1
118754,1
118756,4
118758,3
118760,0
118762,4
118764,5
118766,5
118768,2
118770,1
118774,2
118776,4
118778,4
118780,4
118782,2
118784,5
118786,1
118788,5
118790,4
118792,3
118794,5
118796,3
118798,3
118800,3
118804,5
118806,4
118808,3
118810,3
118812,5
118814,0
118816,4
118818,4
118820,4
118822,5
118824,4
118826,3
118828,2
118830,4
118832,5
118834,4
118838,3
118840,3
118842,4
118844,3
118846,5
118848,3
118850,3
118854,5
118856,2
118858,4
118860,4
118862,4
118864,4
118866,4
118868,2
118870,1
118872,4
118874,4
118876,6
118878,4
118880,0
118882,0
118884,4
118886,2
118888,0
118892,4
118894,6
118896,0
118898,2
118900,0
118902,4
118904,2
118906,3
118908,2
118910,2
118914,3
118916,4
118920,5
118922,3
118924,0
118926,1
118930,4
118944,6
118946,2
118948,6
118958,6
118964,4
118966,3
118968,4
118970,2
118972,3
118974,2
118983,5
118985,0
118995,4
118997,0
118999,1
119005,6
119013,4
119017,4
119025,4
119027,2
119029,4
119031,4
119033,4
119035,4
119037,4
119039,4
119041,2
119043,4
119045,4
119047,4
119049,2
119051,2
119053,4
119055,2
119057,2
119059,2
119061,3
119065,6
119068,0
119080,4
119084,4
119126,2
119135,6
119139,3
119141,0
119143,4
119145,3
119147,4
119149,3
119151,3
119153,4
119155,6
119157,4
119159,5
119163,5
119165,5
119167,3
119169,2
119171,5
119180,4
119182,4
119186,3
119190,4
119196,0
119200,4
119208,4
119212,4
119214,5
119216,4
119218,2
119220,5
119222,4
119224,4
119226,4
119303,2
119305,6
119308,1
119310,4
119312,3
119314,4
119316,4
119318,4
119350,3
119424,3
119426,4
119428,4
119430,0
119432,4
119434,4
119436,4
119438,4
119440,4
119442,3
119444,3
119450,2
119454,4
119456,6
119563,6
119565,2
119567,4
119569,4
119571,0
119573,4
119577,1
119579,3
119583,0
119585,0
119587,2
119589,4
119591,2
119593,4
119595,3
119597,3
119599,3
119601,1
119603,2
119605,4
119607,2
119609,2
119611,4
119615,2
119617,4
119619,2
119621,5
119623,4
119625,4
119627,3
119629,3
119631,4
119633,2
119635,4
119637,2
119639,4
119641,4
119645,4
119649,4
119653,4
119655,6
119657,4
119659,4
119663,4
119665,4
119667,3
119670,5
119672,3
119675,4
119677,4
119679,3
119681,3
119683,3
119685,3
119687,3
119689,3
119693,3
119695,2
119697,3
119699,3
119701,4
119703,4
119705,3
119714,0
119752,2
119754,2
119756,2
119758,4
119760,4
119762,5
119764,3
119766,4
119768,4
119770,4
119772,2
119774,4
119776,4
119778,4
119780,4
119782,6
119788,4
119790,2
119792,1
119794,2
119796,5
119798,3
119800,4
119802,4
119804,4
119808,1
119810,4
119812,2
119814,4
119816,4
119818,2
119820,2
119822,2
119826,4
119828,1
119830,3
119832,3
119834,4
119836,3
119838,4
119840,4
119842,4
119844,4
119846,3
119850,4
119856,3
119858,1
119860,4
119866,4
119868,3
119870,3
119874,4
119878,4
119896,1
119898,3
119901,1
119904,1
119907,1
119909,1
119929,6
119946,4
119948,0
119950,4
119954,2
119956,4
119958,3
119960,4
119962,2
119964,4
119966,3
119973,3
119975,3
119977,4
120074,3
120076,5
120080,3
120082,2
120084,4
120088,4
120090,4
120092,3
120094,4
120096,0
120098,4
120100,1
120102,4
120104,0
120106,1
120108,2
120110,1
120112,4
120114,4
120116,4
120118,4
120120,4
120122,4
120124,4
120126,5
120128,6
120130,6
120132,0
120134,0
120136,3
120138,0
120140,4
120142,5
120146,4
120198,4
120200,3
120202,3
120204,4
120206,4
120208,4
120210,3
120212,6
120214,6
120216,4
120218,4
120220,4
120222,6
120224,4
120226,4
120230,4
120232,4
120234,4
120236,2
120238,1
120240,4
120242,4
120246,4
120248,1
120250,1
120252,1
120254,1
120256,4
120258,4
120260,1
120262,4
120266,2
120268,4
120270,1
120272,4
120274,5
120276,5
120278,3
120280,4
120282,4
120284,6
120286,5
120288,2
120290,4
120292,4
120294,4
120301,4
120303,2
120305,4
120307,4
120309,6
120311,3
120313,4
120315,4
120317,6
120319,2
120321,3
120323,6
120378,4
120380,4
120382,4
120384,5
120386,3
120388,4
120390,4
120392,0
120396,3
120398,4
120400,3
120404,4
120408,2
120410,4
120412,3
120414,4
120416,4
120418,3
120420,3
120422,4
120424,4
120428,4
120430,2
120434,3
120436,4
120438,6
120440,6
120442,4
120444,4
120446,4
120448,1
120452,4
120454,3
120458,3
120460,3
120462,3
120464,4
120466,0
120468,6
120470,6
120474,6
120476,3
120478,5
120480,3
120482,5
120484,4
120486,3
120488,4
120490,1
120492,2
120502,2
120504,4
120508,4
120510,4
120512,4
120514,6
120516,2
120518,1
120520,2
120524,2
120534,4
120536,2
120568,4
120570,4
120572,1
120574,4
120576,4
120578,4
120580,3
120582,2
120584,4
120586,4
120588,0
120590,4
120592,1
120594,1
120596,1
120598,4
120600,1
120602,4
120604,1
120606,4
120608,4
120610,4
120612,4
120614,5
120616,2
120618,5
120621,4
120623,4
120625,0
120627,5
120629,4
120631,5
120633,4
120635,2
120637,2
120639,0
120641,1
120729,4
120731,4
120733,4
120735,4
120737,1
120739,4
120741,4
120743,4
120747,4
120749,4
120751,5
120753,3
120755,2
120759,4
120761,0
120763,4
120765,4
120767,4
120769,4
120771,4
120773,4
120775,2
120777,4
120779,4
120781,6
120783,2
120785,5
120787,5
120789,3
120791,0
120793,4
120795,3
120799,3
120801,3
120803,4
120805,0
120807,0
120809,2
120811,4
120813,4
120815,4
120817,4
120819,4
120821,5
120823,5
120825,3
120827,2
120829,0
120831,4
120833,3
120835,4
120837,2
120839,4
120841,3
120843,1
120845,3
120847,2
120849,2
120851,4
120853,6
120855,6
120857,3
120861,6
120865,5
120867,4
120869,5
120871,5
120873,5
120875,4
120877,4
120879,4
120881,4
120883,4
120885,4
120887,4
120889,4
120891,4
120895,4
120897,4
120901,4
120903,4
120905,4
120907,4
120909,4
120911,4
120913,4
120917,4
120919,3
120921,3
120925,6
120928,4
120930,3
120934,5
120936,3
120938,3
120940,3
120942,3
120944,3
120946,2
120948,6
120950,6
120952,4
121003,4
121005,3
121007,6
121009,4
121011,4
121013,2
121015,2
121017,2
121019,3
121021,1
121023,3
121025,4
121027,4
121029,5
121031,4
121033,4
121035,4
121037,4
121039,4
121041,4
121043,4
121045,4
121047,4
121049,4
121051,0
121053,4
121055,4
121057,4
121059,4
121061,4
121063,0
121065,4
121067,2
121069,4
121071,4
121073,2
121075,2
121077,2
121079,1
121081,2
121083,1
121085,2
121087,4
121089,2
121091,3
121093,2
121095,4
121097,4
121099,6
121101,4
121103,5
121109,4
121111,3
121113,3
121115,6
121117,3
121119,1
121122,3
121124,4
121126,3
121129,4
121133,0
121135,3
121137,3
121139,1
121141,3
121143,3
121145,5
121148,6
121150,4
121152,3
121155,5
121157,6
121159,3
121161,2
121165,3
121167,3
121169,0
121171,5
121173,4
121178,2
121180,4
121182,0
121184,4
121186,3
121188,3
121190,4
121192,3
121194,4
121196,3
121198,3
121202,3
121205,3
121207,2
121209,3
121211,1
121217,2
121219,3
121221,1
121223,3
121225,5
121227,5
121229,2
121231,3
121233,4
121235,3
121237,3
121239,5
121241,0
121243,4
121245,3
121247,3
121249,6
121251,4
121253,3
121255,4
121257,3
121259,3
121261,3
121263,3
121265,3
121267,3
121269,3
121271,3
121273,2
121275,3
121277,3
121279,4
121282,3
121284,4
121286,4
121288,4
121290,4
121292,4
121294,4
121296,0
121298,4
121300,4
121302,6
121304,3
121306,4
121308,0
121310,6
121312,3
121314,3
121316,4
121318,2
121320,4
121324,6
121326,2
121328,4
121330,3
121332,4
121336,1
121338,0
121340,4
121342,0
121344,4
121346,2
121348,4
121350,2
121352,2
121354,2
121356,3
121358,3
121360,4
121362,4
121364,4
121366,6
121368,4
121370,4
121372,4
121374,4
121376,4
121378,5
121380,4
121382,3
121384,3
121386,4
121388,4
121390,4
121395,4
121397,2
121399,4
121401,2
121403,4
121405,4
121407,2
121409,6
121413,4
121415,2
121417,3
121419,4
121421,4
121423,4
121426,3
121430,3
121432,1
121434,1
121436,2
121438,2
121440,1
121442,1
121444,3
121447,3
121449,4
121451,4
121453,2
121455,4
121457,4
121459,2
121461,4
121463,3
121465,1
121467,3
121469,3
121471,2
121473,0
121475,3
121477,3
121479,4
121481,3
121483,3
121485,4
121487,4
121489,4
121491,4
121493,4
121495,4
121501,4
121503,6
121511,2
121515,3
121517,3
121519,2
121527,3
121533,3
121537,4
121545,0
121549,3
121551,4
121553,3
121557,3
121561,1
121563,1
121565,1
121567,1
121573,3
121577,3
121579,3
121581,4
121583,3
121586,4
121588,5
121592,4
121594,2
121596,4
121598,4
121600,6
121602,1
121604,5
121606,4
121608,4
121612,4
121614,4
121618,4
121620,4
121622,4
121624,4
121626,4
121628,2
121630,4
121632,4
121634,5
121636,4
121638,3
121640,4
121642,4
121644,4
121646,4
121648,4
121650,4
121652,1
121654,4
121656,4
121659,2
121677,4
121679,4
121681,4
121683,4
121685,2
121687,4
121689,4
121691,2
121693,1
121695,4
121697,4
121699,4
121701,4
121703,4
121705,4
121707,4
121709,4
121711,3
121713,4
121715,4
121719,4
121721,3
121723,4
121725,4
121727,3
121729,1
121731,2
121733,4
121735,2
121737,4
121739,4
121741,4
121743,2
121745,2
121749,1
121751,4
121753,2
121755,4
121757,4
121759,4
121761,4
121767,4
121769,2
121771,4
121773,4
121775,4
121777,5
121779,4
121781,6
121783,3
121785,3
121787,3
121790,3
121792,6
121794,2
121797,4
121799,3
121801,2
121803,2
121805,1
121807,2
121809,1
121811,2
121813,4
121815,5
121817,4
121819,1
121821,4
121823,3
121825,6
121827,2
121829,5
121831,4
121837,4
121839,2
121841,5
121843,2
121845,4
121847,2
121849,4
121851,1
121853,4
121855,4
121857,5
121859,4
121861,4
121863,2
121867,4
121869,3
121873,4
121875,4
121877,4
121879,5
121881,1
121883,4
121885,4
121887,4
121889,1
121891,1
121895,4
121897,2
121899,4
121901,2
121903,1
121907,2
121909,2
121911,4
121913,4
121917,4
121919,2
121921,2
121923,4
121925,4
121927,1
121929,4
121931,4
121933,2
121935,4
121937,2
121941,1
121943,4
121945,4
121947,4
121949,2
121951,2
121953,2
121955,2
121957,1
121959,3
121963,4
121965,2
121967,2
121969,1
121973,4
121975,4
121977,1
121981,1
121983,4
121985,4
121987,2
121989,4
121991,2
121993,2
121997,4
121999,4
122001,4
122003,4
122005,4
122007,4
122009,4
122011,4
122013,4
122015,5
122017,4
122019,4
122021,4
122023,5
122025,4
122027,5
122029,3
122031,3
122033,4
122035,6
122037,3
122039,6
122041,4
122043,3
122045,6
122048,2
122050,3
122054,4
122056,4
122058,4
122060,4
122062,4
122064,2
122066,3
122068,4
122070,4
122072,1
122074,3
122076,2
122078,4
122082,4
122084,1
122086,3
122088,3
122090,3
122092,1
122094,3
122096,1
122098,2
122100,1
122102,3
122104,4
122106,3
122108,3
122110,1
122127,4
122129,6
122131,4
122133,6
122135,4
122137,3
122141,2
122143,4
122145,4
122149,2
122151,4
122153,2
122155,4
122157,5
122159,4
122161,4
122163,4
122165,4
122167,2
122173,4
122186,2
122189,4
122191,1
122193,1
122197,4
122199,2
122201,4
122203,4
122205,4
122210,4
122212,4
122214,4
122216,4
122218,2
122220,4
122222,4
122224,4
122226,4
122228,1
122230,4
122232,3
122234,2
122238,3
122240,6
122242,3
122244,3
122246,4
122248,4
122250,0
122254,4
122256,1
122258,1
122260,1
122262,3
122264,3
122266,4
122268,4
122270,3
122272,1
122274,3
122276,3
122278,4
122280,3
122282,4
122284,3
122286,4
122288,5
122290,4
122292,6
122294,1
122296,4
122298,3
122300,6
122302,2
122304,4
122306,3
122308,4
122310,1
122312,4
122315,1
122317,4
122319,3
122321,3
122323,4
122325,0
122327,3
122329,1
122331,3
122333,3
122335,6
122337,4
122339,2
122341,1
122343,2
122347,2
122349,4
122351,3
122353,4
122355,1
122357,4
122359,3
122361,6
122363,1
122365,4
122367,2
122369,4
122371,5
122373,1
122375,1
122379,5
122381,3
122383,3
122385,1
122387,4
122389,1
122391,2
122393,5
122395,2
122397,4
122399,4
122401,4
122403,1
122406,4
122409,4
122411,2
122413,6
122415,3
122417,4
122419,2
122421,3
122423,4
122425,6
122427,2
122431,3
122433,3
122435,3
122437,3
122439,4
122441,3
122443,4
122445,2
122447,3
122451,3
122453,3
122455,4
122458,3
122462,4
122464,4
122466,6
122468,3
122470,2
122472,2
122474,4
122476,4
122478,4
122480,3
122482,4
122484,4
122486,4
122488,3
122490,3
122493,4
122495,3
122497,1
122499,1
122501,1
122503,2
122505,4
122509,4
122511,4
122513,4
122515,3
122517,3
122519,6
122521,4
122523,6
122525,4
122527,4
122529,2
122531,3
122533,3
122535,3
122539,4
122541,4
122543,3
122547,4
122550,1
122553,4
122555,4
122557,4
122559,4
122561,4
122563,3
122565,3
122567,3
122569,3
122571,4
122573,4
122575,4
122577,0
122579,3
122581,3
122583,3
122585,4
122587,4
122589,4
122591,4
122593,3
122595,1
122597,4
122599,4
122601,1
122603,2
122605,4
122607,1
122609,4
122611,3
122613,4
122615,4
122619,4
122621,4
122623,2
122625,4
122627,3
122629,4
122633,4
122635,4
122637,4
122639,4
122641,3
122643,4
122647,4
122649,2
122651,4
122653,2
122655,2
122657,4
122659,3
122661,4
122663,4
122665,3
122667,4
122671,4
122673,4
122675,4
122677,1
122679,4
122681,2
122683,2
122685,4
122687,4
122689,4
122691,3
122693,4
122695,4
122697,4
122699,4
122701,4
122703,3
122705,4
122707,4
122709,3
122711,4
122713,2
122715,4
122717,2
122719,2
122721,4
122723,5
122725,4
122727,3
122729,3
122731,4
122733,3
122735,3
122737,3
122739,4
122741,4
122743,3
122745,3
122747,4
122749,3
122752,3
122754,3
122756,1
122758,3
122760,4
122762,6
122764,6
122766,3
122768,3
122770,4
122772,4
122774,3
122777,4
122779,2
122781,3
122783,2
122785,3
122787,2
122789,3
122791,1
122793,3
122795,4
122797,3
122799,2
122801,3
122803,3
122805,4
122807,4
122809,3
122811,4
122813,6
122815,1
122817,3
122819,0
122821,4
122823,6
122825,4
122827,1
122829,3
122831,4
122833,4
122835,2
122837,4
122839,4
122841,4
122843,6
122845,4
122847,2
122849,2
122851,2
122853,4
122855,3
122857,2
122859,2
122861,3
122863,3
122865,3
122867,4
122869,2
122876,2
122878,3
122880,4
122882,3
122884,3
122886,3
122888,3
122890,3
122892,3
122896,0
122898,3
122900,3
122902,3
122904,0
122906,3
122908,3
122910,3
122912,3
122914,3
122916,3
122918,3
122920,3
122922,3
122924,3
122926,3
122928,4
122930,4
122932,4
122934,4
122936,0
122938,4
122940,4
122942,4
122944,4
122946,4
122948,4
122950,1
122952,3
122954,4
122956,4
122958,3
122960,2
122962,4
122964,1
122966,2
122968,4
122970,1
122972,4
122974,3
122976,4
122978,4
122980,4
122982,6
122986,3
122988,4
122990,4
122992,2
122994,2
122996,4
122998,4
123000,4
123002,3
123004,4
123006,4
123008,4
123010,4
123012,4
123014,2
123016,4
123018,4
123020,4
123024,3
123026,3
123028,2
123030,4
123034,4
123036,4
123038,4
123040,1
123042,4
123044,4
123046,5
123048,3
123052,4
123061,4
123063,4
123065,4
123067,2
123069,3
123071,4
123073,1
123077,3
123079,4
123081,4
123083,4
123085,4
123087,1
123089,1
123091,4
123093,6
123095,4
123097,4
123099,3
123101,4
123103,6
123105,4
123107,2
123109,6
123111,4
123113,1
123115,4
123117,4
123119,5
123121,4
123123,4
123125,2
123127,3
123129,6
123131,4
123133,4
123135,4
123137,4
123139,4
123141,1
123143,4
123145,2
123147,1
123149,2
123151,3
123155,4
123157,4
123159,3
123161,3
123163,3
123165,3
123172,4
123174,3
123176,6
123178,3
123180,2
123182,4
123184,6
123186,4
123188,3
123190,3
123192,6
123194,4
123196,3
123198,4
123200,0
123202,3
123210,2
123213,4
123215,4
123217,4
123219,1
123221,3
123223,4
123225,4
123227,4
123229,3
123233,1
123235,6
123238,1
123240,4
123242,2
123244,4
123246,4
123248,4
123250,4
123252,4
123254,4
123256,3
123258,1
123260,1
123262,1
123264,3
123266,3
123268,4
123270,4
123274,4
123278,4
123280,4
123282,2
123284,1
123288,3
123290,4
123292,4
123294,1
123296,1
123298,6
123300,3
123302,3
123304,6
123306,4
123308,3
123310,3
123312,4
123314,3
123316,4
123318,3
123320,4
123322,3
123324,1
123326,1
123328,3
123331,3
123333,4
123335,4
123337,1
123339,4
123341,4
123343,4
123345,4
123347,4
123349,3
123351,1
123353,5
123355,2
123357,3
123359,4
123361,3
123363,4
123365,4
123367,4
123369,4
123371,4
123373,2
123375,2
123377,2
123379,4
123381,1
123383,1
123385,4
123387,4
123389,4
123391,3
123393,3
123395,4
123397,4
123399,5
123401,4
123403,4
123405,6
123407,4
123409,3
123411,2
123415,4
123417,1
123419,2
123421,4
123423,6
123425,2
123427,2
123429,3
123431,4
123433,4
123435,3
123437,3
123439,4
123441,4
123443,4
123445,4
123449,2
123451,3
123453,4
123455,4
123457,4
123459,3
123463,2
123465,4
123467,4
123469,1
123471,4
123473,4
123475,1
123477,6
123479,4
123481,2
123483,4
123485,4
123487,3
123489,3
123491,3
123493,5
123495,4
123497,4
123499,3
123504,4
123506,4
123508,1
123510,1
123512,4
123514,2
123516,4
123518,4
123520,4
123522,4
123524,4
123526,4
123528,2
123530,4
123532,4
123534,3
123537,4
123541,4
123543,4
123545,4
123547,4
123549,4
123553,3
123555,3
123559,4
123561,4
123563,3
123565,3
123567,5
123569,2
123571,0
123573,2
123575,1
123577,3
123579,4
123581,4
123585,4
123587,4
123589,2
123591,3
123596,2
123598,2
123600,4
123602,4
123605,4
123607,4
123609,4
123613,4
123617,4
123619,4
123621,4
123625,4
123627,4
123629,4
123631,4
123633,4
123635,1
123637,4
123639,4
123643,4
123645,4
123647,2
123653,4
123655,4
123657,4
123659,4
123661,4
123663,4
123665,4
123667,4
123669,1
123671,4
123673,4
123675,4
123677,4
123679,2
123681,4
123683,4
123687,4
123689,2
123691,4
123693,4
123695,4
123697,4
123699,4
123701,2
123703,4
123707,4
123709,4
123711,4
123713,1
123715,4
123717,3
123719,4
123721,4
123723,3
123725,4
123727,4
123729,4
123731,6
123733,2
123735,5
123737,1
123739,3
123743,4
123745,4
123747,4
123749,1
123751,3
123755,4
123757,1
123761,2
123763,4
123765,3
123767,4
123769,2
123771,1
123773,4
123775,4
123777,4
123779,4
123781,1
123783,4
123785,3
123787,2
123790,2
123792,3
123794,2
123796,4
123798,4
123800,4
123802,1
123804,4
123806,2
123808,4
123810,4
123812,4
123814,2
123816,3
123818,4
123820,4
123822,3
123824,2
123826,4
123828,2
123830,4
123832,4
123834,2
123838,4
123840,2
123842,3
123844,3
123846,3
123848,3
123850,4
123852,1
123854,3
123856,4
123860,4
123864,4
123866,4
123868,1
123870,4
123872,4
123874,4
123876,6
123878,5
123880,2
123882,4
123884,4
123888,4
123890,4
123892,4
123894,4
123896,5
123898,4
123902,4
123904,4
123911,4
123913,4
123915,4
123919,3
123921,4
123923,4
123925,4
123927,4
123929,5
123931,4
123935,4
123937,2
123939,4
123941,1
123943,4
123945,4
123947,0
123949,4
123951,4
123953,2
123957,1
123959,3
123961,4
123963,3
123965,4
123967,4
123969,3
123971,2
123973,4
123975,4
123977,4
123979,2
123981,4
123983,4
123985,4
123987,4
123989,4
123993,4
123995,4
123997,4
123999,4
124001,4
124003,4
124005,4
124007,4
124009,4
124013,4
124015,4
124017,4
124021,4
124023,4
124025,4
124027,4
124029,3
124031,4
124033,4
124035,4
124039,4
124041,4
124043,3
124048,6
124050,5
124052,4
124055,3
124059,3
124061,4
124063,1
124065,3
124067,4
124071,3
124073,2
124075,4
124077,4
124079,1
124081,1
124083,0
124085,3
124087,4
124091,4
124093,6
124095,4
124099,2
124101,2
124103,4
124107,4
124109,3
124111,4
124113,1
124117,4
124119,4
124121,4
124123,6
124125,4
124127,4
124129,3
124131,4
124133,4
124135,1
124137,2
124139,4
124141,4
124143,4
124145,4
124147,1
124149,4
124151,4
124153,4
124155,1
124157,3
124160,3
124162,1
124164,4
124166,1
124168,4
124170,3
124172,3
124174,1
124176,4
124178,1
124180,2
124182,4
124184,1
124188,1
124190,1
124192,4
124194,4
124196,4
124198,2
124200,4
124202,4
124204,1
124207,4
124209,4
124211,4
124213,4
124215,4
124217,2
124220,2
124222,1
124224,2
124226,4
124228,3
124230,2
124232,4
124235,3
124239,4
124243,4
124247,5
124251,2
124253,4
124255,4
124257,3
124259,4
124263,4
124265,4
124267,4
124269,4
124271,4
124273,0
124275,2
124277,1
124279,6
124281,4
124285,2
124287,4
124290,4
124292,4
124294,3
124296,3
124298,3
124300,3
124302,4
124304,2
124306,3
124308,4
124310,4
124312,3
124314,1
124318,2
124320,2
124322,4
124324,4
124326,3
124328,4
124330,4
124332,6
124334,3
124336,4
124338,4
124340,3
124342,2
124344,4
124346,3
124348,6
124350,3
124352,1
124354,3
124356,6
124358,2
124360,4
124362,4
124364,4
124366,4
124368,4
124372,1
124374,2
124376,4
124378,4
124380,2
124382,5
124384,2
124386,4
124388,4
124390,3
124392,4
124394,4
124396,4
124398,4
124400,4
124402,4
124404,6
124406,4
124408,4
124410,3
124412,4
124414,1
124416,4
124418,1
124420,4
124422,4
124425,4
124428,4
124430,4
124432,4
124434,2
124438,4
124440,1
124442,2
124444,4
124446,4
124448,4
124450,1
124452,1
124454,4
124456,4
124458,4
124460,4
124462,1
124464,4
124466,4
124468,4
124470,4
124472,2
124474,4
124476,3
124480,4
124482,4
124484,4
124486,4
124488,5
124490,6
124492,2
124494,4
124496,4
124498,4
124500,4
124502,2
124504,2
124507,6
124509,3
124511,4
124513,5
124515,4
124517,5
124519,6
124521,4
124523,3
124525,4
124527,0
124529,2
124531,4
124533,6
124535,4
124537,4
124539,2
124544,4
124546,4
124548,4
124550,4
124552,3
124554,3
124556,1
124558,3
124560,3
124562,4
124564,1
124566,4
124568,1
124571,3
124573,1
124575,6
124577,4
124579,4
124581,2
124583,4
124585,4
124587,5
124589,4
124591,3
124593,2
124595,4
124599,4
124601,4
124605,4
124607,4
124609,4
124611,1
124613,1
124615,4
124617,1
124619,4
124621,3
124623,4
124625,4
124627,4
124629,4
124631,4
124633,4
124635,1
124639,4
124641,4
124643,4
124645,4
124647,5
124649,4
124651,3
124653,4
124655,4
124657,2
124659,4
124663,1
124665,4
124667,4
124669,1
124671,1
124673,4
124675,4
124679,1
124681,2
124683,2
124685,4
124687,2
124689,4
124691,4
124693,2
124695,1
124697,4
124699,3
124701,4
124703,1
124705,5
124709,2
124711,4
124713,4
124717,4
124721,2
124723,1
124725,3
124727,5
124729,4
124731,4
124733,4
124735,4
124737,4
124739,3
124743,4
124745,2
124749,3
124751,3
124753,2
124755,4
124757,2
124759,4
124761,3
124763,6
124765,4
124767,2
124769,3
124771,4
124773,4
124775,0
124777,4
124779,4
124781,3
124783,4
124785,1
124787,0
124789,4
124791,1
124793,3
124795,4
124797,3
124799,4
124801,4
124803,4
124805,4
124807,5
124809,2
124811,4
124813,3
124817,4
124819,3
124823,4
124825,4
124827,3
124829,4
124831,4
124833,4
124835,1
124837,4
124839,4
124841,3
124843,3
124845,4
124847,3
124849,5
124851,4
124853,5
124855,3
124857,3
124859,2
124861,5
124863,3
124865,4
124867,6
124869,4
124871,4
124873,3
124875,4
124877,4
124879,1
124881,2
124883,3
124885,4
124887,4
124889,6
124891,4
124893,2
124895,4
124897,4
124899,4
124901,3
124903,2
124905,4
124907,1
124909,4
124913,4
124915,1
124917,4
124919,6
124921,4
124923,6
124925,4
124927,6
124931,4
124933,3
124937,4
124939,4
124941,3
124943,4
124945,4
124951,4
124953,1
124955,3
124957,4
124959,5
124961,4
124963,4
124965,4
124969,1
124971,2
124973,2
124975,4
124977,2
124979,4
124981,1
124983,6
124985,4
124987,6
124989,4
124991,4
124993,4
124995,4
124997,3
124999,4
125001,4
125003,4
125005,4
125007,2
125009,4
125011,4
125013,4
125015,1
125017,1
125019,4
125021,4
125023,4
125025,4
125027,1
125029,4
125031,4
125033,4
125035,1
125037,4
125039,4
125041,4
125043,4
125045,4
125047,1
125049,0
125051,4
125053,3
125055,4
125057,4
125059,3
125061,4
125063,4
125065,4
125067,4
125069,4
125071,3
125073,4
125077,4
125079,4
125081,5
125083,1
125085,3
125087,4
125089,4
125091,4
125093,3
125095,0
125097,2
125099,4
125101,2
125103,1
125105,4
125107,2
125109,4
125111,4
125113,2
125115,1
125117,4
125119,3
125121,4
125123,5
125125,4
125127,4
125129,3
125131,4
125133,1
125135,6
125137,4
125139,3
125141,4
125143,1
125145,3
125147,3
125149,2
125151,4
125153,4
125155,4
125157,4
125159,4
125163,3
125165,4
125169,2
125171,3
125173,4
125175,1
125177,4
125179,1
125181,4
125183,5
125185,4
125187,3
125189,2
125191,2
125193,1
125195,1
125197,4
125199,2
125201,3
125203,4
125205,3
125207,4
125209,4
125211,4
125213,3
125215,2
125217,4
125219,1
125221,1
125223,3
125225,2
125227,3
125229,2
125231,3
125233,4
125235,2
125237,4
125239,2
125241,4
125245,6
125247,4
125249,1
125251,4
125253,3
125255,4
125257,4
125259,4
125261,3
125263,2
125265,3
125267,4
125269,4
125271,4
125273,4
125275,4
125277,1
125279,4
125281,2
125283,1
125285,2
125287,4
125289,6
125291,3
125293,2
125295,1
125297,5
125299,4
125301,4
125303,4
125305,4
125307,4
125309,4
125311,3
125313,4
125315,3
125321,4
125323,2
125325,4
125327,1
125329,4
125331,4
125333,1
125335,4
125337,4
125339,2
125341,4
125345,4
125347,3
125349,4
125351,4
125353,2
125355,4
125357,4
125359,4
125361,4
125363,1
125365,4
125367,2
125369,3
125371,3
125373,4
125375,1
125377,4
125379,4
125381,3
125383,4
125385,4
125387,4
125389,4
125393,1
125395,4
125397,1
125399,4
125401,6
125403,4
125405,4
125407,4
125409,4
125411,4
125413,5
125415,4
125417,4
125419,4
125421,1
125423,4
125425,3
125427,4
125429,2
125431,4
125433,3
125435,3
125437,4
125439,1
125441,2
125443,4
125445,2
125447,0
125449,3
125451,4
125453,3
125455,4
125457,2
125461,4
125465,4
125467,4
125469,4
125471,3
125473,3
125475,6
125477,2
125479,3
125481,2
125483,0
125485,4
125489,2
125493,6
125495,2
125497,3
125499,2
125501,4
125503,1
125505,2
125507,4
125509,3
125511,3
125513,4
125515,4
125517,4
125519,4
125521,2
125523,1
125525,3
125527,3
125529,4
125531,4
125533,4
125535,4
125537,5
125539,3
125541,6
125543,3
125545,2
125547,3
125549,1
125551,4
125553,1
125555,3
125557,3
125559,3
125561,4
125563,4
125565,5
125567,1
125569,4
125571,4
125574,4
125576,2
125583,0
125585,4
125587,4
125589,3
125591,4
125593,4
125596,6
125599,5
125601,4
125603,4
125605,4
125607,4
125609,0
125611,4
125613,4
125615,4
125617,4
125619,4
125621,4
125623,4
125628,5
125630,2
125632,4
125634,5
125636,4
125638,3
125640,4
125642,4
125644,3
125646,4
125648,3
125650,4
125652,4
125654,4
125656,5
125658,4
125661,4
125698,2
125700,4
125704,4
125768,4
125770,4
125774,3
125776,2
125780,1
125782,4
125786,1
125795,5
125833,4
125836,4
125840,4
125842,4
125852,4
125854,4
125856,1
125858,4
125860,4
125862,4
125864,4
125866,4
125868,1
125870,4
125872,4
125874,3
125876,4
125878,4
125880,4
125882,4
125884,2
125886,2
125888,4
125890,4
125892,1
125894,4
125896,3
125898,3
125900,4
125902,4
125904,3
125906,3
125908,4
125910,4
125912,4
125914,3
125916,0
125918,4
125920,3
125922,4
125924,6
125926,6
125928,4
125930,4
125932,6
125934,4
125936,6
125938,4
125940,6
125942,4
125944,2
125946,5
125948,4
125950,4
125952,6
125954,4
125956,4
125958,4
125960,6
125962,6
125964,4
125966,6
125968,6
125970,6
125972,6
125974,6
125976,6
125978,3
125980,4
125982,6
125984,4
125986,3
125988,5
125990,4
125992,6
125994,4
125996,4
125998,6
126000,4
126002,4
126004,4
126006,6
126008,4
126010,4
126012,6
126014,4
126016,6
126018,5
126020,6
126022,4
126024,4
126026,4
126028,4
126030,6
126032,6
126034,4
126036,6
126038,4
126040,4
126042,4
126044,3
126046,6
126048,6
126050,6
126052,4
126054,4
126056,3
126058,6
126060,4
126062,4
126064,4
126066,6
126068,4
126070,6
126072,6
126074,4
126076,4
126078,4
126080,4
126082,5
126084,3
126086,4
126088,6
126090,6
126092,6
126094,6
126096,4
126098,4
126100,4
126102,4
126104,4
126106,4
126108,5
126110,3
126112,6
126114,4
126116,4
126120,4
126122,4
126124,4
126126,1
126128,4
126130,4
126132,4
126134,3
126136,4
126138,3
126140,4
126142,6
126144,4
126146,4
126148,4
126150,4
126152,4
126154,4
126156,4
126158,4
126160,4
126162,4
126164,3
126166,3
126168,4
126170,4
126172,4
126174,4
126176,4
126178,4
126180,4
126182,4
126184,4
126186,4
126188,4
126190,4
126194,4
126198,3
126202,4
126204,2
126206,4
126208,4
126210,4
126212,4
126214,4
126217,3
126219,5
126221,4
126223,2
126225,3
126227,4
126229,3
126231,2
126233,4
126235,4
126237,4
126239,4
126241,1
126243,4
126245,4
126247,2
126249,4
126251,3
126283,4
126286,4
126290,4
126296,4
126300,4
126305,2
126309,4
126322,0
126325,4
126329,3
126331,4
126333,4
126335,4
126337,5
126339,4
126341,3
126385,5
126387,4
126389,4
126393,4
126395,4
126397,4
126399,4
126401,4
126403,4
126405,6
126407,3
126409,5
126412,4
126414,5
126416,1
126418,4
126420,3
126422,4
126424,4
126426,3
126428,5
126430,1
126432,3
126434,3
126436,3
126438,5
126482,6
126510,4
126544,6
126546,4
126548,0
126550,3
126552,1
126554,3
126558,4
126560,4
126562,3
126571,4
126573,6
126575,3
126577,6
126579,3
126582,4
126584,3
126586,5
126588,4
126591,3
126593,4
126595,4
126597,3
126599,0
126652,6
126693,6
126711,1
126713,2
126717,3
126719,4
126721,4
126723,3
126725,4
126727,4
126729,3
126731,4
126733,6
126735,4
126737,4
126739,4
126741,4
126743,4
126745,4
126747,4
126749,6
126751,4
126753,4
126755,1
126759,4
126761,1
126763,4
126765,2
126767,3
126769,3
126771,4
126773,4
126775,2
126777,2
126779,4
126781,4
126783,5
126785,5
126787,5
126789,4
126791,2
126793,4
126795,4
126797,4
126799,4
126801,2
126803,4
126805,2
126807,4
126809,2
126811,2
126813,3
126815,4
126917,4
126919,4
126921,6
126923,5
126925,4
126927,4
126929,2
126931,3
126933,5
126935,5
126937,6
126939,5
126941,4
126943,3
126945,4
126947,1
126949,4
126951,5
126953,6
126955,4
126957,5
126959,5
126961,5
126963,4
126965,5
126967,4
126969,4
126971,5
126973,4
126975,4
126977,5
126979,4
126981,4
126983,3
126985,4
126987,5
126989,4
126991,4
126993,4
126995,4
126997,4
126999,4
127001,4
127003,4
127005,4
127007,4
127009,4
127011,1
127013,2
127015,3
127017,2
127019,5
127021,5
127025,4
127027,3
127029,3
127031,4
127033,4
127035,4
127038,4
127040,6
127042,6
127044,6
127046,2
127048,4
127050,5
127052,2
127054,6
127060,5
127062,5
127064,4
127066,5
127068,2
127070,2
127072,5
127074,2
127076,1
127078,4
127080,4
127082,4
127084,3
127088,3
127090,3
127092,3
127094,4
127096,3
127098,0
127100,4
127102,3
127108,0
127110,4
127112,0
127114,0
127116,0
127118,4
127120,2
127122,3
127124,0
127126,4
127128,4
127130,0
127132,4
127134,0
127136,3
127138,4
127140,0
127142,5
127144,5
127146,5
127148,5
127150,5
127152,5
127154,5
127156,5
127158,5
127160,5
127162,5
127164,5
127168,5
127170,5
127172,5
127174,5
127176,5
127178,0
127180,5
127182,4
127184,4
127186,4
127188,3
127192,4
127194,4
127196,0
127198,0
127200,4
127202,0
127204,4
127206,4
127208,0
127210,4
127212,3
127214,3
127216,4
127218,3
127220,4
127222,4
127224,2
127226,0
127228,5
127230,5
127232,4
127234,4
127236,2
127238,4
127240,4
127242,4
127244,4
127246,2
127248,4
127252,2
127254,4
127256,2
127258,4
127260,4
127262,4
127264,3
127266,5
127268,5
127270,2
127272,4
127274,4
127276,3
127278,4
127280,3
127282,4
127286,4
127288,4
127292,3
127294,4
127296,3
127298,0
127302,3
127305,4
127307,4
127309,4
127311,0
127313,2
127315,3
127317,4
127319,3
127321,3
127323,3
127325,2
127327,6
127329,4
127331,2
127333,2
127335,2
127337,4
127339,4
127341,2
127343,4
127345,1
127347,4
127371,4
127390,6
127419,3
127433,2
127441,5
127443,5
127445,5
127447,4
127449,5
127451,3
127453,3
127455,4
127484,4
127494,4
127496,4
127498,4
127565,3
127567,2
127573,5
127575,5
127577,5
127579,4
127581,4
127583,5
127585,3
127587,1
127590,2
127592,4
127594,4
127600,3
127606,3
127608,4
127610,4
127614,4
127620,1
127622,1
127626,1
127628,1
127630,3
127632,3
127634,4
127636,2
127638,4
127640,3
127642,3
127644,4
127646,4
127650,4
127652,4
127654,4
127656,4
127658,3
127660,2
127665,4
127667,4
127669,4
127671,4
127673,4
127675,4
127677,3
127679,1
127681,4
127685,4
127688,4
127690,4
127692,4
127695,4
127699,4
127701,4
127703,2
127705,3
127707,4
127709,3
127713,2
127715,1
127717,1
127721,4
127724,1
127726,3
127728,4
127831,5
127833,4
127835,3
127837,4
127839,3
127841,4
127843,3
127845,5
127847,5
127849,4
127851,4
127857,4
127859,3
127861,5
127863,3
127865,3
127867,3
127869,3
127873,4
127875,5
127877,4
127879,5
127881,5
127957,4
127974,3
127987,1
127989,4
127991,4
127993,0
127995,1
127997,4
127999,0
128001,4
128003,2
128005,2
128007,2
128009,2
128011,4
128013,4
128015,4
128017,4
128019,4
128021,4
128023,1
128025,1
128027,4
128029,0
128031,4
128033,3
128035,4
128037,4
128039,4
128041,3
128045,3
128047,4
128049,1
128051,1
128053,4
128057,1
128059,1
128065,3
128067,1
128069,4
128071,1
128075,1
128077,4
128079,4
128081,1
128083,1
128085,1
128087,1
128089,4
128091,4
128093,0
128095,4
128097,4
128099,4
128101,4
128103,4
128105,3
128107,4
128109,3
128113,1
128115,4
128119,1
128127,1
128129,3
128131,4
128133,4
128137,4
128139,1
128141,3
128143,6
128149,3
128151,4
128153,4
128155,5
128157,4
128159,4
128161,3
128163,4
128165,6
128167,4
128169,4
128171,6
128173,4
128175,4
128177,4
128179,2
128181,3
128183,4
128185,4
128187,4
128189,2
128193,4
128195,4
128197,4
128199,4
128201,3
128203,4
128205,4
128209,4
128211,4
128213,3
128215,3
128219,4
128221,1
128223,4
128225,3
128227,3
128229,4
128231,4
128233,4
128235,1
128237,4
128239,4
128241,4
128243,4
128245,2
128247,4
128249,1
128251,4
128253,4
128255,5
128257,4
128259,5
128263,2
128265,1
128267,4
128269,4
128273,2
128275,4
128277,4
128279,4
128281,4
128283,2
128287,4
128289,4
128291,2
128293,4
128295,4
128297,4
128299,2
128301,1
128303,4
128305,4
128308,4
128316,4
128318,5
128320,5
128322,5
128327,4
128356,4
128358,4
128360,1
128362,6
128364,4
128366,4
128369,4
128371,6
128373,4
128377,3
128379,2
128381,2
128383,4
128385,2
128387,3
128389,4
128391,2
128393,4
128395,4
128397,2
128399,2
128401,4
128403,4
128405,4
128407,5
128413,2
128417,2
128421,4
128423,2
128425,4
128427,3
128429,2
128431,4
128433,4
128435,3
128437,2
128439,5
128441,4
128443,4
128445,4
128447,4
128468,1
128470,2
128476,2
128478,4
128480,4
128482,3
128484,2
128488,2
128490,4
128492,4
128494,4
128496,2
128498,4
128500,4
128504,4
128506,4
128508,4
128510,4
128512,0
128514,4
128516,4
128518,4
128520,0
128522,3
128526,4
128528,2
128530,5
128534,2
128536,4
128538,4
128540,6
128542,3
128544,4
128546,2
128548,4
128550,4
128552,3
128554,4
128556,4
128558,4
128560,4
128562,4
128564,2
128566,4
128568,4
128570,4
128572,4
128574,4
128576,4
128578,4
128580,2
128582,4
128586,4
128588,4
128590,4
128592,3
128594,0
128596,4
128598,4
128600,2
128601,4
128604,0
128606,0
128608,3
128610,4
128612,2
128614,4
128616,4
128618,4
128620,2
128622,4
128624,4
128626,4
128628,4
128630,3
128632,0
128634,3
128636,1
128642,2
128644,4
128648,3
128650,4
128654,1
128656,3
128658,3
128661,2
128663,4
128665,3
128667,4
128669,3
128671,0
128673,4
128675,3
128677,3
128679,6
128681,2
128684,5
128686,4
128688,4
128690,4
128693,4
128695,1
128697,4
128699,4
128701,4
128703,4
128705,4
128709,4
128711,4
128713,4
128715,6
128717,5
128719,2
128721,4
128723,4
128725,4
128727,4
128732,2
128734,4
128736,4
128738,4
128740,5
128742,4
128748,4
128750,3
128752,4
128754,4
128756,4
128758,2
128760,4
128762,3
128764,1
128766,4
128768,2
128770,2
128774,2
128776,2
128778,4
128780,4
128782,4
128784,2
128786,2
128788,4
128790,4
128792,4
128794,4
128796,4
128798,4
128800,4
128802,1
128804,5
128806,3
128810,4
128812,5
128816,4
128818,4
128820,4
128826,2
128830,4
128832,0
128834,4
128836,5
128838,0
128840,4
128842,3
128848,4
128850,1
128852,4
128854,4
128858,4
128860,4
128862,4
128864,6
128866,4
128868,4
128870,4
128872,3
128874,4
128876,2
128878,3
128880,4
128882,2
128884,3
128886,4
128888,1
128890,4
128892,4
128896,2
128898,4
128900,5
128902,5
128904,4
128906,4
128908,3
128910,4
128912,4
128914,4
128918,4
128920,2
128922,5
128924,0
128926,3
128928,4
128930,3
128936,6
128938,2
128940,2
128942,5
128944,6
128946,4
128948,4
128950,4
128952,3
128954,4
128956,4
128958,4
128960,4
128962,4
128964,4
128966,3
128968,6
128971,4
128973,5
128975,0
128977,4
128979,4
128981,4
128983,4
128985,2
128987,6
128989,4
128991,6
128995,2
128997,3
128999,2
129003,4
129005,4
129007,3
129009,4
129013,4
129015,3
129017,3
129019,3
129021,2
129030,3
129032,4
129034,5
129036,5
129038,2
129040,3
129042,3
129044,3
129046,3
129048,3
129050,4
129052,4
129054,3
129056,4
129058,3
129060,3
129062,3
129064,5
129066,5
129068,2
129070,4
129072,3
129074,2
129076,4
129078,4
129080,4
129183,4
129185,4
129187,4
129189,4
129191,3
129193,4
129195,4
129199,4
129201,4
129203,4
129205,3
129207,4
129211,4
129213,4
129217,2
129219,3
129221,2
129223,6
129225,4
129227,4
129229,3
129231,2
129233,4
129235,5
129237,2
129239,3
129241,4
129243,4
129245,4
129248,4
129250,4
129252,4
129256,2
129262,5
129264,4
129268,4
129270,2
129272,2
129274,3
129276,2
129285,4
129289,4
129291,4
129293,3
129295,2
129297,3
129299,4
129301,4
129303,4
129305,4
129307,4
129309,3
129311,4
129313,4
129315,1
129317,3
129321,3
129323,4
129325,1
129333,3
129335,4
129337,0
129340,4
129342,4
129344,4
129346,3
129348,4
129350,3
129352,5
129354,2
129356,2
129358,6
129360,4
129362,5
129364,4
129366,4
129368,2
129370,6
129372,3
129374,4
129376,3
129378,2
129380,4
129382,4
129384,3
129386,1
129389,5
129391,4
129395,1
129397,3
129401,5
129403,3
129405,3
129407,5
129409,4
129411,5
129413,4
129415,4
129417,2
129419,2
129421,4
129423,3
129425,4
129428,0
129430,2
129432,2
129435,2
129437,3
129441,4
129443,4
129445,4
129447,2
129449,4
129451,4
129454,5
129456,3
129458,1
129460,4
129464,1
129466,2
129470,4
129472,4
129474,4
129476,2
129478,5
129480,2
129482,2
129484,6
129486,3
129488,3
129490,3
129492,3
129500,4
129502,3
129504,4
129506,4
129508,4
129510,4
129512,4
129514,0
129516,6
129518,4
129520,4
129522,2
129524,4
129526,4
129528,5
129530,4
129532,3
129534,4
129536,4
129555,1
129640,5
129642,4
129644,5
129646,2
129651,4
129653,4
129655,3
129657,3
129659,4
129661,4
129663,4
129667,4
129669,5
129671,4
129673,3
129675,3
129679,4
129681,4
129683,4
129685,4
129687,1
129689,4
129691,1
129695,3
129697,4
129699,3
129701,3
129703,5
129705,4
129707,3
129709,1
129711,2
129713,2
129715,4
129717,4
129719,6
129721,4
129723,4
129725,1
129727,1
129729,1
129731,4
129735,4
129737,0
129739,0
129741,5
129743,1
129745,2
129749,2
129751,4
129753,1
129755,4
129759,4
129763,3
129765,4
129767,2
129769,4
129771,4
129773,4
129775,3
129777,3
129779,6
129781,4
129784,4
129786,4
129788,0
129790,4
129792,2
129802,4
129812,5
129814,3
129816,3
129818,5
129820,0
129822,5
129824,1
129826,6
129828,6
129830,6
129834,6
129836,6
129838,4
129841,4
129843,5
129845,3
129847,4
129849,4
129851,4
129853,4
129855,3
129857,4
129859,3
129865,4
129867,4
129869,4
129871,4
129873,2
129875,4
129877,4
129879,4
129881,4
129883,3
129885,4
129887,4
129889,4
129891,3
129895,4
129897,4
129899,2
129903,4
129905,4
129907,4
129909,4
129911,5
129913,3
129915,4
129917,4
129919,4
129921,5
129923,5
129925,4
129927,4
129929,4
129931,4
129933,5
129935,4
129937,2
129939,3
129941,2
129943,4
129945,4
129947,0
129949,2
129951,5
129953,2
129958,5
129970,3
129972,4
129978,4
129980,4
129984,4
129986,4
129988,4
129990,4
129992,1
129994,3
129996,4
130000,4
130002,2
130004,4
130006,2
130008,2
130010,4
130014,4
130016,2
130018,2
130020,4
130022,2
130024,4
130026,1
130028,4
130034,6
130036,1
130038,3
130040,3
130042,3
130044,3
130046,3
130048,2
130050,3
130052,3
130054,4
130056,5
130058,4
130060,4
130062,4
130064,4
130066,4
130069,4
130071,3
130073,6
130075,6
130077,5
130079,5
130081,4
130083,2
130085,5
130087,0
130089,4
130091,4
130093,4
130095,4
130097,4
130099,4
130101,4
130103,4
130105,4
130107,1
130109,4
130111,1
130114,2
130116,3
130118,4
130120,2
130128,2
130130,4
130132,2
130138,4
130140,4
130142,4
130144,4
130146,4
130148,4
130150,4
130152,3
130154,4
130156,4
130163,4
130165,4
130170,0
130173,4
130176,3
130178,4
130180,4
130182,4
130185,4
130192,4
130194,4
130196,4
130198,4
130200,1
130202,2
130204,4
130206,3
130208,1
130210,4
130213,4
130217,2
130219,2
130229,4
130231,4
130233,4
130235,4
130237,4
130239,4
130241,4
130243,1
130247,5
130250,2
130252,4
130254,4
130259,4
130261,3
130263,4
130265,1
130267,1
130269,3
130271,3
130273,1
130275,5
130277,3
130280,4
130284,4
130288,2
130290,4
130292,5
130294,4
130296,4
130298,4
130320,4
130322,3
130324,4
130326,4
130328,1
130330,2
130332,3
130334,2
130336,3
130338,1
130340,4
130342,4
130344,5
130347,4
130349,4
130351,5
130356,3
130364,2
130366,4
130368,4
130372,3
130374,5
130376,2
130378,4
130380,3
130382,1
130384,3
130386,4
130388,4
130390,3
130392,4
130394,6
130396,4
130398,3
130400,4
130402,6
130404,5
130406,3
130408,1
130410,4
130412,4
130414,2
130416,2
130418,3
130420,2
130422,2
130424,4
130426,2
130430,4
130432,4
130434,4
130436,3
130440,3
130442,3
130444,6
130446,4
130448,3
130450,6
130452,0
130454,4
130456,4
130458,3
130460,2
130462,3
130464,5
130468,3
130472,4
130474,1
130476,5
130478,4
130480,3
130482,2
130484,2
130488,4
130490,3
130492,4
130494,4
130496,3
130498,4
130500,4
130502,4
130504,2
130506,6
130508,6
130510,6
130512,4
130514,4
130516,4
130518,6
130520,6
130522,6
130524,4
130526,3
130528,4
130530,4
130532,4
130534,4
130536,1
130538,4
130540,2
130542,4
130544,3
130548,3
130552,4
130554,4
130556,3
130558,4
130560,4
130562,4
130564,1
130566,3
130572,4
130574,3
130576,3
130578,3
130580,4
130582,4
130584,4
130586,4
130588,3
130590,2
130594,4
130596,4
130600,4
130602,3
130604,4
130608,3
130610,3
130612,4
130614,3
130618,2
130620,4
130622,5
130624,4
130626,4
130628,4
130630,4
130632,5
130634,2
130636,3
130638,5
130640,3
130642,3
130644,6
130646,4
130648,4
130652,4
130654,1
130656,2
130660,4
130664,2
130666,4
130668,3
130670,3
130672,4
130674,3
130676,4
130678,4
130680,3
130682,3
130684,3
130686,3
130688,4
130690,4
130692,4
130694,4
130698,2
130702,3
130704,4
130706,3
130708,4
130716,4
130720,4
130722,4
130724,3
130726,4
130728,4
130730,4
130732,4
130734,3
130736,4
130738,4
130740,2
130744,4
130746,0
130748,4
130750,4
130754,2
130756,3
130758,6
130762,6
130766,2
130768,3
130770,4
130772,4
130776,4
130778,4
130780,4
130784,3
130786,4
130788,2
130792,4
130794,6
130796,6
130800,6
130802,3
130804,3
130808,3
130810,4
130812,4
130814,4
130816,4
130818,4
130820,4
130822,4
130824,2
130826,4
130828,3
130830,2
130832,4
130834,4
130836,3
130838,0
130840,0
130842,3
130846,4
130848,4
130850,4
130852,4
130854,4
130856,5
130858,3
130860,4
130862,4
130864,2
130866,4
130870,3
130872,3
130874,3
130876,4
130878,4
130880,3
130882,4
130892,3
130894,4
130896,4
130898,4
130900,4
130902,4
130904,4
130906,4
130908,4
130912,2
130914,3
130916,2
130918,4
130920,4
130922,3
130924,3
130926,3
130928,3
130930,3
130932,4
130934,3
130936,4
130938,3
130940,2
130942,4
130946,4
130948,2
130950,4
130952,4
130954,4
130956,2
130958,3
130960,4
130962,4
130964,4
130966,4
130968,4
130970,0
130972,4
130976,4
130978,0
130980,5
130982,4
130984,3
130986,4
130988,0
130990,4
130992,4
130994,5
130996,6
130998,2
131000,2
131002,2
131004,2
131009,4
131011,2
131013,0
131015,3
131017,4
131019,3
131021,4
131023,5
131025,4
131027,4
131029,4
131031,4
131050,3
131052,4
131054,6
131056,2
131058,6
131060,4
131062,3
131064,4
131066,6
131068,4
131070,2
131072,4
131074,5
131076,4
131078,4
131080,6
131082,5
131084,4
131086,6
131088,4
131090,4
131092,6
131094,6
131096,4
131098,6
131100,5
131102,1
131104,2
131106,6
131108,4
131110,5
131112,3
131114,4
131116,4
131118,4
131120,6
131122,4
131124,4
131126,4
131128,4
131130,6
131132,6
131134,4
131136,4
131138,1
131140,4
131142,4
131144,6
131146,6
131148,4
131150,4
131152,4
131154,4
131156,4
131158,4
131160,4
131162,4
131164,1
131166,5
131168,4
131170,3
131172,4
131174,4
131176,4
131178,4
131180,3
131182,4
131184,1
131186,4
131188,4
131190,3
131192,3
131194,1
131196,1
131198,4
131200,3
131202,3
131204,3
131206,2
131209,4
131211,1
131213,4
131215,4
131221,2
131223,4
131225,4
131229,4
131231,4
131233,4
131237,4
131239,4
131241,4
131243,6
131246,4
131248,6
131250,4
131252,3
131254,4
131256,4
131258,3
131260,4
131262,3
131264,1
131266,2
131268,4
131270,2
131272,4
131274,3
131276,4
131278,2
131280,4
131282,4
131284,3
131286,4
131290,3
131292,1
131294,4
131296,4
131300,4
131305,3
131308,1
131310,4
131316,2
131318,1
131320,4
131322,2
131324,1
131326,1
131328,1
131339,1
131341,4
131343,4
131345,1
131347,5
131353,1
131357,4
131359,4
131361,4
131363,4
131365,4
131369,4
131371,4
131373,3
131375,5
131378,3
131380,3
131382,1
131384,4
131386,4
131389,6
131391,4
131393,1
131396,2
131398,4
131400,4
131402,1
131404,4
131406,1
131409,1
131411,4
131415,4
131417,1
131419,3
131421,4
131425,3
131427,4
131429,4
131431,3
131433,3
131437,3
131439,3
131442,5
131444,3
131446,6
131448,4
131451,3
131453,3
131455,2
131457,3
131460,4
131462,1
131464,3
131466,2
131468,4
131470,3
131472,3
131474,3
131476,4
131478,3
131480,2
131482,3
131484,3
131486,4
131496,3
131498,4
131500,3
131502,3
131504,6
131506,3
131508,4
131510,4
131512,4
131514,4
131516,4
131518,4
131522,4
131524,4
131526,4
131528,2
131530,4
131532,2
131534,5
131536,4
131538,4
131540,3
131542,3
131544,4
131546,4
131548,0
131550,4
131552,4
131554,4
131556,4
131558,4
131560,4
131562,4
131564,4
131566,2
131568,4
131570,0
131572,1
131574,4
131578,4
131582,4
131584,5
131586,5
131588,4
131590,4
131592,4
131594,4
131596,2
131602,4
131604,6
131606,4
131610,4
131612,4
131614,4
131616,4
131618,4
131620,5
131622,4
131624,4
131626,4
131628,4
131630,2
131632,4
131634,4
131636,4
131638,4
131640,4
131642,4
131644,2
131646,4
131648,4
131650,3
131652,3
131654,4
131656,6
131658,4
131660,1
131662,2
131664,4
131670,4
131672,4
131674,4
131678,4
131682,4
131684,4
131686,4
131688,3
131690,4
131694,4
131696,4
131698,4
131700,4
131702,4
131704,4
131706,4
131708,4
131710,3
131712,4
131714,3
131716,3
131718,4
131720,4
131722,5
131724,5
131726,5
131728,4
131730,4
131732,4
131736,4
131739,6
131741,4
131743,4
131745,4
131749,4
131751,6
131753,3
131755,4
131757,4
131759,4
131761,4
131763,4
131765,4
131767,4
131769,4
131771,4
131775,4
131777,4
131779,4
131781,4
131786,3
131788,3
131790,4
131792,4
131794,3
131796,0
131798,3
131802,4
131806,1
131808,4
131810,4
131812,4
131816,5
131818,5
131820,3
131822,0
131824,0
131826,4
131828,4
131830,4
131832,4
131834,4
131836,4
131838,4
131840,4
131842,3
131844,4
131846,4
131848,4
131850,3
131852,4
131854,3
131856,4
131858,1
131860,4
131862,4
131864,4
131866,4
131868,4
131870,3
131872,4
131874,4
131876,4
131878,4
131880,3
131882,4
131884,4
131888,2
131890,4
131892,4
131894,4
131896,4
131900,4
131902,4
131904,4
131906,4
131908,4
131910,4
131912,4
131914,4
131916,4
131920,0
131922,4
131924,4
131926,4
131928,4
131930,4
131932,4
131934,4
131936,6
131938,4
131940,4
131942,4
131944,4
131946,4
131948,3
131950,4
131952,4
131954,4
131956,4
131960,4
131962,4
131964,4
131966,1
131968,4
131970,4
131972,3
131974,4
131980,4
131982,4
131984,4
131986,4
131988,4
131990,4
131994,4
131996,4
131998,3
132000,4
132002,3
132004,4
132006,4
132008,4
132010,4
132012,4
132014,4
132016,4
132018,4
132022,4
132024,6
132028,4
132030,4
132032,4
132034,4
132036,4
132038,4
132040,2
132044,3
132046,6
132048,3
132050,3
132052,4
132054,4
132056,2
132058,4
132060,4
132062,4
132064,4
132066,4
132068,0
132070,4
132072,4
132074,5
132076,1
132078,4
132080,4
132082,4
132084,4
132086,4
132088,4
132090,2
132092,1
132094,3
132098,4
132100,5
132102,4
132106,2
132110,4
132112,3
132114,3
132116,4
132118,4
132120,2
132122,0
132124,2
132126,4
132128,3
132130,3
132132,4
132134,4
132136,3
132138,5
132140,4
132142,5
132144,3
132146,3
132148,5
132150,3
132153,3
132155,4
132157,2
132159,3
132161,5
132163,3
132165,3
132167,2
132169,0
132171,4
132173,4
132175,5
132178,3
132180,3
132182,3
132184,4
132186,5
132188,1
132190,4
132192,4
132194,4
132196,5
132198,5
132202,4
132206,4
132208,3
132210,2
132212,3
132214,2
132216,2
132218,4
132220,1
132222,3
132224,4
132226,4
132230,2
132232,2
132234,4
132236,4
132238,4
132240,4
132242,3
132247,4
132249,1
132251,4
132253,1
132255,4
132259,0
132261,4
132264,4
132266,4
132268,4
132270,4
132272,3
132275,4
132278,3
132280,6
132282,4
132284,4
132286,4
132288,4
132290,1
132292,4
132294,3
132296,4
132298,4
132300,4
132302,2
132305,4
132307,4
132309,4
132311,4
132313,6
132315,4
132317,5
132319,6
132321,2
132323,2
132325,3
132327,4
132331,3
132333,5
132335,4
132338,1
132340,3
132342,1
132344,6
132346,4
132348,3
132350,4
132352,3
132354,4
132356,3
132358,2
132360,3
132362,6
132364,6
132366,1
132368,6
132370,4
132372,1
132374,2
132377,3
132379,4
132381,1
132384,2
132386,1
132388,4
132390,3
132392,4
132394,4
132398,4
132402,2
132404,2
132406,4
132408,3
132410,3
132412,3
132414,6
132416,6
132418,3
132420,6
132422,4
132424,0
132430,2
132432,0
132434,4
132436,3
132438,0
132440,2
132442,3
132444,3
132446,5
132448,4
132450,4
132452,2
132454,4
132456,0
132458,5
132460,2
132462,3
132464,3
132468,0
132470,2
132472,5
132474,4
132476,3
132478,2
132480,0
132482,3
132484,5
132486,0
132488,4
132490,5
132492,5
132494,5
132496,0
132502,4
132506,1
132508,3
132510,2
132512,2
132514,2
132516,4
132518,4
132520,4
132522,5
132524,3
132526,3
132528,3
132530,3
132532,4
132534,5
132537,4
132539,3
132541,3
132543,3
132545,4
132547,4
132549,0
132551,3
132553,4
132555,5
132557,5
132559,5
132561,5
132563,4
132565,3
132567,3
132569,0
132571,3
132575,4
132577,3
132579,3
132584,4
132586,5
132588,1
132590,5
132592,5
132594,4
132596,3
132600,2
132602,4
132604,4
132606,4
132608,4
132610,6
132612,4
132614,5
132616,3
132618,2
132622,4
132624,5
132626,6
132628,2
132630,6
132632,6
132634,4
132636,4
132638,4
132640,3
132642,3
132644,2
132646,6
132648,4
132650,6
132652,2
132654,4
132656,6
132658,4
132660,0
132662,2
132664,4
132666,4
132668,4
132670,2
132672,4
132674,3
132678,3
132682,4
132684,4
132686,4
132688,4
132690,2
132692,1
132694,4
132699,4
132703,3
132705,4
132707,4
132711,4
132713,4
132715,4
132717,4
132719,3
132723,4
132725,4
132727,2
132729,4
132731,4
132733,4
132735,3
132737,2
132739,3
132741,3
132743,4
132745,3
132747,3
132749,4
132751,2
132753,3
132756,1
132758,4
132760,4
132762,4
132764,4
132766,4
132768,4
132770,4
132772,4
132774,4
132776,4
132778,4
132780,5
132782,2
132784,4
132788,4
132790,5
132792,5
132794,3
132796,3
132798,3
132800,4
132802,4
132804,4
132806,4
132808,3
132810,4
132812,2
132814,4
132816,4
132818,3
132820,2
132822,4
132824,4
132826,5
132828,5
132830,5
132832,2
132834,4
132836,4
132838,3
132840,2
132844,4
132846,2
132852,4
132854,2
132856,4
132858,4
132860,4
132862,2
132864,2
132866,4
132868,4
132870,6
132872,2
132874,1
132877,5
132879,4
132883,1
132886,4
132888,4
132890,4
132892,4
132894,2
132896,4
132898,3
132900,5
132902,5
132904,5
132906,3
132908,4
132910,4
132912,3
132914,4
132916,4
132918,4
132920,4
132922,4
132924,3
132926,4
132928,4
132930,3
132932,4
132934,5
132936,3
132938,2
132940,2
132942,3
132944,4
132946,4
132948,4
132950,2
132952,4
132954,5
132958,5
132961,0
132963,4
132965,4
132967,4
132969,3
132971,4
132973,4
132975,5
132977,6
132979,3
132981,4
132983,4
132987,2
132989,1
132991,3
132993,4
132995,4
132997,3
132999,2
133001,6
133003,4
133005,4
133007,4
133009,4
133011,4
133013,6
133015,4
133017,3
133019,4
133021,4
133025,4
133029,3
133037,3
133045,3
133047,3
133049,1
133051,4
133053,4
133055,4
133057,4
133059,4
133063,2
133065,1
133067,4
133069,1
133071,2
133073,4
133075,4
133077,3
133079,2
133081,4
133083,2
133085,3
133087,3
133089,2
133091,2
133093,3
133095,1
133097,4
133099,1
133101,1
133105,4
133107,1
133109,2
133111,4
133115,5
133117,1
133119,3
133121,3
133123,6
133125,6
133127,6
133129,6
133131,6
133133,6
133135,6
133137,6
133139,6
133141,6
133143,6
133145,6
133147,6
133149,6
133151,6
133153,6
133155,6
133157,6
133159,6
133161,6
133163,6
133165,6
133167,6
133169,6
133171,6
133173,6
133175,6
133177,4
133179,4
133181,6
133183,4
133185,4
133187,3
133189,3
133191,4
133195,2
133197,4
133199,4
133201,4
133203,4
133205,4
133207,4
133209,5
133211,4
133213,4
133215,5
133217,2
133219,6
133221,5
133223,3
133225,5
133227,1
133229,4
133231,4
133233,4
133235,4
133237,4
133239,5
133241,4
133243,4
133255,4
133259,4
133262,4
133264,4
133266,4
133268,4
133270,5
133272,3
133274,5
133276,3
133279,5
133281,0
133283,4
133285,5
133287,5
133289,3
133291,5
133293,4
133295,5
133297,4
133299,4
133301,5
133303,5
133305,3
133307,5
133309,3
133311,5
133313,5
133315,5
133317,5
133319,5
133321,4
133323,5
133325,5
133327,1
133329,5
133331,3
133333,5
133335,4
133337,4
133339,4
133341,4
133343,5
133345,4
133347,4
133349,4
133351,4
133353,5
133355,5
133357,5
133359,4
133361,0
133365,3
133367,3
133369,4
133371,4
133373,2
133375,3
133377,3
133379,3
133381,5
133383,3
133385,2
133387,3
133389,0
133391,3
133393,4
133395,4
133397,2
133399,3
133401,4
133404,0
133407,5
133409,4
133411,2
133413,4
133415,3
133417,4
133419,0
133421,5
133423,3
133425,3
133427,4
133429,1
133431,1
133433,4
133435,4
133437,4
133439,5
133441,5
133443,3
133445,3
133447,4
133453,4
133455,1
133457,1
133461,1
133463,1
133465,4
133467,1
133469,3
133471,4
133473,4
133477,4
133479,3
133481,4
133483,4
133485,1
133489,2
133493,4
133497,2
133499,2
133501,4
133503,4
133505,4
133507,6
133509,4
133511,4
133515,4
133517,2
133519,4
133521,4
133523,3
133525,4
133527,2
133529,1
133531,3
133533,4
133535,4
133537,3
133539,4
133541,4
133543,4
133545,4
133547,4
133549,4
133551,4
133555,4
133557,4
133559,4
133561,4
133563,4
133565,4
133567,3
133569,3
133571,3
133573,4
133575,4
133577,4
133579,2
133581,4
133583,4
133585,4
133587,4
133589,4
133591,0
133593,5
133596,4
133598,4
133600,2
133602,3
133604,5
133606,4
133608,1
133610,4
133612,4
133614,4
133616,4
133618,4
133620,2
133622,4
133624,1
133626,4
133628,4
133630,1
133632,3
133636,1
133638,5
133640,4
133643,5
133645,0
133647,5
133649,3
133651,5
133653,4
133655,4
133657,4
133659,3
133661,3
133663,4
133665,2
133667,5
133671,5
133673,5
133675,3
133677,4
133679,5
133681,4
133683,1
133689,3
133691,5
133693,4
133695,4
133697,2
133699,2
133701,4
133703,3
133706,4
133708,4
133710,3
133712,0
133714,4
133716,2
133718,4
133720,4
133722,3
133724,3
133727,4
133729,0
133731,3
133733,4
133735,5
133737,5
133739,4
133741,2
133743,0
133745,4
133747,3
133749,3
133751,3
133753,4
133755,2
133757,4
133759,3
133761,1
133763,4
133765,4
133767,4
133769,4
133771,0
133773,2
133775,3
133778,4
133780,4
133782,3
133784,3
133786,2
133788,1
133790,2
133792,3
133794,4
133796,4
133798,3
133800,4
133802,1
133804,4
133806,3
133808,5
133810,3
133812,4
133814,5
133816,3
133818,2
133820,5
133822,4
133824,3
133826,3
133828,4
133830,3
133832,3
133835,4
133837,3
133841,4
133845,4
133849,4
133851,5
133853,4
133855,2
133857,4
133859,5
133861,4
133863,4
133865,5
133867,3
133869,3
133871,4
133873,4
133875,4
133877,4
133879,4
133881,4
133883,4
133885,5
133887,5
133889,4
133891,4
133893,6
133895,4
133897,4
133900,4
133902,0
133904,4
133907,4
133909,2
133911,3
133913,2
133915,3
133917,2
133919,2
133921,4
133923,2
133925,2
133927,2
133929,2
133931,2
133933,3
133935,3
133939,4
133941,3
133943,4
133945,5
133947,2
133949,4
133951,4
133953,4
133955,4
133957,4
133959,4
133961,6
133964,5
133966,4
133968,4
133970,1
133974,4
133976,3
133980,4
133982,3
133984,4
133986,4
133988,4
133990,3
133992,4
133994,4
133998,1
134000,4
134002,4
134004,4
134006,4
134009,4
134011,4
134013,3
134015,4
134017,4
134019,6
134021,0
134023,5
134025,4
134027,3
134029,3
134031,3
134033,3
134035,3
134037,4
134039,4
134041,0
134043,1
134045,4
134053,4
134057,4
134059,1
134061,1
134063,4
134065,4
134067,3
134069,3
134071,1
134073,4
134075,4
134077,4
134079,4
134081,4
134083,4
134085,4
134087,0
134089,5
134091,4
134093,0
134095,6
134097,4
134099,6
134101,4
134103,4
134105,4
134107,4
134109,0
134111,4
134115,4
134117,3
134120,3
134122,3
134124,3
134126,2
134128,5
134130,0
134132,4
134134,3
134142,4
134146,4
134150,2
134152,6
134154,3
134156,5
134158,3
134160,4
134162,3
134164,3
134166,5
134168,5
134170,0
134172,4
134174,5
134176,4
134178,2
134180,3
134182,3
134184,0
134186,4
134188,2
134192,4
134194,2
134196,4
134198,2
134202,5
134204,2
134206,3
134208,4
134210,2
134212,3
134214,0
134216,4
134218,2
134220,4
134222,4
134224,4
134226,4
134228,4
134230,4
134232,3
134234,3
134236,4
134238,2
134240,4
134242,4
134244,5
134246,3
134248,5
134250,0
134252,4
134254,4
134256,4
134260,2
134262,1
134264,3
134266,4
134268,3
134274,3
134276,4
134278,3
134280,4
134282,4
134284,4
134286,4
134290,3
134292,3
134294,4
134296,4
134298,3
134302,4
134304,4
134306,2
134308,4
134310,4
134312,4
134320,4
134322,4
134326,0
134328,4
134330,4
134332,3
134334,4
134336,3
134338,3
134340,4
134342,3
134344,4
134346,4
134348,3
134350,3
134352,4
134354,3
134356,4
134358,3
134360,4
134362,4
134366,4
134368,2
134370,4
134372,3
134374,6
134376,6
134378,4
134381,3
134383,5
134385,4
134387,4
134389,2
134391,1
134393,0
134395,4
134398,2
134402,4
134405,4
134407,4
134409,4
134411,4
134413,4
134415,4
134423,4
134425,4
134427,4
134429,4
134433,4
134437,4
134443,4
134445,4
134447,4
134449,4
134451,4
134453,4
134455,4
134459,4
134463,4
134465,4
134467,4
134469,4
134471,4
134473,4
134475,4
134479,4
134485,4
134487,4
134491,4
134495,4
134497,4
134499,3
134501,4
134503,4
134505,1
134507,4
134509,3
134511,3
134513,2
134515,2
134517,3
134519,4
134521,4
134524,5
134526,6
134528,0
134530,6
134532,4
134534,4
134536,3
134538,1
134540,4
134542,4
134549,4
134551,4
134553,4
134555,4
134557,2
134559,4
134563,4
134565,4
134567,4
134569,0
134571,4
134573,5
134575,2
134577,3
134579,4
134581,5
134583,5
134585,4
134587,4
134589,5
134591,4
134593,3
134595,4
134597,2
134599,5
134601,5
134603,4
134605,4
134607,4
134609,6
134611,4
134613,4
134615,6
134617,6
134619,6
134621,6
134623,6
134625,1
134627,4
134629,1
134631,4
134633,4
134635,4
134637,4
134639,6
134641,4
134643,3
134645,4
134647,4
134649,4
134651,3
134653,4
134655,4
134657,4
134659,0
134661,4
134664,3
134666,4
134668,4
134671,1
134673,6
134676,3
134678,6
134680,0
134682,4
134684,1
134687,4
134689,4
134691,4
134693,4
134695,4
134700,4
134702,2
134704,4
134706,4
134708,4
134710,5
134712,5
134714,2
134720,2
134722,2
134724,3
134726,1
134728,4
134730,4
134732,4
134740,4
134743,3
134745,2
134747,2
134749,3
134751,6
134753,4
134755,4
134757,1
134759,1
134761,4
134763,4
134765,2
134767,1
134769,2
134771,4
134773,2
134775,3
134777,4
134779,4
134781,4
134783,0
134785,3
134787,5
134789,4
134791,4
134794,3
134796,5
134798,4
134800,4
134802,3
134804,4
134806,3
134808,4
134810,4
134812,3
134815,4
134817,4
134819,4
134821,4
134823,4
134827,4
134829,3
134831,3
134833,4
134835,4
134838,6
134840,4
134843,3
134845,3
134847,4
134849,6
134851,4
134853,0
134855,4
134857,4
134859,5
134861,4
134863,4
134865,3
134867,4
134869,5
134871,4
134873,2
134875,3
134879,5
134881,0
134883,6
134886,5
134888,5
134892,4
134894,3
134896,4
134898,4
134900,4
134902,4
134904,2
134906,4
134908,4
134910,4
134912,1
134915,3
134917,4
134919,4
134921,5
134923,4
134929,4
134931,4
134933,4
134935,5
134937,5
134939,5
134941,4
134943,0
134945,2
134947,5
134949,4
134951,5
134953,5
134955,5
134957,4
134959,4
134963,4
134965,4
134967,4
134969,4
134971,0
134973,4
134977,4
134979,4
134981,4
134985,4
134987,4
134989,4
134991,4
135001,1
135003,5
135005,4
135007,6
135009,4
135013,4
135015,4
135017,4
135019,4
135021,4
135023,4
135025,5
135031,4
135033,4
135035,4
135037,4
135039,4
135041,5
135049,4
135055,4
135057,4
135061,4
135065,4
135069,4
135071,4
135073,4
135077,4
135079,4
135081,5
135083,4
135087,4
135095,4
135097,4
135099,4
135103,4
135105,4
135113,5
135115,5
135117,5
135119,3
135121,1
135123,4
135125,4
135127,3
135129,4
135131,3
135133,3
135135,6
135137,3
135141,3
135143,0
135147,4
135149,1
135151,4
135153,5
135155,4
135157,4
135159,4
135161,2
135164,4
135166,4
135168,0
135170,4
135172,3
135174,5
135176,5
135178,5
135180,5
135182,5
135184,6
135186,5
135188,4
135190,5
135192,5
135194,5
135196,4
135198,4
135200,4
135202,4
135204,3
135206,4
135208,4
135210,4
135212,4
135214,4
135216,6
135218,4
135220,4
135222,4
135224,4
135226,3
135228,5
135230,4
135232,4
135234,4
135236,5
135238,1
135240,2
135242,5
135244,3
135246,4
135248,4
135250,4
135252,4
135254,4
135256,4
135258,4
135260,4
135262,6
135264,6
135266,6
135268,6
135270,6
135272,4
135274,6
135276,4
135278,6
135280,4
135282,5
135286,2
135288,3
135290,6
135292,5
135294,1
135296,4
135298,4
135300,4
135304,4
135310,4
135312,4
135314,4
135316,4
135334,4
135336,4
135338,4
135340,4
135342,4
135344,4
135348,4
135350,4
135352,4
135354,4
135362,4
135364,4
135370,4
135374,4
135376,2
135378,2
135380,2
135382,4
135384,4
135388,2
135392,4
135398,4
135400,4
135404,5
135406,5
135408,5
135410,5
135412,5
135414,4
135416,4
135420,5
135422,4
135424,4
135426,3
135430,3
135432,3
135434,3
135436,0
135438,5
135440,5
135442,6
135444,2
135452,3
135454,3
135456,6
135460,4
135462,4
135464,5
135466,3
135468,4
135470,4
135472,4
135474,4
135476,4
135478,3
135480,5
135484,1
135486,3
135488,4
135490,2
135492,4
135494,4
135498,4
135500,3
135502,6
135504,1
135506,4
135508,3
135510,0
135512,6
135514,5
135516,3
135518,3
135520,4
135524,4
135526,4
135528,1
135530,3
135532,3
135534,3
135536,3
135539,4
135541,4
135543,4
135545,1
135547,3
135549,1
135551,3
135553,5
135555,4
135557,3
135559,1
135561,4
135565,5
135567,3
135569,3
135571,5
135573,4
135575,4
135577,4
135579,3
135581,4
135583,4
135585,3
135587,2
135589,3
135591,3
135593,3
135595,3
135597,3
135599,3
135601,0
135603,4
135605,4
135607,4
135609,4
135611,4
135613,3
135615,4
135617,4
135619,2
135621,5
135623,4
135625,3
135627,3
135629,4
135631,4
135633,3
135635,4
135637,2
135639,4
135641,4
135643,4
135645,4
135647,4
135649,0
135651,5
135653,3
135655,4
135657,4
135659,5
135663,4
135667,4
135669,5
135671,4
135673,4
135677,4
135679,2
135681,4
135683,4
135687,4
135691,4
135693,4
135695,4
135697,4
135699,4
135701,3
135703,5
135706,4
135709,5
135711,1
135713,4
135715,4
135717,4
135719,2
135721,4
135723,4
135725,3
135727,4
135729,3
135731,4
135733,4
135735,3
135737,4
135739,4
135741,3
135743,4
135745,6
135747,1
135749,3
135751,4
135753,1
135755,3
135757,3
135759,4
135761,2
135763,3
135765,2
135767,2
135769,4
135771,4
135773,4
135775,4
135777,6
135779,4
135781,2
135783,4
135785,3
135787,5
135789,2
135791,2
135793,4
135795,3
135797,2
135799,4
135801,4
135803,3
135805,4
135807,3
135809,3
135811,4
135813,3
135815,3
135817,3
135819,4
135821,4
135823,2
135825,6
135827,4
135829,2
135831,3
135833,3
135835,4
135837,4
135839,4
135841,4
135844,6
135846,6
135848,2
135850,2
135852,4
135854,4
135856,5
135859,3
135861,0
135863,1
135865,3
135867,6
135869,4
135871,5
135873,4
135875,4
135877,3
135881,4
135885,0
135887,6
135889,3
135891,4
135893,2
135895,4
135897,4
135899,1
135901,2
135905,2
135907,2
135909,1
135911,4
135913,4
135915,3
135917,4
135919,4
135921,4
135923,4
135925,4
135927,4
135929,1
135931,3
135933,4
135935,4
135937,3
135939,3
135941,6
135943,4
135945,4
135947,3
135949,4
135951,3
135953,6
135955,1
135957,3
135959,3
135961,4
135963,4
135965,6
135967,3
135969,4
135971,3
135974,4
135977,4
135979,6
135981,3
135983,3
135987,4
135989,3
135991,3
135993,3
135995,4
135997,4
136000,6
136002,4
136006,3
136010,4
136012,3
136014,5
136016,6
136018,3
136020,3
136022,3
136024,6
136026,1
136028,4
136030,4
136032,4
136038,4
136040,4
136046,4
136048,4
136050,2
136054,4
136056,4
136058,4
136060,4
136062,4
136068,4
136070,4
136072,4
136074,4
136078,4
136080,4
136082,4
136086,4
136088,1
136090,4
136092,1
136096,4
136098,4
136102,4
136104,4
136106,4
136108,4
136110,4
136112,4
136126,4
136128,4
136136,4
136142,4
136144,4
136148,4
136154,4
136158,4
136162,4
136164,4
136166,4
136174,4
136180,4
136186,4
136188,4
136190,6
136192,3
136194,3
136196,4
136198,3
136200,3
136202,3
136204,4
136208,4
136210,4
136212,3
136217,3
136219,3
136221,3
136223,4
136225,3
136227,3
136229,3
136231,6
136233,3
136235,3
136237,4
136239,6
136241,4
136245,6
136247,6
136249,6
136251,6
136253,6
136255,4
136257,3
136259,3
136261,4
136265,4
136275,4
136277,4
136279,4
136281,4
136283,4
136291,4
136295,4
136297,6
136299,4
136301,3
136303,6
136305,3
136307,3
136309,6
136311,4
136313,3
136315,4
136317,3
136319,3
136323,1
136325,2
136329,1
136331,6
136333,6
136335,6
136337,6
136339,6
136341,6
136343,6
136345,6
136347,6
136349,6
136351,6
136353,6
136355,6
136357,6
136359,6
136361,6
136363,6
136365,4
136367,6
136369,6
136371,4
136373,2
136375,4
136377,4
136379,4
136381,4
136383,4
136385,4
136395,4
136401,4
136405,4
136411,4
136413,4
136415,4
136419,2
136421,4
136423,2
136425,2
136427,2
136429,3
136431,4
136433,4
136435,4
136437,4
136439,5
136441,6
136443,4
136445,0
136447,0
136449,6
136451,6
136453,4
136455,6
136457,4
136459,4
136461,4
136463,4
136465,4
136467,6
136469,0
136471,5
136473,4
136475,6
136477,6
136479,4
136481,4
136483,6
136485,6
136487,4
136489,6
136491,3
136493,4
136495,4
136497,4
136499,4
136501,6
136503,6
136505,3
136507,4
136509,4
136511,4
136513,4
136515,4
136517,4
136519,3
136521,5
136524,4
136526,4
136528,4
136530,6
136532,3
136534,6
136536,3
136538,6
136540,4
136542,6
136544,4
136546,3
136548,3
136550,3
136552,3
136554,5
136556,6
136558,3
136560,4
136562,0
136564,0
136566,4
136568,4
136572,4
136574,4
136576,3
136578,4
136580,6
136582,4
136584,4
136586,4
136588,6
136590,4
136592,4
136594,4
136596,6
136598,0
136600,4
136602,3
136604,4
136606,4
136608,5
136610,4
136612,4
136614,5
136616,4
136618,6
136620,6
136622,6
136624,6
136626,4
136628,4
136630,4
136632,3
136634,6
136636,3
136638,3
136640,6
136642,4
136644,3
136646,3
136648,3
136650,4
136652,2
136654,3
136656,4
136658,4
136660,4
136662,4
136664,2
136666,4
136668,3
136670,2
136672,4
136674,6
136676,3
136678,3
136680,3
136682,3
136684,3
136686,4
136688,3
136690,3
136692,4
136694,4
136696,2
136698,3
136704,4
136706,4
136708,3
136710,4
136712,3
136714,4
136718,3
136720,3
136722,3
136724,4
136726,4
136728,4
136730,4
136732,3
136734,4
136736,4
136738,4
136740,4
136742,4
136744,4
136746,4
136748,4
136750,4
136752,3
136754,5
136756,3
136758,5
136760,5
136762,5
136764,6
136766,4
136768,4
136770,4
136772,4
136774,4
136776,4
136778,4
136780,3
136782,2
136784,3
136786,2
136788,4
136790,4
136792,3
136794,3
136796,3
136798,3
136800,3
136802,4
136804,4
136806,4
136808,3
136810,3
136812,4
136814,4
136816,3
136818,3
136820,4
136822,4
136824,4
136826,4
136828,3
136830,3
136832,4
136834,3
136836,4
136838,4
136840,4
136842,4
136844,3
136846,3
136848,4
136850,2
136853,2
136855,4
136857,3
136859,3
136861,3
136864,3
136866,4
136868,4
136870,2
136872,4
136874,4
136876,4
136878,4
136880,4
136882,4
136884,4
136886,4
136888,5
136890,4
136892,5
136894,5
136896,5
136898,1
136900,3
136902,5
136904,4
136906,4
136908,4
136910,4
136912,3
136914,2
136916,4
136918,3
136920,3
136922,4
136924,3
136926,4
136928,3
136930,3
136932,3
136934,3
136936,3
136938,3
136940,4
136942,4
136944,4
136946,3
136948,4
136950,3
136952,3
136954,5
136956,6
136958,3
136960,3
136962,3
136964,2
136966,4
136968,3
136970,4
136972,4
136974,3
136976,3
136978,4
136980,2
136982,4
136986,4
136988,4
136990,2
136992,4
136994,4
136996,4
136998,4
137000,3
137002,3
137006,3
137008,2
137010,3
137012,3
137014,3
137016,3
137018,2
137020,3
137022,4
137024,4
137026,2
137028,4
137030,4
137032,4
137034,4
137036,3
137038,2
137040,4
137042,4
137044,3
137046,2
137048,4
137050,3
137052,4
137054,4
137056,4
137060,2
137062,6
137064,2
137066,3
137068,4
137070,3
137072,3
137074,3
137076,4
137078,4
137082,4
137084,4
137088,4
137090,3
137092,2
137096,3
137098,3
137100,4
137102,3
137104,4
137108,2
137110,4
137112,2
137114,4
137118,4
137120,4
137122,4
137124,1
137126,4
137128,4
137130,4
137132,4
137134,4
137136,4
137138,4
137140,4
137142,4
137144,4
137146,4
137148,4
137150,1
137152,4
137154,4
137156,4
137158,4
137160,4
137162,4
137164,2
137166,4
137168,4
137170,2
137172,4
137174,3
137176,2
137178,4
137180,4
137182,4
137184,4
137186,4
137188,4
137190,4
137192,4
137194,4
137196,4
137198,4
137202,4
137206,3
137210,4
137212,1
137214,4
137218,4
137222,4
137224,1
137226,4
137228,4
137230,4
137232,1
137236,3
137238,1
137240,4
137242,4
137244,4
137246,4
137248,4
137250,4
137254,4
137256,3
137260,4
137262,4
137268,4
137270,4
137274,4
137276,4
137278,4
137280,4
137282,5
137284,4
137286,5
137288,4
137290,3
137292,4
137294,4
137296,4
137299,4
137301,4
137303,4
137305,4
137307,3
137309,3
137311,4
137313,4
137315,2
137317,4
137319,4
137323,4
137325,4
137327,4
137329,4
137331,4
137333,4
137335,4
137337,5
137339,4
137343,2
137345,2
137347,4
137349,4
137351,4
137353,4
137355,4
137359,4
137361,4
137363,4
137365,3
137367,2
137369,4
137373,4
137375,4
137377,4
137379,4
137381,4
137383,6
137385,6
137387,6
137389,6
137391,6
137393,6
137395,4
137397,3
137399,4
137401,6
137403,4
137405,3
137409,3
137411,3
137415,3
137417,2
137419,4
137421,3
137423,4
137425,4
137427,4
137431,4
137433,4
137435,4
137437,4
137439,4
137441,4
137443,2
137445,2
137447,4
137451,4
137453,4
137455,3
137457,4
137459,4
137463,4
137465,3
137467,4
137469,4
137471,4
137473,3
137475,6
137478,3
137482,4
137484,4
137486,4
137488,4
137490,4
137494,4
137496,4
137503,4
137505,2
137507,3
137511,4
137513,3
137515,3
137517,4
137519,4
137521,2
137523,4
137525,3
137527,3
137529,1
137531,3
137533,2
137535,1
137541,3
137543,3
137547,3
137549,2
137551,2
137553,4
137555,4
137557,4
137559,2
137561,4
137563,3
137565,3
137570,4
137572,4
137574,4
137576,4
137579,4
137581,5
137583,4
137585,4
137587,4
137589,4
137591,4
137593,2
137595,0
137597,2
137601,2
137608,1
137610,4
137612,4
137614,4
137616,2
137618,4
137620,4
137622,4
137624,4
137626,4
137628,4
137630,4
137632,4
137634,4
137636,4
137638,4
137640,4
137642,6
137644,4
137646,4
137648,4
137650,4
137652,4
137654,4
137656,4
137658,4
137660,4
137662,4
137664,1
137666,4
137668,4
137670,4
137672,2
137674,4
137678,4
137682,4
137684,4
137688,3
137690,3
137692,4
137694,2
137696,3
137701,3
137703,4
137705,4
137707,3
137709,3
137711,4
137715,4
137717,4
137721,1
137723,3
137727,2
137731,4
137733,3
137737,3
137739,4
137741,4
137743,2
137745,4
137747,4
137749,3
137751,4
137755,3
137757,4
137759,4
137761,5
137763,5
137765,4
137767,3
137769,4
137771,4
137773,4
137781,2
137783,4
137785,3
137787,4
137789,2
137791,4
137793,4
137797,4
137799,4
137801,4
137803,4
137805,4
137807,4
137809,4
137813,5
137815,3
137817,1
137819,3
137821,2
137823,3
137825,3
137827,3
137829,4
137833,4
137835,4
137841,4
137843,4
137845,4
137847,4
137849,4
137851,4
137853,4
137855,4
137857,3
137859,6
137863,6
137865,4
137867,3
137869,4
137871,1
137873,4
137875,4
137879,4
137885,4
137887,4
137889,4
137893,4
137895,4
137898,6
137900,4
137904,4
137906,3
137908,3
137910,4
137912,4
137914,3
137918,4
137920,4
137922,1
137924,3
137926,4
137930,3
137932,4
137934,4
137936,2
137938,4
137940,4
137942,4
137944,4
137950,3
137952,4
137954,4
137956,4
137958,4
137960,2
137962,4
137964,4
137966,4
137968,4
137970,4
137972,4
137974,2
137976,4
137980,5
137982,4
137984,4
137986,3
137990,4
137992,4
137994,4
137996,1
137998,4
138000,3
138002,2
138006,4
138008,4
138010,4
138012,4
138016,2
138018,4
138020,1
138022,5
138024,4
138026,4
138028,4
138030,5
138032,6
138034,4
138036,3
138038,5
138042,4
138044,4
138048,3
138050,5
138054,4
138056,4
138058,4
138060,4
138062,3
138066,4
138070,1
138072,4
138074,3
138076,4
138078,4
138084,4
138086,4
138088,2
138090,4
138094,5
138096,4
138098,4
138100,4
138102,4
138104,6
138106,2
138108,2
138110,3
138112,1
138114,4
138118,3
138120,4
138122,4
138124,3
138128,3
138130,4
138132,3
138136,3
138138,4
138140,4
138142,4
138146,3
138148,4
138150,3
138152,3
138154,3
138156,3
138160,4
138162,2
138166,4
138168,4
138170,4
138172,2
138174,3
138180,4
138184,3
138186,2
138188,4
138190,4
138192,4
138196,4
138198,4
138200,4
138202,4
138204,0
138206,1
138208,3
138210,3
138212,3
138214,4
138216,4
138218,4
138220,2
138222,4
138224,4
138226,5
138228,4
138230,4
138232,3
138234,4
138236,1
138240,3
138242,4
138246,4
138248,2
138250,4
138254,4
138256,4
138258,4
138260,4
138262,4
138264,4
138266,4
138268,4
138270,3
138272,4
138274,4
138280,4
138286,5
138288,4
138290,4
138292,4
138294,4
138298,4
138300,4
138304,4
138308,3
138310,4
138312,4
138314,4
138318,4
138320,4
138322,4
138326,4
138328,3
138334,4
138338,4
138340,4
138342,4
138344,4
138346,4
138350,4
138352,3
138356,4
138358,4
138360,4
138362,4
138366,4
138368,4
138370,4
138376,4
138380,4
138388,4
138396,4
138398,4
138400,4
138402,4
138404,5
138408,4
138412,2
138414,4
138416,4
138420,4
138422,0
138424,4
138428,4
138430,4
138432,4
138434,4
138438,4
138442,4
138444,4
138446,4
138448,4
138450,4
138454,4
138456,4
138458,4
138460,4
138462,4
138464,4
138470,4
138474,4
138476,4
138478,4
138480,4
138484,4
138486,4
138488,4
138490,2
138492,4
138494,4
138496,4
138498,4
138500,4
138504,3
138506,2
138508,4
138514,4
138518,4
138520,3
138522,2
138524,3
138526,3
138528,3
138532,3
138534,3
138538,3
138540,2
138542,4
138544,3
138546,4
138548,4
138550,3
138552,4
138554,4
138556,4
138558,3
138560,2
138562,2
138564,5
138566,3
138568,3
138570,3
138576,2
138580,3
138582,2
138584,4
138586,3
138588,3
138592,3
138596,4
138598,4
138600,4
138602,3
138604,4
138606,5
138608,3
138610,3
138612,3
138616,3
138618,4
138620,4
138622,4
138624,4
138626,4
138630,4
138632,3
138634,0
138636,4
138638,3
138640,3
138642,4
138644,3
138648,4
138650,4
138652,4
138656,4
138658,4
138660,4
138662,3
138664,3
138666,1
138668,4
138670,4
138672,5
138674,3
138676,4
138680,4
138682,3
138684,3
138686,4
138688,4
138690,3
138692,5
138694,4
138696,4
138698,5
138702,6
138704,4
138706,4
138708,4
138713,4
138719,4
138721,2
138724,4
138726,0
138728,2
138730,4
138732,1
138734,4
138738,4
138740,4
138742,4
138744,4
138746,3
138748,3
138750,3
138752,3
138754,3
138758,3
138760,3
138762,2
138766,4
138770,3
138772,2
138774,3
138776,4
138778,3
138782,4
138784,3
138786,3
138788,3
138790,3
138792,1
138794,3
138796,6
138798,4
138800,2
138802,4
138804,4
138806,2
138808,5
138812,3
138814,3
138816,5
138818,4
138820,4
138822,4
138824,4
138833,4
138835,6
138837,2
138839,2
138842,4
138844,4
138846,4
138848,4
138850,4
138852,2
138854,2
138856,2
138858,4
138863,4
138868,4
138870,5
138874,3
138876,4
138878,2
138881,3
138885,4
138890,4
138892,4
138894,4
138896,4
138898,4
138904,2
138906,4
138908,6
138910,4
138912,4
138914,3
138916,3
138921,2
138923,3
138925,3
138927,1
138929,3
138933,4
138935,2
138940,4
138942,5
138944,6
138946,5
138948,3
138950,5
138952,6
138954,4
138958,4
138960,2
138962,2
138964,3
138966,6
138968,4
138972,4
138974,4
138976,4
138978,3
138980,3
138982,2
138984,4
138988,4
138990,4
138992,4
138994,3
138996,3
139000,4
139002,4
139008,4
139010,4
139012,3
139014,3
139016,3
139018,3
139020,3
139022,3
139026,3
139028,4
139030,4
139032,4
139034,2
139036,3
139040,3
139042,4
139044,4
139046,4
139048,5
139050,4
139052,3
139054,3
139056,3
139058,4
139060,4
139062,4
139064,3
139066,4
139068,4
139072,4
139076,4
139078,4
139080,4
139082,4
139084,4
139086,5
139088,5
139090,5
139092,5
139096,5
139098,5
139100,5
139102,5
139104,4
139106,5
139108,5
139110,5
139112,4
139114,5
139116,5
139118,4
139120,4
139122,4
139124,4
139126,4
139128,6
139130,3
139132,6
139134,3
139136,3
139138,4
139140,4
139142,4
139144,3
139146,4
139148,4
139150,4
139153,4
139157,3
139159,4
139175,4
139177,4
139181,1
139183,1
139185,4
139187,3
139189,4
139191,4
139195,4
139197,4
139199,4
139201,1
139203,4
139205,4
139207,3
139209,4
139211,5
139213,4
139215,4
139217,3
139219,3
139223,4
139225,1
139229,3
139233,3
139235,2
139237,5
139239,4
139241,3
139243,2
139245,3
139249,3
139251,4
139253,3
139257,3
139259,3
139263,3
139269,3
139273,4
139275,4
139277,3
139279,4
139281,3
139283,3
139285,3
139287,4
139289,3
139291,4
139293,4
139295,4
139299,3
139301,4
139303,5
139305,3
139307,4
139309,3
139311,3
139313,3
139315,3
139317,3
139321,4
139323,3
139325,4
139327,5
139329,5
139331,5
139333,2
139335,4
139341,3
139347,3
139349,4
139351,3
139353,4
139355,4
139361,3
139363,4
139365,3
139367,2
139369,4
139371,1
139373,3
139377,3
139379,4
139383,4
139385,3
139387,4
139389,3
139391,2
139393,2
139395,3
139397,4
139399,3
139401,4
139403,4
139405,4
139407,4
139409,4
139411,4
139413,4
139415,2
139417,4
139419,0
139421,6
139423,4
139425,6
139429,3
139433,3
139435,3
139439,4
139441,3
139443,3
139445,3
139447,3
139451,3
139453,4
139455,3
139457,4
139459,4
139461,4
139463,3
139467,3
139469,3
139471,4
139473,3
139475,2
139477,4
139483,4
139485,3
139487,3
139489,1
139491,3
139493,6
139495,2
139497,3
139499,4
139501,4
139503,4
139505,4
139507,6
139509,4
139511,3
139513,4
139515,4
139517,3
139519,3
139521,4
139523,1
139525,5
139529,3
139531,4
139533,3
139537,4
139539,4
139541,4
139545,4
139547,4
139549,4
139551,4
139553,4
139555,3
139557,2
139559,4
139561,4
139563,4
139565,4
139567,4
139569,4
139571,4
139573,4
139575,0
139578,4
139580,3
139584,6
139586,4
139588,3
139590,2
139592,4
139596,4
139598,6
139600,4
139602,5
139604,4
139606,5
139608,4
139612,4
139614,4
139616,3
139618,4
139620,6
139622,3
139624,2
139626,5
139628,5
139632,4
139634,5
139636,3
139640,6
139642,3
139644,2
139647,2
139649,4
139651,4
139653,5
139655,3
139657,2
139659,3
139661,4
139663,2
139665,4
139667,4
139669,4
139675,4
139677,4
139681,6
139683,4
139685,4
139687,4
139689,4
139693,4
139695,4
139697,4
139699,4
139701,3
139703,4
139705,3
139707,2
139709,3
139711,2
139713,0
139715,1
139717,2
139719,4
139721,0
139723,3
139725,1
139727,6
139729,4
139731,3
139733,5
139735,4
139737,4
139739,4
139741,3
139743,2
139745,4
139747,0
139749,4
139751,4
139753,3
139755,3
139757,5
139759,3
139761,3
139763,4
139765,4
139769,4
139771,4
139773,3
139775,5
139777,5
139779,3
139781,5
139783,4
139785,2
139789,4
139791,2
139793,4
139795,4
139797,3
139799,3
139801,3
139803,4
139805,2
139807,3
139811,3
139813,2
139815,3
139817,2
139819,4
139821,3
139823,4
139825,3
139827,3
139829,4
139831,5
139835,3
139837,3
139839,4
139841,4
139843,4
139845,4
139847,4
139849,4
139851,4
139853,4
139855,0
139857,3
139859,6
139861,6
139863,6
139865,4
139867,4
139869,6
139871,5
139873,2
139875,5
139877,4
139879,5
139881,3
139883,5
139885,4
139887,4
139889,4
139891,4
139893,4
139895,0
139897,4
139899,4
139901,4
139903,4
139905,4
139907,3
139909,3
139911,5
139913,4
139915,4
139918,5
139920,3
139922,4
139928,4
139934,4
139936,4
139938,4
139940,4
139942,1
139948,4
139950,4
139952,4
139958,4
139960,4
139966,4
139970,4
139974,4
139976,4
139978,4
139980,4
139982,4
139986,4
139988,4
139992,4
139994,3
139996,4
139998,4
140000,4
140004,4
140006,4
140012,3
140014,4
140016,3
140018,4
140024,4
140026,4
140032,4
140034,4
140036,4
140038,4
140040,4
140042,4
140046,4
140048,4
140054,4
140056,4
140058,4
140060,1
140062,2
140064,4
140068,3
140070,4
140072,5
140074,3
140076,4
140078,5
140080,4
140082,5
140084,4
140086,3
140088,4
140090,5
140092,3
140094,2
140096,4
140098,4
140100,1
140102,4
140104,4
140106,4
140108,3
140110,0
140112,5
140115,6
140119,4
140121,4
140123,4
140125,4
140127,4
140129,4
140131,3
140133,0
140135,4
140137,4
140140,4
140142,4
140144,4
140146,3
140148,4
140150,4
140152,5
140154,5
140156,5
140158,5
140160,0
140162,0
140164,4
140166,4
140168,3
140170,4
140172,3
140174,0
140176,4
140178,4
140182,4
140184,3
140186,4
140188,4
140190,4
140192,4
140194,5
140196,6
140198,4
140202,1
140204,3
140206,4
140208,4
140210,4
140212,6
140214,3
140216,4
140218,3
140220,4
140222,2
140224,5
140226,4
140228,6
140231,4
140233,4
140235,3
140237,4
140239,4
140241,4
140243,4
140245,0
140247,3
140249,4
140253,4
140255,5
140257,4
140259,4
140261,4
140263,5
140265,0
140267,3
140269,4
140271,4
140273,1
140275,6
140279,4
140281,3
140283,3
140287,3
140289,4
140291,4
140293,6
140295,6
140297,5
140299,5
140301,4
140303,1
140305,5
140307,4
140309,2
140311,5
140313,4
140315,4
140317,4
140319,3
140321,4
140323,2
140325,2
140327,4
140329,4
140331,4
140333,4
140335,4
140339,3
140341,6
140343,3
140345,6
140347,1
140349,4
140351,4
140353,5
140355,4
140357,4
140361,3
140363,4
140365,6
140367,6
140369,1
140371,2
140373,3
140375,4
140377,4
140379,4
140381,5
140383,6
140385,4
140387,4
140389,4
140391,4
140393,4
140395,4
140397,6
140399,4
140401,6
140403,6
140405,4
140407,4
140411,4
140413,6
140415,3
140417,3
140419,6
140421,4
140423,3
140425,4
140427,4
140429,4
140431,4
140433,1
140435,3
140437,4
140439,4
140441,4
140443,4
140445,2
140447,4
140449,3
140451,3
140453,3
140455,4
140457,4
140459,3
140461,4
140463,6
140465,4
140467,4
140469,4
140471,4
140473,4
140475,3
140477,4
140479,4
140481,6
140483,4
140485,4
140487,4
140489,5
140491,6
140493,3
140495,4
140497,1
140499,4
140501,4
140503,4
140505,2
140507,5
140509,4
140511,6
140513,4
140515,2
140517,1
140519,4
140521,4
140523,0
140525,2
140527,6
140529,3
140531,4
140533,6
140535,4
140537,2
140539,6
140541,6
140543,5
140545,4
140547,0
140549,0
140551,4
140553,6
140555,6
140557,5
140559,4
140561,5
140563,5
140565,4
140567,2
140569,6
140571,4
140573,5
140575,3
140577,4
140579,4
140581,5
140583,6
140585,1
140587,4
140589,1
140591,5
140593,4
140597,4
140605,4
140607,4
140615,4
140617,3
140619,5
140621,5
140623,4
140627,1
140629,4
140631,3
140633,5
140635,3
140637,3
140639,4
140641,4
140645,4
140647,4
140649,4
140651,4
140653,5
140655,4
140657,4
140659,4
140661,3
140663,2
140665,4
140667,4
140669,2
140671,2
140679,2
140681,4
140683,4
140685,4
140687,4
140689,3
140693,3
140695,4
140697,4
140699,6
140701,3
140703,4
140705,4
140707,6
140709,4
140711,3
140713,3
140715,0
140717,4
140719,3
140721,4
140723,3
140725,2
140729,4
140731,4
140733,2
140735,4
140737,3
140739,4
140741,4
140743,4
140745,4
140747,4
140749,4
140751,3
140753,4
140755,4
140757,4
140759,4
140761,4
140763,4
140765,4
140767,4
140769,6
140771,4
140773,5
140775,4
140777,4
140779,4
140783,4
140785,4
140787,4
140789,4
140791,3
140793,4
140795,6
140797,4
140799,2
140801,4
140803,5
140805,3
140807,6
140809,6
140811,6
140814,3
140816,0
140818,4
140820,3
140822,4
140824,4
140826,4
140828,3
140830,6
140832,3
140834,4
140836,4
140838,3
140840,3
140842,5
140844,4
140846,4
140848,3
140850,2
140852,3
140854,4
140856,3
140858,4
140860,4
140862,4
140864,4
140866,4
140868,4
140870,4
140872,5
140874,4
140876,4
140878,4
140880,4
140882,4
140884,4
140886,4
140888,4
140890,4
140894,4
140896,3
140902,4
140904,4
140908,4
140910,4
140912,4
140914,4
140916,4
140918,4
140920,4
140922,4
140924,4
140926,3
140928,0
140930,2
140932,5
140934,4
140936,2
140938,3
140940,3
140942,3
140944,1
140946,2
140948,5
140954,1
140956,3
140958,5
140960,4
140962,3
140964,4
140968,2
140972,3
140974,4
140976,4
140978,2
140982,2
140984,4
140986,4
140988,4
140990,4
140992,4
140994,4
140996,2
141000,4
141002,3
141004,3
141006,4
141008,5
141010,5
141012,2
141014,4
141016,5
141018,6
141020,4
141022,4
141026,4
141028,4
141030,4
141032,4
141034,4
141036,4
141038,4
141040,4
141042,4
141044,5
141046,2
141048,4
141050,3
141052,5
141054,5
141056,4
141058,0
141060,0
141062,4
141064,4
141066,2
141068,4
141070,4
141072,3
141074,4
141078,4
141084,4
141086,4
141088,4
141090,4
141092,4
141094,4
141096,4
141098,5
141100,4
141102,4
141104,1
141106,4
141108,3
141110,1
141112,2
141114,1
141116,3
141118,4
141120,3
141122,3
141124,4
141126,5
141129,4
141131,3
141133,0
141135,4
141137,4
141139,2
141145,1
141149,4
141152,4
141154,6
141156,4
141158,2
141162,4
141166,6
141168,1
141170,4
141172,1
141175,3
141177,4
141179,4
141181,1
141185,4
141189,6
141191,4
141193,4
141195,4
141197,2
141199,3
141201,4
141203,4
141205,1
141207,4
141214,4
141216,4
141219,3
141226,4
141242,3
141245,4
141251,4
141254,4
141256,1
141260,3
141262,1
141264,4
141267,1
141269,4
141271,4
141273,1
141275,4
141277,4
141279,4
141281,3
141283,4
141286,3
141288,4
141290,4
141292,4
141294,4
141297,4
141299,4
141301,4
141303,4
141305,4
141307,4
141309,2
141311,3
141313,6
141315,1
141317,3
141319,3
141321,4
141323,4
141325,4
141327,1
141329,0
141333,3
141335,1
141341,2
141343,4
141345,4
141347,3
141349,3
141353,4
141355,4
141357,3
141359,3
141361,3
141363,3
141365,3
141367,6
141369,3
141371,3
141373,5
141375,3
141377,4
141379,4
141381,4
141383,3
141385,3
141387,4
141389,4
141391,4
141393,2
141395,4
141397,0
141400,3
141402,3
141404,4
141406,4
141408,3
141410,4
141412,5
141414,5
141416,4
141418,3
141420,3
141422,0
141424,4
141426,4
141428,4
141430,4
141432,4
141434,4
141436,4
141438,4
141440,4
141442,4
141444,4
141446,4
141448,3
141450,2
141452,4
141454,5
141456,5
141458,4
141460,3
141462,3
141464,5
141466,4
141468,5
141470,4
141472,4
141474,4
141476,4
141478,3
141480,3
141483,5
141485,4
141487,3
141489,4
141491,4
141493,6
141495,3
141497,4
141501,3
141505,6
141507,4
141509,4
141511,2
141513,4
141515,4
141517,6
141520,2
141522,5
141524,5
141526,6
141528,4
141530,4
141532,4
141534,3
141536,2
141538,3
141540,4
141542,5
141544,3
141546,4
141550,4
141552,6
141554,4
141556,4
141558,4
141560,5
141564,4
141566,4
141568,4
141570,4
141573,4
141575,4
141578,2
141580,4
141583,4
141588,5
141590,4
141592,5
141594,4
141598,4
141602,1
141606,4
141608,4
141610,4
141612,4
141614,1
141616,4
141618,4
141620,2
141622,4
141624,3
141628,4
141630,3
141632,4
141634,4
141636,2
141638,4
141640,4
141642,4
141644,4
141646,4
141648,4
141650,5
141652,3
141654,4
141656,5
141658,2
141660,4
141662,4
141664,4
141666,3
141668,4
141670,4
141672,4
141674,4
141676,6
141678,4
141680,4
141682,4
141684,5
141686,4
141688,2
141690,3
141692,4
141694,4
141696,4
141698,4
141700,4
141702,3
141704,3
141706,3
141708,5
141710,4
141712,4
141714,4
141716,3
141718,3
141720,4
141722,5
141725,4
141727,4
141729,4
141731,4
141733,5
141735,4
141737,4
141739,4
141741,1
141743,4
141745,4
141747,4
141749,0
141751,4
141755,4
141757,3
141761,3
141763,4
141765,4
141767,4
141769,4
141771,4
141773,4
141777,3
141779,4
141785,1
141791,5
141795,4
141797,6
141799,3
141801,4
141804,4
141806,4
141808,4
141810,4
141812,4
141814,4
141816,6
141818,4
141820,4
141822,4
141824,4
141826,4
141828,4
141830,6
141832,4
141834,4
141836,0
141838,4
141840,4
141842,5
141844,3
141846,5
141848,2
141850,3
141852,3
141854,3
141856,3
141858,4
141860,2
141862,4
141864,4
141866,3
141868,2
141870,1
141872,4
141874,6
141878,4
141880,5
141882,4
141884,4
141886,4
141888,4
141890,1
141894,4
141896,4
141898,5
141900,4
141902,4
141904,4
141906,4
141908,3
141910,4
141912,0
141916,2
141918,3
141920,4
141922,3
141924,0
141926,5
141928,0
141930,3
141932,1
141934,6
141936,4
141938,6
141940,4
141942,6
141944,4
141946,5
141948,4
141950,4
141952,4
141954,3
141956,3
141958,4
141960,3
141962,3
141964,3
141966,4
141968,4
141970,6
141972,6
141974,4
141976,6
141978,3
141980,3
141982,4
141984,3
141986,4
141988,4
141990,4
141992,4
141994,4
141996,2
141998,1
142000,4
142002,3
142004,2
142008,4
142010,3
142012,3
142016,2
142018,1
142020,4
142022,1
142024,1
142028,4
142030,4
142032,2
142034,4
142036,3
142038,4
142040,4
142042,4
142044,4
142046,4
142048,2
142050,4
142052,2
142054,5
142056,6
142058,6
142060,6
142062,4
142064,4
142066,4
142068,4
142070,4
142072,3
142074,2
142076,2
142078,3
142080,5
142082,5
142084,5
142086,6
142088,4
142090,2
142092,3
142094,6
142096,3
142098,4
142100,6
142104,4
142106,4
142108,1
142110,3
142113,6
142115,5
142117,5
142119,2
142122,5
142124,4
142126,4
142128,4
142130,4
142132,1
142136,1
142138,1
142142,4
142144,4
142146,3
142148,6
142150,3
142152,3
142154,3
142156,4
142158,6
142160,4
142162,2
142164,4
142166,3
142168,4
142170,3
142172,5
142174,3
142176,4
142178,4
142180,1
142182,4
142184,4
142186,3
142188,4
142190,3
142192,2
142194,4
142196,3
142198,3
142200,3
142202,3
142204,4
142206,3
142210,4
142212,4
142214,4
142216,5
142218,4
142222,0
142224,4
142226,3
142228,3
142230,3
142232,3
142234,5
142236,3
142238,4
142240,4
142242,4
142244,5
142246,3
142248,3
142250,3
142252,4
142254,3
142256,2
142258,5
142260,4
142262,2
142264,3
142266,3
142268,4
142270,4
142272,4
142274,3
142276,3
142278,3
142280,3
142284,4
142286,3
142288,6
142290,4
142292,5
142294,3
142296,4
142298,4
142300,3
142302,3
142308,4
142310,1
142314,3
142316,4
142318,3
142322,3
142324,1
142326,1
142328,1
142330,1
142332,4
142334,1
142336,3
142338,3
142340,1
142342,2
142344,1
142346,3
142348,1
142350,2
142352,1
142354,5
142356,6
142358,5
142360,4
142362,4
142364,0
142366,3
142370,4
142372,0
142374,3
142376,3
142378,4
142380,4
142382,4
142384,4
142386,0
142388,4
142390,3
142392,4
142394,4
142396,3
142400,4
142402,4
142406,4
142408,3
142410,4
142412,4
142414,2
142416,4
142418,2
142420,3
142422,0
142424,3
142426,4
142428,4
142430,4
142432,4
142434,4
142436,3
142438,4
142440,3
142442,4
142444,3
142446,4
142448,3
142450,6
142452,6
142454,4
142456,4
142458,4
142460,4
142462,4
142464,4
142466,2
142468,4
142470,3
142472,4
142474,4
142476,4
142478,4
142482,4
142484,2
142486,5
142488,3
142490,4
142492,0
142494,4
142496,4
142498,3
142503,3
142505,3
142507,0
142509,3
142511,3
142513,6
142515,5
142517,4
142519,6
142521,1
142523,4
142525,4
142527,4
142529,2
142532,3
142534,5
142536,0
142538,4
142540,3
142542,3
142544,4
142546,1
142548,4
142550,4
142552,4
142554,4
142556,4
142558,4
142560,3
142562,5
142564,2
142566,6
142568,5
142570,4
142572,4
142574,4
142576,4
142578,4
142580,3
142582,4
142584,3
142586,1
142588,5
142590,3
142592,4
142594,3
142596,3
142598,3
142600,3
142602,4
142604,3
142606,4
142608,0
142610,4
142612,4
142614,4
142616,4
142618,4
142620,4
142622,4
142624,1
142626,3
142628,6
142630,6
142632,6
142634,4
142636,4
142638,4
142640,2
142642,1
142644,4
142648,2
142650,4
142652,3
142654,3
142656,4
142659,2
142663,6
142665,4
142667,3
142669,2
142671,4
142673,4
142675,4
142677,4
142679,5
142681,4
142683,2
142685,3
142687,4
142689,4
142691,3
142695,3
142697,3
142699,4
142701,3
142703,4
142705,4
142707,0
142709,4
142711,4
142714,4
142717,3
142721,4
142723,4
142727,3
142731,2
142733,4
142740,3
142742,3
142744,3
142746,3
142748,4
142751,5
142754,2
142756,4
142758,1
142761,4
142763,2
142765,4
142767,4
142770,4
142775,4
142778,0
142780,1
142782,4
142788,3
142791,4
142793,4
142795,4
142797,4
142799,3
142801,4
142803,2
142805,2
142807,4
142809,2
142811,3
142813,4
142815,4
142817,2
142819,4
142821,4
142823,2
142825,4
142827,0
142829,4
142831,4
142833,4
142835,4
142837,4
142839,3
142841,4
142843,6
142845,5
142847,6
142849,6
142851,5
142853,6
142855,5
142857,4
142859,4
142861,4
142863,3
142865,4
142867,2
142869,4
142871,4
142873,4
142875,4
142877,3
142879,4
142881,3
142883,3
142885,6
142887,3
142889,5
142891,4
142893,1
142895,4
142897,1
142899,4
142901,4
142903,2
142905,4
142907,3
142909,3
142911,4
142913,4
142915,4
142917,4
142919,6
142921,2
142923,2
142925,3
142927,4
142929,0
142931,3
142933,3
142935,3
142937,3
142939,3
142941,3
142943,3
142945,3
142947,4
142949,3
142951,4
142953,5
142955,2
142959,4
142961,2
142963,4
142965,4
142967,4
142969,4
142971,3
142973,5
142975,3
142977,4
142979,4
142981,4
142983,3
142985,4
142987,4
142989,5
142991,4
142993,4
142995,4
142997,6
142999,3
143001,2
143003,4
143005,4
143007,4
143009,4
143011,4
143013,4
143015,4
143017,3
143019,4
143021,5
143023,5
143025,4
143027,3
143029,4
143031,4
143033,4
143035,6
143037,4
143039,4
143041,4
143043,4
143045,4
143047,3
143049,4
143053,4
143055,6
143057,4
143059,4
143061,4
143063,4
143065,5
143067,4
143069,5
143071,4
143076,4
143078,4
143082,3
143086,4
143089,4
143091,3
143096,4
143098,2
143101,4
143103,4
143105,4
143108,4
143111,2
143113,4
143115,4
143117,3
143119,4
143126,4
143128,6
143130,4
143133,4
143137,3
143141,3
143150,4
143152,4
143154,4
143156,4
143158,4
143160,4
143162,4
143164,4
143166,4
143168,4
143170,2
143174,4
143178,4
143180,3
143183,2
143185,3
143187,2
143192,4
143194,3
143197,3
143199,4
143201,4
143203,4
143205,4
143207,6
143209,3
143211,4
143215,2
143217,4
143219,4
143221,4
143223,4
143225,3
143231,4
143233,4
143235,4
143237,4
143239,4
143243,4
143245,6
143247,5
143249,5
143251,2
143253,5
143255,3
143257,0
143259,4
143261,4
143263,2
143265,3
143267,3
143269,4
143271,0
143273,5
143275,5
143277,5
143279,2
143281,5
143283,4
143285,4
143287,5
143291,4
143295,1
143297,1
143299,5
143301,4
143303,4
143305,4
143307,3
143309,0
143311,4
143315,4
143317,4
143319,4
143321,2
143323,4
143327,2
143329,4
143331,2
143333,4
143335,2
143337,5
143339,5
143341,3
143345,3
143347,4
143355,6
143361,3
143363,3
143365,3
143367,3
143369,2
143371,5
143373,3
143377,5
143379,3
143381,3
143383,3
143385,3
143387,0
143389,0
143391,6
143393,4
143395,4
143397,2
143401,4
143404,4
143406,4
143408,4
143410,4
143412,4
143414,4
143416,4
143418,3
143420,4
143422,4
143424,5
143426,4
143428,3
143430,0
143432,3
143434,4
143436,4
143438,4
143440,6
143442,5
143444,2
143446,4
143448,4
143450,4
143452,4
143454,4
143456,2
143458,3
143460,4
143462,5
143464,4
143466,4
143468,5
143470,2
143472,3
143474,1
143476,5
143478,5
143480,4
143482,2
143486,3
143492,4
143494,4
143496,3
143500,2
143502,4
143506,6
143508,4
143511,5
143513,5
143515,4
143517,4
143519,5
143521,4
143523,4
143525,4
143527,4
143529,4
143531,4
143533,4
143535,5
143537,5
143539,4
143541,4
143543,5
143545,6
143547,0
143549,4
143551,4
143553,3
143555,4
143559,2
143561,3
143563,3
143565,4
143567,4
143571,5
143575,3
143577,4
143579,4
143581,4
143583,4
143585,4
143587,3
143589,3
143595,4
143599,3
143601,4
143603,4
143611,4
143613,4
143615,2
143617,4
143619,4
143621,3
143623,4
143625,2
143627,4
143629,2
143631,2
143633,3
143635,4
143637,2
143639,5
143641,5
143643,2
143645,4
143647,3
143649,4
143651,4
143653,4
143655,4
143657,3
143659,3
143661,3
143663,4
143666,4
143668,4
143679,4
143681,1
143683,4
143685,3
143687,3
143689,3
143691,3
143693,4
143695,4
143697,4
143699,2
143701,4
143703,3
143705,4
143707,3
143709,4
143711,4
143713,4
143715,2
143717,4
143719,4
143721,5
143723,4
143725,4
143727,4
143729,4
143731,4
143733,4
143735,4
143739,4
143741,4
143745,4
143747,4
143749,4
143751,4
143753,4
143755,4
143757,4
143759,4
143761,4
143763,4
143767,4
143769,4
143773,4
143775,4
143777,2
143779,2
143781,2
143783,4
143785,4
143787,4
143789,4
143791,4
143795,4
143797,4
143799,4
143801,4
143803,4
143805,4
143807,4
143809,4
143811,4
143813,4
143815,4
143819,4
143821,4
143823,4
143825,4
143827,4
143829,4
143831,4
143833,4
143835,3
143845,4
143849,4
143851,4
143853,4
143855,4
143857,4
143859,0
143861,3
143863,3
143866,4
143868,4
143870,4
143872,4
143874,3
143876,4
143878,3
143880,3
143882,3
143884,3
143886,4
143888,4
143890,6
143892,5
143894,5
143896,5
143898,6
143900,2
143902,4
143904,2
143906,2
143910,4
143912,4
143914,5
143919,2
143921,2
143923,4
143925,4
143930,4
143932,4
143935,4
143937,4
143942,6
143944,2
143946,2
143948,4
143957,3
143959,3
143961,3
143963,4
143965,4
143967,4
143969,0
143972,4
143974,4
143976,4
143978,4
143980,3
143982,4
143984,1
143986,4
143988,3
143990,4
143992,4
143994,4
143996,4
143998,2
144003,3
144005,3
144008,3
144013,4
144015,4
144017,4
144020,2
144022,5
144025,4
144027,4
144029,3
144031,5
144033,4
144035,4
144037,4
144042,3
144046,1
144048,4
144050,6
144052,3
144054,4
144056,4
144058,3
144060,5
144062,5
144064,5
144066,3
144068,3
144070,3
144072,3
144074,5
144078,4
144080,4
144082,4
144084,3
144088,4
144092,2
144094,1
144096,2
144098,4
144100,4
144102,4
144108,4
144110,4
144112,4
144118,4
144124,4
144128,1
144132,3
144134,3
144136,2
144138,0
144140,4
144142,4
144144,4
144146,3
144148,5
144150,5
144152,4
144154,4
144158,4
144160,4
144162,3
144164,2
144166,4
144168,4
144170,3
144172,3
144174,5
144176,4
144178,4
144180,4
144182,2
144184,4
144186,3
144188,4
144190,5
144192,5
144194,2
144196,3
144198,5
144200,4
144202,6
144204,4
144206,4
144208,5
144210,5
144212,2
144214,3
144216,4
144218,4
144220,4
144222,4
144224,3
144226,6
144228,3
144230,3
144234,2
144236,4
144238,2
144240,4
144242,4
144244,1
144246,1
144248,4
144250,5
144254,4
144256,4
144258,4
144260,3
144262,4
144264,2
144266,3
144268,3
144270,4
144272,4
144274,3
144276,4
144278,3
144280,3
144282,3
144284,4
144286,4
144288,3
144290,3
144292,3
144294,3
144296,3
144298,4
144300,4
144302,3
144304,2
144306,4
144308,3
144310,3
144312,3
144314,4
144316,4
144318,2
144320,4
144322,2
144324,2
144326,2
144328,3
144330,4
144332,3
144334,2
144336,3
144338,2
144340,3
144342,3
144344,2
144346,4
144348,3
144350,6
144352,2
144354,3
144356,1
144358,4
144360,3
144362,2
144364,2
144366,3
144368,3
144370,2
144372,4
144374,4
144376,3
144378,3
144380,3
144382,4
144384,3
144386,4
144388,3
144390,2
144392,4
144394,2
144396,2
144398,3
144400,2
144402,2
144404,4
144406,4
144408,2
144410,1
144412,3
144414,2
144416,3
144418,4
144420,3
144422,3
144424,4
144426,3
144428,2
144430,4
144432,2
144434,3
144436,4
144438,3
144440,3
144442,4
144444,2
144450,4
144452,4
144456,4
144458,4
144460,4
144464,4
144466,3
144468,5
144470,3
144472,3
144474,4
144476,4
144478,4
144480,4
144482,3
144484,4
144486,4
144488,3
144490,4
144492,4
144494,4
144496,2
144498,3
144500,3
144502,3
144504,3
144506,4
144508,3
144510,2
144512,3
144514,3
144516,4
144518,4
144520,2
144522,3
144524,2
144526,3
144528,4
144530,3
144532,2
144534,4
144536,4
144538,3
144540,3
144542,2
144544,2
144546,3
144548,4
144550,3
144552,2
144554,2
144556,3
144558,4
144560,4
144562,3
144564,3
144566,2
144568,3
144570,4
144572,2
144574,4
144576,3
144578,2
144580,3
144582,3
144584,2
144586,2
144588,3
144590,3
144592,2
144594,4
144596,3
144598,3
144600,4
144602,4
144604,2
144606,2
144608,2
144610,4
144612,2
144614,4
144616,5
144618,5
144620,3
144622,5
144624,3
144626,1
144628,5
144630,4
144632,5
144634,3
144636,3
144640,4
144642,2
144644,2
144646,3
144648,4
144650,3
144652,4
144654,4
144656,4
144658,4
144660,4
144662,4
144664,6
144666,4
144668,2
144670,5
144672,3
144674,4
144676,3
144678,5
144680,4
144682,4
144684,4
144686,4
144688,3
144690,4
144692,3
144694,4
144696,4
144698,4
144700,3
144702,4
144704,3
144706,4
144708,3
144710,5
144712,5
144714,3
144716,4
144718,3
144720,4
144722,4
144724,2
144726,4
144728,4
144730,1
144732,4
144734,3
144736,4
144738,4
144740,4
144742,4
144744,4
144746,3
144748,3
144750,4
144752,4
144754,2
144756,3
144758,3
144760,3
144762,4
144764,2
144766,4
144768,3
144770,4
144772,4
144774,5
144776,4
144778,2
144780,4
144782,3
144784,4
144786,4
144788,1
144790,1
144792,4
144796,1
144798,3
144800,3
144802,1
144804,4
144806,1
144808,4
144810,1
144812,2
144814,2
144816,4
144818,1
144820,4
144822,4
144826,4
144828,3
144830,4
144832,4
144834,4
144836,4
144838,4
144842,4
144844,4
144846,4
144848,4
144850,3
144852,2
144858,5
144860,5
144862,1
144864,1
144866,4
144868,4
144870,1
144874,4
144876,4
144880,1
144882,4
144884,4
144886,4
144888,4
144890,2
144894,3
144896,4
144898,4
144902,2
144906,4
144910,1
144912,4
144914,1
144916,4
144918,4
144920,4
144922,1
144924,4
144926,4
144928,4
144930,4
144932,5
144934,3
144936,4
144938,5
144940,2
144942,4
144950,4
144952,4
144956,5
144958,4
144960,4
144962,6
144964,4
144966,3
144968,5
144970,4
144972,5
144974,5
144976,1
144978,4
144980,4
144982,3
144984,4
144986,3
144988,3
144990,4
144992,4
144994,5
144998,4
145004,3
145006,4
145008,4
145010,3
145012,3
145014,3
145016,3
145020,6
145022,6
145024,5
145026,1
145028,0
145030,4
145032,4
145034,4
145036,4
145038,4
145040,4
145042,4
145044,4
145046,4
145048,3
145050,4
145052,4
145054,4
145056,3
145058,0
145060,4
145062,4
145064,2
145066,4
145070,3
145072,4
145074,4
145076,4
145078,3
145080,6
145082,6
145084,2
145086,3
145088,4
145090,4
145092,3
145094,3
145096,6
145098,4
145100,2
145102,3
145104,4
145106,4
145108,4
145110,4
145112,4
145114,4
145116,3
145118,4
145120,4
145122,4
145124,4
145126,2
145130,4
145132,4
145136,3
145138,4
145140,4
145142,3
145144,2
145146,2
145148,4
145150,3
145152,3
145154,4
145156,4
145158,3
145160,2
145162,3
145164,3
145168,6
145170,6
145172,6
145174,6
145176,6
145178,6
145180,6
145182,6
145184,6
145186,6
145188,6
145190,6
145192,6
145194,6
145196,6
145198,6
145200,6
145202,6
145204,6
145206,6
145208,6
145212,4
145216,4
145218,6
145220,3
145222,4
145224,4
145226,3
145228,3
145230,3
145232,2
145235,3
145237,3
145240,4
145242,5
145244,4
145246,4
145250,4
145252,3
145255,3
145260,4
145262,1
145264,4
145269,4
145275,3
145277,3
145279,3
145281,3
145283,5
145285,3
145290,3
145296,4
145299,4
145301,3
145303,3
145307,4
145309,1
145312,4
145315,2
145317,2
145320,4
145322,4
145324,4
145326,4
145330,3
145333,3
145335,5
145340,4
145342,4
145344,3
145346,4
145348,3
145350,3
145352,4
145356,4
145358,4
145360,3
145362,3
145364,2
145366,4
145370,4
145372,3
145374,2
145376,4
145378,3
145380,3
145382,4
145384,2
145386,3
145388,4
145390,4
145392,4
145394,3
145396,3
145398,4
145400,3
145402,3
145404,1
145406,1
145408,4
145410,4
145412,4
145414,4
145416,4
145418,0
145420,3
145422,3
145424,4
145426,4
145428,1
145430,3
145432,1
145434,1
145436,4
145438,4
145440,4
145442,1
145444,1
145446,4
145448,4
145450,4
145452,4
145454,4
145456,3
145462,4
145464,4
145466,3
145468,3
145470,1
145472,4
145474,2
145476,4
145478,3
145482,4
145484,1
145487,3
145489,4
145491,4
145493,6
145496,6
145498,4
145500,4
145502,5
145504,5
145506,3
145508,5
145510,3
145512,4
145514,4
145518,4
145520,3
145522,3
145524,3
145532,4
145534,4
145538,4
145546,4
145548,4
145554,4
145556,2
145558,1
145562,4
145564,2
145566,4
145568,1
145570,3
145572,3
145574,3
145576,3
145578,3
145580,4
145582,4
145584,3
145586,1
145590,3
145592,2
145596,4
145598,2
145600,3
145602,4
145604,4
145606,4
145610,4
145612,4
145614,3
145616,4
145620,4
145624,3
145626,3
145636,2
145638,4
145640,4
145648,4
145650,4
145656,3
145660,4
145664,2
145666,3
145668,1
145670,4
145672,2
145674,1
145676,4
145680,1
145682,2
145686,4
145690,2
145694,4
145696,3
145698,4
145700,3
145702,3
145704,4
145706,4
145712,4
145714,4
145718,4
145720,4
145722,2
145724,3
145726,3
145728,5
145731,6
145733,6
145735,4
145737,4
145739,4
145741,4
145743,5
145745,2
145747,2
145749,4
145751,5
145753,5
145755,5
145759,3
145761,3
145763,4
145765,2
145769,4
145771,4
145773,1
145775,5
145779,4
145781,1
145783,4
145785,3
145787,3
145789,4
145793,3
145797,3
145799,3
145805,4
145809,4
145811,4
145813,4
145815,4
145817,4
145823,3
145825,4
145827,4
145829,4
145831,3
145835,4
145837,4
145839,0
145841,3
145843,3
145849,1
145851,4
145855,4
145857,3
145859,3
145861,4
145863,4
145865,4
145869,4
145871,4
145873,4
145875,4
145881,2
145885,4
145889,4
145893,1
145895,2
145897,4
145899,4
145901,4
145903,4
145905,5
145909,4
145911,4
145913,4
145915,3
145917,4
145919,4
145921,4
145923,3
145925,2
145927,4
145929,4
145931,4
145933,4
145935,6
145937,4
145939,6
145941,4
145943,4
145947,4
145949,4
145951,3
145953,4
145955,3
145958,4
145960,3
145962,4
145964,4
145966,4
145968,4
145972,4
145974,4
145976,4
145978,5
145980,2
145984,4
145988,1
145992,4
145994,4
145996,3
145998,4
146000,3
146002,3
146004,2
146006,2
146008,4
146010,4
146012,4
146014,4
146016,4
146018,4
146020,5
146022,4
146024,1
146026,4
146028,2
146030,6
146032,4
146034,1
146036,4
146038,4
146040,0
146042,4
146044,4
146046,4
146048,3
146050,6
146052,3
146054,2
146056,2
146058,4
146060,4
146062,4
146064,4
146066,4
146068,2
146070,4
146072,4
146074,4
146076,4
146078,4
146080,4
146082,4
146084,4
146086,4
146088,4
146090,4
146092,4
146094,4
146096,4
146098,4
146100,4
146102,4
146104,4
146106,4
146108,4
146110,4
146112,4
146114,4
146116,4
146118,4
146120,4
146122,4
146124,2
146126,4
146128,3
146130,4
146132,4
146134,4
146136,4
146138,4
146140,4
146142,3
146144,2
146146,4
146148,4
146150,4
146152,4
146154,3
146156,3
146158,4
146160,4
146162,3
146164,4
146166,4
146168,4
146170,4
146172,3
146174,4
146176,4
146178,4
146180,4
146182,4
146184,4
146186,4
146188,4
146190,3
146192,4
146194,3
146196,5
146198,4
146200,4
146202,4
146204,4
146206,0
146208,2
146210,4
146212,4
146214,3
146216,4
146218,4
146220,4
146222,4
146224,4
146226,4
146228,4
146230,4
146232,2
146234,4
146236,4
146238,4
146240,4
146242,4
146244,4
146246,4
146248,4
146250,4
146252,3
146254,2
146256,4
146258,4
146260,4
146262,3
146264,1
146266,5
146268,3
146270,4
146272,4
146275,4
146277,4
146279,5
146283,2
146285,4
146289,4
146291,3
146295,3
146297,4
146299,5
146301,4
146303,4
146305,6
146307,3
146309,6
146311,4
146313,5
146315,4
146317,4
146323,1
146325,2
146327,2
146329,0
146331,4
146333,4
146335,4
146337,3
146339,3
146342,5
146344,4
146346,5
146348,4
146350,4
146352,4
146354,4
146356,4
146358,4
146360,4
146362,4
146364,4
146366,4
146368,4
146370,4
146372,4
146374,4
146376,4
146378,4
146380,4
146382,4
146384,4
146386,4
146388,4
146390,4
146392,4
146394,4
146396,4
146398,4
146400,4
146402,3
146404,4
146406,4
146408,4
146410,4
146412,3
146414,3
146417,5
146419,5
146421,5
146423,3
146427,6
146429,4
146431,4
146433,4
146435,5
146437,5
146439,4
146441,5
146443,0
146449,3
146452,4
146455,4
146457,4
146459,4
146461,4
146463,4
146466,5
146468,4
146470,4
146472,2
146475,4
146477,4
146479,4
146481,0
146485,4
146487,4
146489,6
146491,3
146493,4
146495,4
146497,4
146499,4
146501,3
146503,4
146509,4
146511,4
146515,4
146517,4
146520,4
146523,4
146526,3
146530,3
146532,3
146536,3
146538,3
146540,4
146544,0
146546,4
146548,4
146550,4
146552,5
146554,4
146556,4
146558,1
146560,3
146562,1
146564,4
146566,1
146568,4
146570,3
146574,4
146576,2
146578,3
146580,3
146582,4
146584,4
146586,2
146588,5
146590,4
146592,4
146595,4
146600,4
146604,0
146606,3
146608,4
146610,4
146612,2
146614,4
146616,4
146620,4
146624,4
146630,4
146632,4
146634,4
146636,4
146638,4
146640,5
146642,3
146644,4
146648,5
146650,4
146652,5
146654,4
146656,0
146658,4
146660,4
146662,6
146664,4
146666,4
146668,0
146670,0
146672,4
146674,3
146676,4
146678,5
146680,2
146682,4
146684,6
146686,4
146688,3
146690,4
146692,4
146694,4
146696,4
146698,4
146700,6
146702,6
146704,4
146706,4
146708,4
146710,4
146712,4
146714,4
146716,4
146718,3
146720,4
146722,2
146724,4
146726,4
146728,4
146730,3
146732,3
146734,4
146736,3
146740,4
146742,4
146748,4
146750,4
146752,4
146754,4
146760,4
146762,4
146764,4
146766,4
146768,3
146770,4
146772,4
146774,4
146776,4
146780,4
146786,4
146788,4
146796,4
146800,4
146802,4
146804,4
146806,4
146810,4
146812,4
146816,4
146820,3
146830,4
146832,1
146836,3
146838,4
146840,4
146842,4
146848,4
146850,4
146852,4
146854,4
146856,4
146858,4
146860,4
146862,4
146864,4
146866,0
146868,4
146870,4
146872,4
146874,4
146876,5
146878,0
146880,4
146882,2
146884,4
146886,4
146888,4
146890,1
146892,4
146894,4
146896,4
146898,4
146900,3
146902,3
146904,4
146906,4
146908,4
146910,4
146912,4
146914,5
146916,5
146918,4
146920,4
146922,4
146924,3
146926,3
146928,4
146930,4
146932,4
146934,4
146936,4
146938,4
146940,4
146942,4
146944,4
146946,4
146948,4
146950,4
146952,4
146954,4
146958,4
146960,4
146966,4
146968,4
146970,4
146972,4
146974,4
146976,4
146978,4
146980,4
146982,4
146984,4
146986,4
146988,4
146990,4
146992,4
146994,4
146996,4
146998,5
147000,4
147002,4
147004,2
147006,4
147008,4
147010,4
147012,4
147014,4
147016,4
147018,4
147022,0
147024,4
147026,4
147028,2
147030,3
147033,5
147035,4
147037,4
147039,4
147041,4
147043,4
147045,4
147047,4
147049,2
147051,3
147053,3
147055,4
147057,1
147060,4
147062,4
147064,4
147066,2
147068,3
147070,4
147074,1
147076,1
147078,4
147082,4
147084,6
147086,4
147088,4
147090,1
147092,4
147094,4
147096,4
147098,4
147100,4
147102,5
147104,5
147106,5
147108,5
147110,4
147112,5
147114,4
147116,4
147118,4
147120,4
147122,4
147124,5
147126,5
147128,4
147130,4
147132,1
147134,4
147136,4
147138,4
147140,4
147142,4
147144,4
147146,2
147152,4
147156,3
147158,4
147164,4
147166,2
147168,2
147170,2
147172,2
147176,4
147178,4
147180,4
147182,3
147184,4
147186,4
147188,6
147190,6
147192,4
147194,6
147196,4
147198,0
147200,4
147202,4
147204,4
147206,3
147208,4
147210,6
147212,6
147214,4
147216,3
147218,4
147220,4
147222,4
147224,2
147226,4
147228,4
147230,4
147232,0
147234,4
147236,2
147238,6
147240,4
147242,6
147244,4
147246,6
147248,6
147250,4
147252,5
147254,2
147256,2
147258,2
147260,6
147262,4
147264,4
147266,3
147268,1
147270,6
147272,4
147274,4
147276,4
147278,4
147280,4
147282,4
147284,4
147288,4
147290,1
147292,1
147294,2
147296,4
147298,2
147300,2
147302,2
147304,6
147306,4
147308,4
147310,4
147312,3
147314,4
147316,4
147318,4
147320,4
147322,4
147324,3
147326,2
147328,2
147330,2
147332,4
147334,4
147336,1
147338,4
147340,3
147342,3
147344,4
147346,3
147348,3
147350,4
147352,3
147354,3
147356,3
147358,3
147360,3
147362,2
147364,3
147366,4
147368,3
147370,4
147386,4
147388,4
147390,3
147392,4
147394,3
147396,3
147398,3
147400,4
147402,4
147404,4
147408,4
147410,0
147414,2
147418,1
147420,4
147422,4
147424,4
147426,2
147428,4
147430,2
147432,4
147434,4
147436,4
147441,5
147448,4
147450,4
147452,3
147454,3
147456,4
147458,4
147460,4
147462,4
147464,3
147466,4
147469,4
147471,4
147475,6
147490,4
147493,2
147495,4
147499,4
147504,4
147510,3
147512,4
147514,3
147517,3
147522,2
147524,3
147526,3
147531,3
147536,4
147539,2
147542,3
147548,3
147562,4
147567,2
147571,4
147573,4
147576,3
147578,3
147584,4
147586,4
147591,3
147593,4
147597,6
147600,3
147603,4
147605,4
147607,4
147609,2
147611,4
147613,4
147615,4
147617,4
147619,4
147621,4
147624,4
147631,3
147637,4
147640,2
147642,4
147644,3
147647,4
147649,4
147651,4
147653,4
147655,4
147657,3
147662,3
147664,4
147668,4
147670,4
147674,4
147676,4
147678,4
147680,4
147682,3
147687,4
147689,4
147692,2
147694,6
147696,4
147698,3
147700,3
147702,4
147705,2
147710,4
147712,4
147714,3
147716,4
147718,2
147720,4
147722,4
147724,1
147726,2
147728,1
147730,3
147732,4
147734,4
147736,4
147738,4
147740,4
147742,4
147744,5
147746,1
147748,3
147750,4
147752,5
147754,3
147758,3
147760,4
147762,1
147764,4
147766,5
147768,5
147770,4
147772,4
147775,4
147777,3
147779,5
147781,3
147783,2
147785,4
147789,4
147791,4
147795,4
147805,1
147811,4
147817,4
147819,1
147821,4
147823,4
147825,4
147827,4
147829,4
147831,4
147833,4
147835,4
147837,4
147839,4
147841,4
147843,5
147845,3
147847,2
147849,4
147853,2
147855,2
147857,4
147859,3
147863,4
147865,2
147867,4
147869,4
147873,2
147879,4
147881,3
147887,1
147889,3
147891,4
147893,4
147895,4
147897,3
147899,4
147901,4
147903,4
147905,4
147907,3
147909,3
147911,4
147913,4
147915,4
147917,4
147919,4
147921,3
147923,6
147925,4
147927,5
147929,4
147932,3
147934,4
147936,4
147938,3
147940,4
147942,4
147946,2
147948,4
147950,4
147952,4
147954,4
147956,2
147958,2
147960,4
147962,1
147964,2
147966,6
147970,4
147972,4
147976,1
147980,4
147982,4
147984,4
147986,3
147988,4
147990,4
147992,4
147994,4
147996,4
147998,1
148000,2
148002,3
148004,1
148008,4
148010,4
148012,4
148014,4
148022,4
148024,2
148026,1
148028,4
148030,1
148032,1
148034,3
148036,5
148038,4
148040,4
148042,5
148044,4
148046,4
148048,4
148050,5
148052,4
148054,5
148056,4
148058,3
148060,6
148062,4
148064,5
148066,4
148068,4
148070,4
148072,4
148074,4
148076,4
148078,3
148080,3
148082,3
148084,4
148087,1
148089,4
148091,4
148093,2
148095,4
148097,4
148101,4
148104,4
148106,4
148108,6
148110,6
148112,3
148114,4
148116,3
148118,4
148122,6
148124,4
148126,6
148128,4
148130,1
148134,4
148136,1
148138,4
148140,3
148142,4
148146,4
148148,3
148152,3
148154,3
148156,3
148158,3
148160,4
148162,3
148164,5
148166,5
148168,4
148170,4
148172,3
148176,4
148178,4
148180,4
148184,1
148186,3
148188,1
148190,4
148192,2
148194,3
148196,1
148198,3
148200,3
148202,4
148204,2
148206,3
148208,3
148210,4
148212,4
148222,4
148224,1
148228,1
148232,1
148238,4
148240,6
148242,6
148244,3
148246,4
148248,2
148250,4
148252,2
148254,4
148256,4
148260,4
148262,4
148264,4
148266,4
148268,4
148270,2
148272,2
148274,4
148276,3
148278,3
148280,0
148282,4
148284,4
148286,4
148288,4
148290,4
148292,4
148294,4
148298,4
148301,4
148306,1
148308,4
148314,4
148316,4
148320,4
148324,3
148326,3
148329,4
148331,3
148333,4
148335,4
148337,0
148339,4
148341,4
148344,3
148347,1
148355,4
148357,2
148359,4
148361,4
148363,4
148365,4
148367,6
148369,3
148372,3
148374,4
148376,4
148378,3
148380,4
148382,4
148384,5
148386,4
148388,3
148390,4
148392,3
148394,3
148396,3
148398,3
148400,5
148402,5
148404,4
148406,4
148408,3
148410,3
148412,3
148414,3
148416,3
148418,3
148420,3
148422,3
148424,4
148426,3
148428,3
148430,4
148432,4
148434,4
148438,6
148440,4
148442,5
148444,2
148446,4
148448,4
148450,5
148452,3
148454,3
148456,5
148458,4
148460,5
148462,5
148464,4
148466,6
148468,6
148470,6
148472,6
148474,6
148476,4
148478,6
148480,3
148482,0
148484,3
148486,4
148488,3
148490,6
148502,2
148512,3
148526,4
148540,4
148542,4
148548,2
148550,2
148554,4
148556,4
148560,4
148562,4
148564,4
148566,4
148572,4
148574,4
148578,4
148582,3
148584,4
148586,4
148588,4
148590,4
148592,4
148598,4
148602,2
148604,4
148606,4
148608,4
148612,2
148614,3
148616,4
148618,6
148620,4
148622,4
148624,6
148626,0
148628,3
148630,3
148632,4
148634,4
148636,5
148638,0
148640,0
148642,4
148644,3
148646,2
148650,4
148652,1
148654,4
148657,3
148659,4
148661,3
148663,2
148665,5
148667,0
148669,4
148671,2
148673,4
148675,4
148677,4
148679,4
148681,4
148683,3
148685,4
148687,5
148689,3
148691,4
148693,4
148695,4
148697,1
148699,5
148701,4
148703,5
148705,4
148707,4
148709,3
148711,5
148713,3
148715,4
148717,2
148719,5
148721,5
148723,3
148725,3
148727,4
148729,5
148731,4
148735,1
148737,2
148739,4
148741,4
148749,4
148751,4
148753,4
148755,4
148757,3
148761,3
148763,5
148765,3
148767,6
148769,5
148771,4
148773,6
148775,3
148777,4
148779,5
148781,4
148783,5
148785,5
148789,0
148791,4
148793,4
148795,4
148797,4
148799,5
148801,5
148803,3
148805,3
148807,4
148809,4
148811,4
148814,2
148816,4
148818,3
148820,3
148824,5
148826,4
148828,4
148830,4
148836,5
148838,3
148842,2
148844,2
148846,4
148848,5
148850,6
148853,5
148855,6
148857,4
148859,4
148861,4
148863,4
148865,4
148867,3
148869,3
148871,4
148875,5
148877,4
148879,4
148881,6
148884,4
148886,3
148888,3
148890,3
148892,3
148894,4
148898,2
148902,4
148904,4
148906,4
148909,3
148911,4
148913,4
148915,4
148917,4
148919,2
148921,3
148923,4
148926,3
148928,5
148930,2
148932,6
148934,4
148936,4
148938,4
148940,4
148942,1
148944,6
148946,4
148948,4
148950,4
148952,3
148954,5
148956,4
148958,4
148960,4
148962,4
148964,3
148966,3
148968,3
148970,3
148972,3
148974,5
148976,6
148978,6
148980,5
148982,3
148984,5
148986,3
148988,2
148990,4
148992,3
148994,4
149001,2
149004,5
149007,1
149009,4
149011,0
149020,4
149026,3
149028,4
149030,2
149032,4
149034,2
149038,4
149041,4
149043,4
149045,4
149047,4
149068,4
149070,2
149072,4
149075,4
149077,3
149080,4
149082,3
149084,3
149086,4
149088,6
149090,4
149092,4
149094,4
149096,2
149098,3
149100,4
149102,4
149104,4
149106,4
149108,3
149110,2
149112,4
149114,4
149116,4
149118,4
149120,6
149122,4
149124,4
149126,3
149128,4
149130,3
149132,3
149134,4
149136,4
149138,4
149144,3
149146,3
149148,3
149150,4
149152,4
149154,4
149156,4
149158,4
149160,4
149162,4
149164,4
149166,4
149168,4
149170,4
149172,4
149174,4
149176,4
149178,4
149180,4
149182,4
149184,4
149186,4
149188,4
149208,4
149210,4
149218,4
149234,4
149240,4
149242,4
149246,4
149248,1
149252,4
149254,4
149256,4
149258,4
149260,6
149262,4
149264,4
149268,4
149270,4
149272,4
149274,4
149278,4
149280,4
149284,4
149286,3
149288,4
149292,4
149294,4
149296,4
149298,4
149300,5
149302,5
149306,4
149308,4
149310,4
149314,4
149316,4
149318,4
149320,4
149322,4
149324,4
149326,4
149328,4
149330,4
149332,5
149334,3
149336,5
149338,5
149340,5
149342,2
149344,4
149346,4
149348,3
149350,3
149352,4
149354,0
149356,4
149358,4
149360,3
149362,5
149364,4
149366,4
149368,4
149370,4
149372,4
149374,4
149376,3
149378,3
149380,4
149382,4
149384,4
149386,4
149388,4
149390,4
149392,4
149394,4
149396,4
149398,6
149400,4
149402,4
149404,4
149406,6
149408,6
149410,6
149412,6
149416,4
149418,5
149420,4
149424,4
149426,4
149428,4
149430,4
149432,4
149434,5
149438,4
149440,4
149442,0
149444,4
149446,4
149448,4
149450,5
149452,4
149454,4
149456,4
149458,3
149460,4
149464,4
149466,4
149468,4
149470,4
149472,4
149476,4
149478,2
149482,2
149484,4
149486,4
149488,4
149490,4
149492,4
149494,2
149496,4
149498,4
149500,4
149502,4
149504,4
149506,4
149508,0
149510,4
149512,4
149514,4
149516,4
149518,4
149520,4
149522,3
149524,3
149526,4
149530,2
149532,4
149534,5
149536,4
149538,4
149540,4
149542,4
149546,6
149548,4
149550,4
149552,4
149554,2
149556,4
149558,4
149560,4
149562,3
149564,4
149566,4
149568,4
149570,4
149572,4
149574,6
149576,4
149578,4
149580,4
149582,4
149584,4
149586,4
149588,4
149590,3
149592,4
149594,4
149598,4
149600,4
149602,4
149604,4
149606,4
149608,3
149610,4
149612,3
149614,4
149616,2
149618,3
149620,3
149626,2
149630,4
149632,4
149634,4
149636,4
149638,4
149640,4
149642,5
149644,4
149646,4
149648,4
149650,3
149652,4
149654,4
149656,5
149658,4
149660,4
149662,4
149664,3
149666,2
149668,4
149670,4
149672,4
149674,4
149676,3
149678,4
149681,3
149683,4
149686,3
149688,3
149690,4
149692,4
149694,5
149696,4
149698,4
149700,4
149702,4
149704,4
149706,2
149709,3
149711,4
149713,3
149715,4
149717,4
149719,4
149721,2
149723,6
149725,4
149727,4
149729,4
149731,3
149733,5
149735,1
149737,4
149739,5
149741,5
149745,4
149747,4
149749,5
149751,2
149753,3
149755,4
149757,4
149759,2
149761,4
149764,4
149766,3
149768,4
149770,4
149772,4
149774,4
149776,4
149778,4
149780,4
149782,3
149784,4
149786,4
149788,4
149790,4
149792,4
149794,4
149796,4
149798,4
149800,4
149802,4
149804,3
149806,4
149808,4
149810,4
149812,5
149814,4
149816,4
149818,4
149820,4
149822,5
149824,5
149826,6
149828,3
149830,3
149832,4
149834,4
149836,4
149840,3
149842,4
149848,4
149850,4
149852,1
149854,3
149856,1
149858,5
149860,4
149864,4
149866,3
149868,3
149875,4
149877,4
149879,4
149881,4
149883,4
149888,3
149890,4
149892,4
149894,4
149896,4
149898,4
149900,3
149902,3
149904,4
149906,1
149910,1
149913,1
149917,4
149919,4
149925,4
149927,3
149929,4
149931,4
149934,4
149936,4
149938,2
149940,1
149942,2
149944,4
149946,3
149948,3
149950,4
149956,4
149958,4
149960,4
149965,3
149967,4
149969,4
149971,2
149973,1
149978,4
149980,4
149982,4
149984,4
149986,4
149988,2
149990,4
149992,4
149994,4
149996,3
149998,4
150000,4
150002,4
150004,4
150006,4
150008,4
150010,4
150012,4
150014,4
150016,4
150018,4
150020,4
150022,4
150024,4
150026,4
150028,3
150030,4
150032,3
150034,4
150036,4
150038,3
150040,4
150042,4
150044,4
150046,4
150048,4
150050,4
150052,4
150054,4
150056,4
150058,4
150060,4
150062,1
150064,4
150066,4
150068,4
150070,4
150072,4
150074,4
150076,4
150078,4
150080,4
150082,4
150084,4
150088,1
150090,4
150092,3
150096,4
150104,4
150106,4
150116,2
150118,4
150122,2
150126,2
150130,2
150132,4
150134,4
150136,6
150138,4
150140,4
150142,5
150144,4
150146,4
150148,5
150150,3
150152,3
150154,4
150156,5
150162,4
150164,4
150166,4
150170,4
150178,4
150184,4
150186,4
150190,3
150194,4
150196,3
150198,4
150202,4
150204,4
150206,3
150210,2
150212,4
150214,4
150218,4
150220,3
150224,4
150226,4
150228,5
150230,3
150232,4
150234,4
150236,6
150238,4
150240,4
150242,4
150244,4
150246,4
150248,3
150250,4
150252,3
150254,3
150256,4
150258,1
150260,4
150262,6
150264,5
150266,4
150268,2
150270,4
150272,2
150274,3
150276,3
150278,6
150280,3
150282,5
150284,4
150286,3
150288,3
150292,4
150294,3
150296,4
150298,4
150300,4
150302,4
150304,2
150306,4
150308,4
150310,4
150312,2
150316,4
150318,4
150320,3
150322,4
150324,4
150328,3
150334,4
150336,4
150338,4
150340,4
150342,4
150344,3
150346,4
150348,3
150350,3
150352,4
150354,6
150356,4
150358,4
150360,3
150362,4
150364,4
150367,5
150369,4
150371,4
150373,6
150375,6
150377,4
150379,6
150381,1
150383,4
150385,6
150387,6
150389,4
150391,5
150393,4
150395,3
150397,1
150399,4
150401,2
150407,4
150409,4
150413,4
150417,1
150419,4
150421,4
150425,3
150433,3
150435,4
150437,4
150441,4
150443,1
150445,4
150457,4
150459,4
150465,4
150469,4
150473,4
150475,2
150477,2
150479,1
150481,3
150483,4
150523,4
150532,2
150534,4
150536,6
150538,1
150540,3
150542,6
150544,3
150546,4
150550,3
150552,5
150554,6
150556,5
150558,3
150560,3
150562,3
150564,5
150566,4
150568,4
150570,5
150572,2
150574,4
150576,4
150580,4
150582,4
150584,4
150586,4
150588,4
150590,4
150592,5
150594,4
150598,2
150600,2
150602,2
150604,4
150606,4
150608,4
150610,4
150612,4
150615,4
150617,4
150619,5
150621,4
150623,4
150629,4
150631,4
150633,5
150635,0
150637,4
150641,1
150645,4
150649,5
150651,4
150653,4
150655,3
150657,5
150659,5
150661,2
150663,0
150665,4
150667,5
150669,4
150671,4
150676,4
150678,4
150680,4
150682,4
150684,2
150686,3
150688,5
150692,4
150694,3
150696,5
150698,4
150700,3
150704,4
150708,4
150710,4
150716,4
150718,5
150722,5
150724,4
150726,4
150728,4
150730,2
150732,4
150734,4
150736,4
150738,4
150740,4
150742,3
150744,4
150748,4
150750,4
150752,1
150756,4
150760,0
150762,2
150764,1
150766,5
150768,6
150770,4
150772,4
150774,4
150776,3
150778,2
150780,5
150782,4
150784,4
150786,3
150788,4
150790,4
150792,4
150794,4
150796,4
150798,4
150800,4
150802,4
150808,2
150810,2
150812,2
150814,3
150818,2
150820,4
150822,4
150832,4
150834,4
150836,2
150838,4
150840,3
150842,3
150844,4
150846,4
150848,3
150850,3
150852,3
150854,4
150858,4
150860,5
150862,5
150864,3
150866,5
150868,4
150870,6
150872,0
150874,5
150876,4
150878,4
150880,4
150882,4
150884,4
150886,4
150888,4
150890,4
150892,6
150894,6
150896,4
150898,4
150900,4
150902,3
150904,4
150906,4
150908,4
150910,6
150912,3
150914,4
150916,4
150918,2
150922,1
150931,6
150933,4
150935,4
150937,4
150939,3
150941,4
150944,2
150946,4
150948,4
150950,1
150952,4
150954,3
150956,5
150962,2
150964,4
150968,4
150970,4
150972,4
150974,4
150976,4
150979,2
150981,4
150983,4
150986,4
150988,4
150990,2
150993,3
150995,3
151001,2
151008,4
151011,4
151015,1
151019,4
151021,4
151023,4
151027,5
151030,5
151032,5
151036,4
151038,4
151040,2
151044,2
151046,2
151050,2
151052,4
151054,4
151058,4
151060,2
151062,3
151064,4
151068,4
151070,4
151072,4
151074,4
151076,4
151078,4
151080,2
151082,1
151084,4
151089,4
151091,4
151094,3
151099,4
151105,4
151107,4
151109,4
151111,4
151113,0
151115,4
151117,4
151119,1
151121,4
151123,2
151125,2
151127,4
151131,4
151133,4
151135,4
151137,4
151139,4
151141,1
151143,3
151145,3
151149,2
151151,4
151157,4
151161,4
151163,4
151165,4
151167,4
151171,4
151173,4
151175,4
151177,2
151179,4
151181,4
151183,4
151185,4
151187,4
151189,4
151191,6
151193,4
151195,4
151197,5
151199,4
151202,4
151204,4
151208,4
151210,3
151212,3
151214,3
151216,3
151218,4
151222,3
151224,6
151226,3
151228,3
151230,3
151271,4
151273,6
151275,6
151277,5
151279,4
151281,4
151285,4
151289,2
151295,4
151297,1
151299,1
151301,5
151303,4
151305,3
151307,4
151309,5
151311,4
151313,6
151315,3
151317,4
151319,4
151321,4
151325,4
151327,4
151333,4
151335,4
151337,4
151341,4
151343,3
151345,6
151347,4
151349,2
151351,5
151353,4
151355,3
151357,4
151359,4
151361,4
151363,5
151365,3
151367,4
151369,5
151371,5
151373,4
151375,3
151377,3
151379,4
151382,5
151384,5
151388,1
151400,4
151402,4
151404,3
151410,3
151412,1
151414,4
151416,3
151418,1
151420,4
151424,1
151426,4
151431,4
151433,3
151435,4
151437,2
151439,4
151441,5
151443,4
151445,5
151447,5
151449,4
151451,4
151453,4
151455,0
151457,4
151459,3
151461,4
151463,1
151465,1
151467,1
151469,4
151471,1
151473,4
151475,3
151477,3
151479,3
151481,3
151483,4
151485,4
151487,0
151489,4
151491,4
151493,4
151495,4
151497,4
151499,5
151501,4
151503,3
151505,5
151507,3
151509,4
151511,3
151513,6
151515,4
151517,4
151519,4
151521,5
151523,3
151525,4
151527,4
151529,4
151537,3
151539,4
151541,4
151543,4
151545,4
151547,4
151549,4
151551,3
151555,4
151557,3
151559,3
151561,4
151563,4
151565,2
151567,3
151569,4
151571,3
151573,4
151575,4
151577,4
151579,4
151581,4
151583,4
151585,4
151587,5
151589,4
151591,2
151593,0
151595,4
151597,5
151599,5
151601,4
151603,3
151605,5
151607,4
151609,2
151611,5
151613,1
151615,4
151617,4
151619,4
151621,4
151623,4
151625,5
151627,3
151629,0
151631,4
151633,4
151635,4
151637,3
151639,3
151641,4
151643,3
151645,3
151647,4
151649,5
151651,5
151653,4
151655,4
151657,3
151659,4
151661,4
151663,4
151665,4
151667,4
151669,4
151671,3
151673,2
151675,3
151677,4
151679,0
151681,5
151683,4
151685,4
151687,4
151689,5
151691,4
151693,4
151695,3
151697,3
151699,4
151701,4
151703,4
151707,5
151709,3
151711,4
151715,4
151717,6
151719,4
151721,4
151723,6
151725,2
151727,4
151729,4
151731,6
151733,4
151735,3
151737,4
151739,0
151741,4
151743,4
151745,3
151747,4
151749,3
151753,4
151755,3
151757,4
151759,5
151761,4
151763,3
151765,6
151767,4
151769,6
151771,4
151773,4
151775,4
151777,3
151781,6
151783,4
151785,5
151787,5
151789,3
151791,4
151793,4
151795,5
151797,3
151799,4
151802,4
151804,3
151806,6
151808,5
151810,3
151813,4
151815,4
151819,4
151827,4
151829,4
151831,4
151833,4
151835,4
151837,4
151839,4
151841,4
151845,4
151847,4
151849,4
151851,1
151854,4
151859,2
151861,2
151865,2
151867,2
151873,2
151879,4
151881,4
151885,1
151887,3
151890,1
151892,4
151894,1
151898,4
151900,3
151903,3
151905,4
151907,5
151909,2
151911,4
151913,4
151915,4
151917,2
151919,4
151921,3
151923,6
151925,3
151927,4
151929,4
151931,4
151933,3
151935,4
151939,2
151941,2
151943,4
151945,4
151947,4
151949,4
151951,0
151953,3
151955,5
151957,4
151959,2
151961,4
151963,3
151965,4
151967,4
151969,3
151971,4
151973,4
151975,4
151977,4
151979,2
151981,4
151983,4
151985,4
151987,4
151989,4
151991,4
151993,4
151997,2
151999,5
152001,4
152003,1
152005,4
152007,4
152009,3
152011,4
152013,4
152015,4
152017,0
152019,3
152021,4
152023,4
152025,5
152027,4
152029,4
152031,3
152033,0
152035,4
152037,4
152039,5
152041,4
152043,4
152045,1
152047,1
152049,4
152051,3
152053,2
152055,3
152057,4
152059,3
152061,2
152063,3
152065,3
152067,4
152069,4
152071,0
152073,4
152075,4
152077,3
152079,2
152081,6
152083,1
152085,4
152087,3
152089,4
152091,0
152093,4
152095,3
152097,3
152099,2
152101,5
152103,3
152105,4
152107,4
152109,4
152115,4
152117,2
152119,4
152121,4
152123,4
152125,4
152127,5
152129,3
152131,4
152133,5
152135,1
152137,6
152139,4
152141,3
152143,5
152145,5
152147,4
152149,4
152151,3
152153,4
152155,2
152157,4
152161,4
152163,4
152165,4
152167,4
152169,5
152171,4
152175,4
152177,3
152179,3
152181,5
152183,5
152185,4
152187,4
152189,4
152192,3
152194,3
152196,3
152198,4
152200,4
152202,3
152204,2
152206,2
152208,5
152210,4
152212,4
152214,4
152216,4
152218,4
152220,4
152222,4
152224,4
152226,3
152228,3
152230,4
152232,3
152234,4
152236,5
152238,5
152240,5
152242,0
152244,4
152246,4
152248,4
152250,4
152252,4
152254,4
152256,4
152258,4
152260,4
152262,4
152264,3
152266,4
152268,4
152270,4
152272,4
152274,4
152278,4
152280,4
152282,4
152284,0
152286,4
152288,3
152290,5
152292,3
152296,4
152298,4
152302,4
152304,4
152310,4
152316,4
152318,4
152320,4
152322,4
152324,4
152326,6
152328,4
152330,5
152332,4
152334,3
152336,3
152338,4
152340,4
152342,4
152344,4
152346,4
152348,4
152350,4
152352,4
152354,4
152356,3
152358,4
152360,4
152362,4
152364,3
152366,4
152370,3
152372,4
152374,3
152376,3
152381,5
152385,1
152387,4
152389,4
152391,4
152395,3
152397,4
152399,4
152405,4
152411,2
152413,4
152415,4
152417,4
152419,4
152421,4
152425,4
152427,2
152429,4
152431,4
152433,2
152435,4
152439,3
152441,3
152443,3
152445,3
152447,4
152449,3
152451,4
152453,4
152455,4
152457,4
152459,5
152461,3
152463,3
152465,3
152467,3
152469,3
152471,3
152473,4
152475,4
152477,4
152479,3
152481,5
152483,4
152485,4
152487,4
152489,4
152491,4
152493,4
152495,3
152497,3
152499,3
152501,3
152503,3
152505,3
152507,3
152509,3
152511,2
152513,4
152515,3
152517,2
152519,4
152521,5
152523,4
152527,4
152535,4
152537,4
152539,2
152541,4
152543,4
152545,4
152547,4
152549,6
152551,2
152553,4
152555,2
152557,4
152559,4
152561,4
152563,4
152565,5
152567,4
152569,6
152571,4
152573,5
152575,3
152577,2
152579,6
152581,3
152583,6
152585,4
152587,3
152589,4
152591,0
152593,4
152595,6
152597,4
152599,4
152601,4
152603,4
152605,4
152607,4
152609,4
152611,4
152613,4
152615,4
152617,4
152619,4
152621,4
152623,4
152625,5
152627,4
152629,4
152631,4
152633,4
152635,4
152637,6
152639,4
152641,6
152643,5
152647,4
152649,5
152656,3
152658,4
152660,4
152662,4
152664,4
152666,3
152670,5
152672,4
152674,5
152676,4
152678,4
152680,5
152682,0
152686,4
152689,4
152691,4
152693,4
152697,4
152701,1
152705,3
152707,3
152711,5
152713,3
152715,4
152717,3
152719,2
152721,4
152723,4
152725,4
152727,4
152729,4
152731,1
152733,4
152735,4
152737,6
152739,4
152741,4
152743,4
152745,4
152747,5
152749,3
152751,5
152753,3
152755,3
152757,3
152759,3
152763,4
152765,2
152767,5
152769,4
152772,5
152774,3
152776,3
152778,4
152780,4
152782,5
152790,4
152793,4
152795,4
152798,4
152801,4
152804,3
152806,5
152808,4
152810,4
152812,3
152814,4
152816,4
152818,4
152820,4
152822,3
152824,4
152826,4
152828,4
152830,4
152832,3
152834,3
152836,2
152838,3
152840,4
152842,5
152844,3
152846,4
152848,2
152850,2
152852,4
152854,4
152856,3
152858,4
152860,4
152862,4
152864,5
152866,6
152868,4
152870,3
152872,4
152874,4
152876,3
152878,4
152880,3
152882,4
152884,4
152886,3
152888,3
152890,4
152892,4
152894,4
152896,3
152898,4
152900,4
152902,3
152904,4
152906,4
152908,5
152910,4
152912,5
152914,4
152916,5
152918,4
152920,5
152922,5
152924,5
152926,4
152928,4
152930,4
152932,4
152934,4
152936,4
152938,4
152940,6
152944,4
152946,4
152948,4
152952,5
152956,4
152960,5
152962,5
152964,5
152966,4
152968,4
152970,0
152972,3
152974,3
152976,1
152978,3
152980,4
152982,4
152984,4
152986,3
152988,4
152990,6
152992,3
152994,3
152996,4
152998,3
153000,4
153002,5
153006,4
153008,4
153010,4
153012,3
153014,4
153016,4
153018,4
153020,4
153022,4
153024,5
153026,4
153028,3
153030,4
153032,2
153034,2
153036,4
153038,4
153040,4
153042,4
153044,4
153046,4
153048,4
153050,4
153052,4
153054,4
153056,3
153058,4
153060,4
153062,4
153064,4
153066,4
153068,5
153070,4
153072,4
153074,2
153076,4
153080,4
153082,5
153084,4
153086,4
153088,5
153090,5
153092,4
153094,4
153096,5
153098,4
153100,4
153102,4
153104,4
153106,6
153108,3
153110,4
153112,4
153114,4
153116,4
153118,4
153120,4
153122,4
153124,4
153126,4
153128,4
153130,4
153132,3
153134,5
153136,3
153138,4
153140,4
153142,5
153144,4
153146,4
153148,6
153150,4
153152,4
153154,4
153156,4
153158,4
153160,3
153162,4
153164,4
153166,4
153168,4
153170,4
153172,4
153174,4
153176,4
153178,4
153180,4
153182,4
153184,4
153186,4
153188,4
153190,6
153192,4
153194,4
153196,4
153198,4
153200,4
153202,4
153204,4
153206,6
153208,4
153210,4
153212,4
153214,4
153216,4
153218,4
153220,4
153222,5
153224,4
153226,4
153228,5
153230,4
153232,5
153234,3
153236,6
153238,4
153240,4
153242,4
153244,4
153246,4
153248,4
153250,5
153252,4
153254,6
153256,4
153258,5
153260,4
153262,4
153264,4
153266,4
153268,4
153270,4
153272,4
153274,4
153276,4
153278,4
153280,5
153282,4
153284,4
153286,4
153288,4
153290,4
153292,4
153294,4
153296,4
153298,4
153300,5
153302,4
153304,5
153306,3
153308,4
153310,2
153312,4
153314,4
153316,4
153318,4
153320,4
153322,4
153324,4
153326,3
153328,4
153330,4
153332,4
153334,4
153336,5
153338,4
153340,4
153342,4
153344,4
153346,4
153348,3
153350,4
153352,6
153354,4
153356,4
153358,3
153362,5
153364,3
153366,3
153368,4
153370,4
153372,4
153374,4
153376,4
153378,5
153380,4
153382,4
153384,5
153386,6
153388,3
153390,4
153392,4
153394,4
153396,4
153398,6
153400,4
153402,4
153404,4
153406,4
153408,4
153410,4
153412,4
153414,6
153416,4
153418,4
153420,4
153422,4
153424,4
153426,4
153428,5
153430,4
153432,4
153434,4
153436,4
153438,6
153440,6
153442,4
153444,4
153446,5
153448,4
153450,4
153452,5
153454,4
153456,4
153458,4
153460,5
153462,1
153464,1
153466,3
153468,3
153470,4
153472,4
153474,4
153476,4
153478,4
153482,4
153484,4
153486,4
153488,4
153490,2
153492,2
153494,4
153496,1
153504,4
153506,4
153516,3
153518,3
153520,3
153522,3
153524,4
153526,4
153528,3
153530,3
153532,4
153534,3
153536,2
153538,2
153540,4
153542,3
153544,3
153546,4
153548,4
153550,4
153552,4
153554,3
153556,4
153558,4
153560,3
153562,3
153564,6
153566,3
153568,4
153570,6
153572,4
153574,4
153576,4
153578,4
153580,5
153582,6
153584,4
153586,4
153588,4
153590,4
153592,4
153594,6
153596,4
153598,4
153600,4
153602,4
153604,4
153606,4
153608,4
153610,4
153612,5
153614,4
153616,4
153618,2
153620,4
153622,5
153624,5
153626,4
153628,4
153630,6
153632,4
153634,3
153636,4
153638,4
153640,6
153642,4
153644,4
153646,6
153648,6
153650,4
153652,4
153654,4
153656,4
153658,4
153660,4
153662,4
153664,4
153666,4
153668,4
153670,4
153672,3
153674,4
153676,2
153678,1
153680,2
153682,2
153684,4
153686,4
153690,4
153692,4
153694,5
153696,5
153698,5
153700,4
153702,3
153704,4
153706,4
153708,4
153710,4
153712,4
153714,4
153716,4
153718,5
153720,3
153722,4
153726,4
153728,3
153730,3
153734,2
153736,4
153738,4
153740,2
153742,4
153744,4
153746,4
153750,3
153752,3
153754,4
153756,1
153758,6
153762,3
153764,4
153766,4
153768,3
153770,4
153772,4
153774,3
153776,4
153778,4
153780,4
153782,4
153784,4
153786,4
153788,4
153790,4
153792,4
153794,4
153796,4
153798,3
153800,4
153802,4
153804,4
153806,2
153808,4
153810,4
153812,4
153814,4
153816,4
153818,4
153820,3
153822,4
153824,4
153826,4
153828,4
153830,4
153832,3
153834,4
153836,4
153838,4
153840,5
153842,5
153845,5
153847,4
153849,4
153851,5
153853,4
153855,4
153857,4
153859,4
153861,4
153863,4
153865,0
153867,4
153869,6
153871,4
153873,4
153875,4
153877,4
153879,5
153881,4
153883,4
153885,5
153887,6
153889,4
153891,4
153893,4
153895,4
153897,4
153899,4
153901,4
153903,3
153905,3
153907,4
153909,4
153911,4
153913,4
153915,3
153917,4
153919,3
153921,3
153923,6
153925,4
153927,2
153929,4
153931,3
153933,4
153935,4
153937,4
153939,3
153941,3
153943,3
153945,3
153947,3
153949,4
153951,4
153953,5
153955,3
153957,5
153959,4
153961,4
153963,4
153965,3
153967,4
153969,3
153971,6
153973,4
153975,4
153977,4
153979,4
153981,4
153983,4
153985,4
153987,5
153989,4
153991,2
153993,4
153995,5
153996,3
153999,4
154001,3
154003,4
154005,4
154007,4
154009,4
154011,4
154013,4
154015,4
154017,4
154019,1
154023,4
154035,1
154037,1
154039,1
154045,3
154047,4
154051,5
154059,4
154061,4
154063,3
154065,4
154067,2
154069,4
154071,4
154073,4
154075,2
154077,4
154079,4
154081,4
154083,2
154085,4
154092,5
154094,3
154096,3
154100,4
154108,4
154110,4
154124,4
154126,4
154128,3
154130,4
154132,4
154134,4
154140,4
154142,4
154152,3
154154,2
154156,3
154158,2
154160,4
154162,4
154164,2
154166,4
154168,3
154170,4
154172,4
154174,5
154176,4
154178,4
154180,4
154182,3
154184,4
154186,4
154188,5
154190,4
154192,5
154194,4
154196,4
154198,4
154200,4
154202,4
154204,4
154206,4
154208,4
154210,4
154212,4
154214,6
154216,3
154218,3
154220,1
154222,4
154224,0
154226,2
154228,4
154230,4
154232,4
154234,5
154236,4
154238,4
154240,4
154242,4
154244,6
154246,2
154248,4
154250,4
154252,4
154254,2
154256,5
154258,4
154260,4
154262,4
154264,4
154266,4
154268,6
154270,4
154272,5
154274,5
154276,4
154278,5
154280,4
154284,4
154286,4
154288,5
154290,3
154294,1
154300,4
154303,2
154305,3
154307,4
154309,4
154311,4
154315,4
154317,3
154319,4
154321,4
154323,4
154325,4
154327,3
154329,4
154331,4
154335,4
154337,2
154339,4
154341,4
154344,4
154346,3
154348,4
154350,4
154352,3
154354,4
154356,5
154358,5
154360,4
154362,4
154364,4
154366,4
154368,6
154370,4
154372,4
154374,6
154376,4
154378,6
154380,4
154382,4
154384,4
154386,4
154388,3
154390,4
154392,4
154394,2
154396,4
154398,4
154400,6
154402,4
154404,5
154406,4
154408,4
154410,4
154412,4
154414,2
154416,3
154418,4
154420,5
154422,4
154424,4
154426,2
154428,4
154430,4
154432,4
154434,4
154436,4
154438,4
154440,4
154442,4
154444,6
154446,6
154448,4
154450,4
154452,4
154454,4
154456,4
154458,3
154460,3
154462,4
154464,4
154466,3
154468,4
154470,4
154472,4
154474,0
154476,4
154478,3
154480,3
154482,4
154484,3
154486,3
154488,4
154490,4
154492,4
154494,2
154496,2
154498,4
154500,4
154502,4
154504,4
154506,4
154508,4
154510,4
154512,3
154514,4
154516,6
154518,4
154520,4
154522,5
154524,6
154526,4
154528,3
154530,4
154532,3
154534,4
154536,6
154538,4
154540,4
154542,2
154544,4
154546,4
154548,4
154550,3
154552,4
154554,4
154556,4
154558,6
154560,3
154562,4
154564,6
154566,4
154568,3
154570,4
154572,4
154574,3
154576,4
154578,3
154580,2
154582,4
154584,3
154586,4
154588,5
154590,4
154592,4
154594,4
154596,4
154598,4
154600,4
154602,4
154604,4
154606,4
154608,4
154610,4
154612,5
154614,4
154616,6
154618,4
154620,3
154622,4
154624,1
154626,5
154628,5
154630,3
154632,4
154634,4
154636,4
154638,4
154640,6
154642,4
154644,4
154646,3
154648,4
154650,5
154652,4
154654,4
154656,4
154658,4
154660,4
154662,4
154664,4
154666,3
154668,4
154670,4
154672,4
154674,4
154676,4
154678,6
154680,4
154682,4
154686,4
154690,5
154694,4
154696,4
154698,3
154701,4
154703,4
154709,4
154711,4
154717,3
154719,4
154721,4
154723,1
154725,4
154729,4
154731,5
154736,4
154739,4
154742,3
154745,1
154747,4
154749,4
154751,4
154753,4
154755,3
154757,1
154759,3
154762,4
154764,4
154766,2
154768,4
154776,4
154778,5
154780,4
154782,4
154784,4
154786,4
154788,4
154790,4
154792,4
154794,4
154796,4
154798,4
154800,3
154802,6
154804,4
154806,4
154808,4
154810,6
154812,4
154814,4
154816,4
154818,5
154820,4
154822,6
154824,4
154826,4
154828,3
154830,5
154832,6
154834,4
154836,4
154838,6
154840,4
154842,4
154844,4
154846,4
154848,5
154850,5
154852,6
154854,4
154856,4
154858,4
154860,4
154862,4
154864,4
154866,4
154868,6
154870,4
154872,4
154874,5
154876,4
154878,4
154880,3
154882,5
154884,4
154886,4
154888,4
154890,6
154892,4
154894,4
154896,4
154898,4
154900,4
154902,4
154904,4
154906,4
154908,6
154911,4
154913,3
154915,4
154917,6
154919,5
154921,4
154923,2
154925,2
154927,4
154929,4
154931,4
154933,4
154935,5
154937,3
154939,0
154941,3
154943,4
154945,3
154947,3
154949,4
154951,4
154959,4
154963,4
154965,3
154967,3
154969,2
154971,5
154973,4
154975,5
154978,4
154982,1
154984,3
154986,4
154988,4
154990,4
154992,4
154994,2
154996,0
154998,4
155000,4
155004,3
155008,4
155010,4
155012,2
155014,3
155016,4
155018,3
155020,4
155022,4
155024,3
155026,4
155028,4
155036,4
155038,5
155040,5
155042,5
155048,4
155050,4
155052,4
155054,3
155056,4
155058,4
155060,4
155062,4
155064,3
155066,3
155068,4
155070,4
155072,4
155074,4
155076,0
155078,0
155080,4
155082,3
155084,4
155086,4
155088,3
155090,4
155092,4
155094,4
155096,3
155098,3
155100,3
155102,3
155104,4
155106,4
155109,5
155111,4
155113,3
155115,6
155117,6
155119,4
155121,4
155123,4
155127,4
155129,4
155131,2
155133,4
155135,4
155137,3
155139,4
155141,4
155143,4
155145,4
155147,2
155149,2
155151,4
155153,3
155155,4
155158,4
155160,4
155162,6
155164,4
155166,4
155168,4
155170,4
155172,4
155176,4
155178,4
155181,4
155183,5
155185,4
155191,4
155195,4
155197,1
155205,2
155211,2
155215,2
155217,4
155219,4
155221,4
155237,4
155245,3
155247,2
155249,4
155257,2
155261,5
155269,1
155271,1
155275,1
155279,4
155281,4
155283,6
155285,4
155288,1
155290,5
155292,4
155294,4
155296,4
155298,4
155302,4
155304,4
155308,2
155310,4
155312,4
155314,4
155316,4
155322,4
155326,4
155328,4
155330,4
155334,4
155336,4
155338,2
155342,4
155348,4
155350,3
155352,4
155358,3
155360,3
155362,0
155364,3
155366,6
155368,4
155370,3
155372,3
155374,4
155376,3
155378,4
155380,3
155382,4
155384,4
155386,2
155390,5
155392,0
155395,4
155397,5
155399,4
155401,3
155403,4
155405,4
155407,3
155409,6
155411,3
155413,4
155415,5
155418,4
155420,4
155423,4
155425,3
155427,4
155430,4
155432,4
155435,3
155437,4
155439,4
155444,3
155446,4
155451,4
155453,4
155455,4
155457,3
155460,4
155462,4
155464,4
155466,2
155469,4
155471,2
155473,2
155475,4
155477,5
155479,4
155481,4
155483,4
155485,4
155487,4
155489,2
155491,3
155493,4
155495,3
155497,4
155499,5
155501,3
155503,4
155505,5
155507,4
155509,0
155511,3
155513,4
155515,4
155517,4
155521,4
155523,4
155525,5
155527,3
155529,4
155537,3
155539,4
155541,4
155543,3
155545,3
155547,3
155549,4
155551,4
155555,4
155557,3
155559,2
155561,3
155563,3
155565,4
155567,1
155569,3
155571,4
155573,4
155575,2
155579,1
155581,4
155583,4
155587,4
155589,4
155591,4
155593,4
155595,4
155597,4
155599,4
155601,2
155603,5
155605,4
155607,4
155609,5
155611,5
155613,4
155615,4
155617,4
155619,4
155621,4
155623,4
155625,3
155627,4
155629,4
155631,4
155633,4
155635,4
155637,4
155639,4
155641,5
155643,1
155645,3
155650,4
155652,4
155654,4
155656,3
155659,0
155663,4
155665,4
155669,4
155671,4
155673,4
155675,4
155677,4
155679,4
155681,4
155683,4
155685,4
155687,4
155689,4
155691,3
155693,3
155695,3
155697,1
155699,4
155701,4
155703,4
155705,2
155707,3
155709,4
155711,4
155713,4
155715,3
155717,4
155719,4
155721,3
155723,4
155725,4
155727,4
155731,4
155733,3
155735,6
155737,4
155739,1
155741,4
155743,4
155745,3
155748,4
155750,4
155752,4
155754,4
155756,3
155758,3
155760,4
155762,4
155764,4
155766,4
155768,4
155770,4
155774,4
155776,3
155780,4
155784,4
155786,4
155788,4
155790,3
155794,4
155796,4
155798,4
155800,4
155802,4
155804,5
155806,3
155808,5
155810,4
155812,0
155814,3
155816,4
155818,3
155820,0
155822,4
155824,4
155826,4
155828,0
155830,4
155832,3
155834,1
155836,5
155838,4
155842,5
155844,4
155846,4
155848,5
155850,5
155852,5
155854,4
155856,4
155858,5
155860,5
155862,5
155864,5
155866,5
155868,4
155870,4
155872,4
155874,0
155878,3
155880,3
155882,4
155884,4
155886,4
155888,2
155890,4
155892,4
155896,3
155898,6
155900,4
155902,4
155906,3
155908,4
155910,3
155913,1
155915,4
155917,3
155919,4
155921,1
155923,4
155927,4
155930,3
155932,4
155934,1
155941,2
155943,1
155945,2
155948,4
155950,4
155952,4
155954,4
155956,4
155959,4
155961,4
155963,4
155966,4
155968,2
155970,3
155972,6
155974,5
155976,3
155978,5
155980,3
155982,4
155984,4
155986,4
155988,3
155990,4
155992,4
155994,3
155996,4
155998,5
156000,6
156002,4
156015,4
156017,5
156019,5
156021,4
156023,4
156025,6
156027,4
156029,5
156031,4
156033,4
156035,4
156037,4
156039,4
156041,6
156043,4
156045,4
156048,4
156050,4
156052,4
156054,5
156060,2
156063,4
156067,1
156069,5
156071,4
156073,4
156075,4
156077,4
156079,4
156081,4
156083,3
156085,4
156087,1
156091,1
156093,4
156095,3
156097,4
156099,2
156101,4
156104,5
156106,4
156109,5
156111,3
156115,4
156123,3
156125,3
156127,4
156129,4
156131,3
156133,4
156135,4
156137,6
156141,4
156143,1
156145,3
156148,2
156150,3
156154,4
156156,4
156160,4
156162,3
156166,3
156168,2
156170,2
156173,4
156175,4
156178,4
156180,4
156182,4
156184,5
156187,5
156193,4
156197,2
156204,4
156206,4
156208,1
156210,4
156213,4
156215,4
156222,4
156226,1
156233,4
156235,4
156237,2
156244,0
156248,4
156250,4
156254,3
156256,4
156258,2
156260,2
156262,2
156264,4
156266,2
156268,4
156270,2
156272,2
156274,4
156276,2
156278,4
156280,4
156282,1
156284,4
156286,4
156293,1
156296,4
156300,1
156303,4
156305,1
156307,4
156309,4
156311,4
156313,4
156315,4
156317,4
156319,4
156321,4
156323,4
156325,4
156329,4
156332,2
156334,4
156338,4
156340,4
156342,4
156346,2
156350,4
156352,1
156354,2
156356,4
156358,4
156360,4
156362,3
156364,4
156367,4
156369,5
156371,0
156373,2
156375,4
156377,4
156379,3
156381,5
156383,4
156385,4
156387,0
156390,4
156392,5
156394,4
156396,4
156398,4
156404,4
156406,4
156410,3
156412,4
156414,5
156416,4
156418,4
156420,4
156423,2
156425,4
156427,1
156429,3
156431,4
156433,4
156435,4
156437,4
156447,4
156449,4
156451,2
156453,4
156455,4
156457,4
156460,4
156463,3
156469,1
156471,4
156473,4
156475,4
156477,4
156479,2
156481,4
156485,4
156487,4
156489,4
156491,2
156493,4
156495,4
156497,2
156499,4
156501,2
156503,4
156505,4
156507,4
156509,4
156511,4
156513,4
156515,4
156517,4
156519,4
156521,4
156523,4
156525,4
156527,4
156529,3
156531,4
156533,4
156535,0
156537,4
156539,4
156541,4
156543,4
156545,4
156547,2
156549,3
156551,4
156553,6
156555,4
156557,4
156559,4
156561,4
156563,3
156565,4
156567,6
156569,6
156571,4
156573,6
156575,4
156577,4
156579,3
156581,4
156583,4
156585,4
156587,3
156589,4
156591,4
156593,6
156595,4
156597,3
156599,4
156601,5
156603,5
156605,0
156607,3
156609,4
156611,3
156613,4
156615,3
156617,4
156619,3
156621,2
156623,4
156625,2
156627,1
156629,4
156631,3
156633,4
156635,3
156637,2
156639,2
156641,4
156643,2
156645,1
156647,1
156649,4
156655,4
156661,4
156663,1
156665,1
156667,4
156671,3
156673,4
156675,3
156678,4
156680,5
156682,2
156684,4
156686,4
156688,4
156690,3
156692,4
156694,3
156696,3
156698,3
156700,4
156702,4
156704,5
156706,2
156708,4
156710,5
156712,3
156714,4
156718,3
156720,4
156722,5
156724,4
156726,3
156728,5
156730,4
156732,6
156734,5
156736,4
156738,4
156740,4
156742,2
156745,4
156747,2
156751,2
156753,3
156755,4
156757,3
156759,3
156763,4
156765,4
156767,4
156769,4
156771,5
156773,0
156775,4
156777,4
156779,0
156781,4
156783,4
156785,4
156787,0
156789,6
156791,3
156793,4
156795,3
156797,4
156799,4
156801,0
156807,4
156810,3
156815,4
156817,4
156819,4
156821,2
156823,1
156826,3
156828,5
156830,3
156832,4
156834,4
156837,1
156840,3
156842,4
156844,4
156846,2
156848,4
156850,4
156855,3
156857,4
156859,3
156862,5
156865,1
156867,1
156869,3
156871,1
156873,4
156877,4
156879,1
156881,1
156885,4
156889,4
156894,4
156896,5
156898,3
156900,2
156903,3
156907,3
156909,4
156911,4
156913,4
156915,4
156917,4
156919,4
156921,4
156923,5
156925,3
156927,4
156929,4
156931,4
156933,4
156935,4
156937,4
156940,4
156942,4
156944,1
156950,4
156952,4
156954,4
156956,4
156958,4
156960,3
156962,4
156964,5
156966,5
156968,5
156972,3
156974,4
156976,4
156978,4
156980,4
156982,4
156984,4
156986,4
156989,4
156991,4
156993,4
156996,4
156998,1
157000,4
157002,1
157004,4
157006,4
157009,1
157014,4
157017,4
157021,4
157023,4
157028,4
157034,1
157036,2
157038,4
157041,4
157043,2
157045,4
157047,4
157049,4
157051,4
157053,4
157055,3
157057,4
157059,3
157061,4
157063,4
157065,3
157067,4
157069,5
157071,4
157073,5
157075,1
157077,6
157079,6
157081,4
157083,4
157085,4
157087,3
157089,4
157091,4
157093,4
157095,3
157098,3
157100,3
157102,4
157104,4
157106,3
157108,1
157110,2
157112,4
157114,6
157116,4
157118,4
157120,4
157122,0
157124,4
157126,0
157128,4
157130,4
157132,6
157134,6
157136,6
157138,4
157140,4
157142,4
157144,4
157146,5
157148,5
157150,3
157152,5
157154,4
157156,4
157158,4
157160,3
157162,4
157164,4
157166,3
157168,4
157170,3
157172,3
157174,4
157176,4
157178,2
157180,5
157182,4
157184,3
157186,4
157188,4
157190,1
157192,4
157194,4
157196,6
157198,6
157200,3
157202,4
157204,6
157206,4
157208,4
157210,0
157212,3
157214,4
157218,4
157220,4
157222,0
157224,4
157226,3
157228,4
157230,6
157232,4
157234,4
157236,2
157240,4
157242,4
157244,2
157250,3
157254,3
157258,3
157260,4
157262,4
157264,4
157266,4
157268,0
157270,4
157272,2
157274,0
157276,3
157278,4
157280,4
157282,3
157284,2
157286,3
157288,2
157290,4
157292,4
157294,4
157296,6
157298,3
157300,4
157302,4
157304,4
157306,4
157308,5
157310,5
157312,4
157314,4
157316,4
157318,0
157320,4
157322,4
157324,4
157326,3
157328,4
157330,4
157332,4
157334,4
157336,3
157338,3
157340,6
157342,3
157344,3
157346,3
157348,5
157350,5
157352,4
157355,5
157357,4
157359,3
157361,5
157363,6
157365,6
157367,5
157369,4
157371,3
157373,6
157375,4
157377,3
157379,3
157381,4
157385,4
157387,3
157389,4
157391,4
157397,2
157399,4
157401,4
157403,4
157405,4
157407,2
157409,4
157411,5
157415,1
157417,4
157419,4
157421,4
157424,4
157428,5
157432,2
157435,4
157438,4
157442,4
157445,3
157448,4
157451,3
157454,5
157458,1
157464,4
157466,3
157468,3
157471,3
157473,4
157475,4
157477,4
157482,2
157484,4
157492,4
157494,4
157496,4
157498,3
157500,4
157502,2
157504,4
157506,4
157508,3
157510,5
157512,4
157514,5
157516,4
157518,5
157520,5
157522,1
157530,4
157532,2
157534,2
157536,4
157538,2
157542,4
157544,4
157546,5
157549,4
157551,3
157553,3
157555,2
157557,3
157559,3
157561,3
157563,3
157565,2
157567,4
157569,3
157571,3
157573,2
157575,3
157577,4
157579,4
157581,5
157583,4
157585,4
157587,4
157589,2
157591,3
157593,2
157595,4
157597,4
157599,4
157601,4
157603,5
157605,5
157609,4
157611,4
157613,2
157615,4
157617,4
157619,4
157621,1
157623,4
157625,4
157627,4
157629,4
157631,4
157633,4
157635,4
157637,4
157641,6
157643,4
157645,4
157649,4
157657,4
157659,2
157663,4
157665,5
157667,4
157669,4
157671,3
157673,3
157675,4
157677,3
157679,4
157681,4
157683,4
157685,1
157687,6
157689,1
157691,6
157693,1
157695,1
157697,1
157699,3
157703,4
157705,4
157709,4
157711,3
157713,1
157715,4
157717,4
157719,1
157721,6
157723,2
157725,4
157727,2
157729,6
157731,2
157733,2
157735,4
157737,4
157739,1
157741,4
157745,2
157749,6
157751,6
157753,6
157755,6
157757,6
157759,4
157761,4
157763,6
157765,6
157767,6
157769,6
157771,6
157773,6
157775,6
157777,6
157779,6
157781,4
157783,6
157785,6
157787,4
157789,4
157791,4
157793,6
157795,4
157797,4
157799,6
157801,6
157803,6
157805,6
157807,4
157809,4
157811,4
157813,4
157815,4
157817,4
157819,4
157821,6
157823,6
157825,6
157827,3
157829,6
157831,3
157833,4
157835,3
157837,6
157839,6
157841,6
157843,3
157845,4
157847,4
157849,4
157851,5
157853,4
157855,4
157865,6
157867,4
157869,3
157871,5
157873,5
157875,4
157877,4
157879,5
157881,3
157883,5
157885,5
157887,3
157889,5
157891,3
157893,5
157895,4
157897,4
157899,2
157901,1
157903,4
157905,4
157907,2
157909,4
157913,2
157915,1
157917,1
157923,4
157925,4
157927,4
157929,4
157931,4
157933,2
157935,1
157937,4
157939,2
157943,2
157947,4
157949,4
157951,4
157955,3
157957,3
157959,2
157961,3
157963,4
157965,5
157967,4
157969,5
157971,4
157973,5
157975,5
157977,4
157979,4
157981,5
157983,5
157985,4
157987,4
157989,5
157991,5
157993,4
157995,1
157997,6
157999,5
158001,4
158003,4
158005,4
158007,4
158009,4
158011,5
158013,4
158015,5
158017,4
158019,3
158022,4
158024,3
158027,3
158029,4
158031,4
158033,4
158035,6
158037,5
158039,5
158041,5
158043,5
158045,4
158047,4
158049,6
158051,3
158053,4
158056,4
158058,4
158060,4
158062,4
158064,5
158066,5
158068,4
158070,6
158072,6
158074,4
158076,4
158078,6
158080,5
158082,5
158084,4
158086,4
158088,5
158090,4
158092,6
158094,3
158099,4
158101,4
158103,2
158105,4
158107,4
158109,2
158111,2
158113,2
158115,2
158117,2
158119,4
158121,4
158123,1
158125,1
158127,4
158129,5
158131,4
158133,4
158135,4
158137,4
158139,4
158141,4
158143,4
158145,5
158147,4
158149,5
158151,4
158153,0
158155,5
158157,4
158159,3
158161,4
158163,5
158165,5
158167,4
158172,4
158174,4
158176,3
158178,4
158182,5
158184,1
158186,4
158188,4
158192,2
158198,2
158200,2
158204,4
158206,4
158208,2
158210,4
158214,2
158216,4
158220,2
158222,4
158224,4
158226,4
158228,4
158230,4
158232,4
158234,4
158236,4
158238,0
158240,4
158242,4
158244,4
158246,3
158248,4
158250,2
158252,5
158254,3
158256,3
158258,5
158260,0
158262,4
158264,5
158266,5
158268,0
158270,4
158272,4
158274,4
158276,0
158278,2
158280,5
158282,3
158284,2
158286,2
158288,3
158290,2
158292,4
158294,4
158296,3
158298,3
158300,4
158302,4
158304,4
158306,4
158308,5
158310,0
158312,4
158314,4
158316,4
158318,4
158320,5
158322,4
158324,5
158326,2
158328,5
158330,4
158332,4
158334,4
158336,0
158338,4
158340,2
158342,4
158344,4
158348,5
158350,4
158352,4
158354,4
158356,4
158358,4
158360,4
158362,5
158364,4
158366,5
158368,3
158372,3
158376,4
158378,4
158380,4
158382,3
158384,3
158386,4
158388,3
158390,3
158392,4
158394,3
158396,5
158398,4
158400,3
158402,3
158404,4
158406,4
158408,4
158410,2
158412,6
158414,4
158416,5
158418,4
158420,3
158422,4
158424,4
158426,4
158428,6
158430,4
158433,4
158435,3
158437,1
158439,2
158441,4
158443,1
158445,1
158447,4
158449,4
158451,4
158453,1
158455,4
158458,4
158460,4
158462,1
158471,4
158476,4
158478,1
158480,4
158484,3
158486,4
158489,1
158491,5
158493,4
158496,4
158499,4
158504,4
158506,4
158508,2
158510,4
158512,3
158514,1
158516,1
158518,5
158520,4
158524,4
158526,4
158528,3
158530,3
158532,4
158534,4
158536,4
158538,5
158540,4
158542,4
158545,1
158547,3
158549,3
158551,2
158553,4
158555,4
158557,4
158559,4
158561,4
158563,4
158565,4
158571,4
158573,4
158575,4
158577,3
158579,3
158581,3
158583,4
158585,2
158587,4
158589,4
158591,4
158593,4
158595,3
158597,1
158599,4
158601,4
158603,4
158605,5
158607,2
158609,2
158611,5
158613,2
158615,4
158617,1
158619,3
158621,4
158623,4
158625,2
158627,4
158629,1
158631,6
158633,2
158635,4
158637,4
158639,1
158641,4
158643,4
158645,4
158647,4
158649,5
158651,4
158653,4
158655,4
158657,4
158659,4
158661,3
158663,5
158665,2
158667,5
158669,2
158673,4
158675,4
158679,2
158681,4
158685,3
158687,3
158689,3
158691,4
158693,4
158695,4
158697,5
158699,4
158701,6
158703,3
158705,6
158707,3
158709,5
158711,3
158713,3
158715,3
158717,3
158719,4
158721,3
158723,4
158725,4
158727,2
158729,5
158731,5
158733,5
158735,5
158737,5
158739,5
158741,5
158743,5
158745,5
158747,5
158749,5
158751,5
158753,5
158755,5
158757,5
158759,5
158761,5
158763,5
158765,4
158767,5
158769,5
158771,5
158773,4
158775,2
158777,6
158779,4
158781,4
158783,0
158785,4
158789,4
158791,4
158793,4
158797,4
158799,4
158801,4
158803,4
158805,4
158807,4
158809,5
158811,4
158813,3
158815,4
158817,4
158819,4
158821,4
158823,4
158825,4
158827,4
158830,4
158832,5
158836,3
158838,4
158840,4
158842,5
158844,5
158846,5
158848,5
158850,5
158852,5
158854,4
158856,5
158858,5
158860,4
158862,4
158864,4
158866,5
158868,5
158870,3
158872,6
158874,4
158876,3
158878,4
158880,4
158882,4
158884,4
158886,4
158888,4
158890,4
158892,4
158894,4
158896,4
158898,4
158900,4
158902,4
158904,4
158906,4
158908,0
158910,4
158912,4
158914,4
158916,4
158918,4
158920,4
158922,4
158924,4
158926,4
158928,4
158930,4
158932,4
158934,4
158936,4
158938,4
158940,4
158942,4
158944,4
158946,4
158948,4
158950,4
158952,5
158954,4
158956,3
158958,4
158962,3
158964,4
158966,0
158968,4
158970,5
158972,4
158974,4
158976,3
158980,4
158982,4
158984,3
158986,2
158988,2
158990,4
158992,3
158994,4
158996,4
158998,4
159000,5
159002,4
159004,5
159017,5
159022,5
159024,4
159026,4
159028,3
159030,2
159032,4
159034,4
159036,4
159038,4
159040,5
159042,5
159044,3
159046,3
159048,2
159050,4
159053,3
159055,3
159057,3
159059,2
159061,3
159063,4
159065,3
159067,4
159069,4
159071,3
159073,4
159075,4
159077,4
159079,3
159081,4
159083,4
159085,4
159087,5
159089,5
159091,4
159093,3
159095,5
159097,4
159099,2
159101,4
159103,4
159105,4
159107,4
159109,4
159111,3
159113,4
159115,4
159117,4
159119,4
159121,5
159123,4
159125,4
159127,4
159129,4
159131,4
159133,6
159135,6
159137,6
159139,5
159141,4
159143,4
159145,4
159147,4
159149,4
159151,4
159153,6
159155,3
159157,4
159159,6
159161,0
159163,0
159165,5
159167,4
159169,3
159173,4
159175,3
159177,3
159179,3
159181,5
159183,3
159185,5
159187,3
159191,0
159193,0
159195,0
159197,3
159199,4
159201,4
159203,5
159205,5
159207,3
159209,5
159211,4
159213,4
159215,4
159217,5
159219,5
159221,4
159223,3
159225,5
159233,4
159235,4
159237,4
159239,4
159241,4
159243,3
159245,4
159247,5
159249,4
159251,4
159253,4
159255,4
159257,4
159259,4
159261,4
159263,3
159267,4
159271,4
159273,4
159275,4
159281,4
159283,4
159287,4
159293,4
159295,4
159297,4
159301,4
159303,4
159305,4
159307,4
159311,4
159313,4
159315,4
159317,4
159319,2
159321,4
159323,4
159325,4
159329,4
159331,4
159333,4
159335,4
159337,4
159339,4
159341,4
159343,4
159345,4
159347,4
159349,4
159353,4
159355,4
159357,3
159359,4
159361,2
159363,4
159365,4
159367,4
159369,4
159371,4
159373,4
159375,2
159377,1
159381,4
159383,4
159385,4
159387,4
159389,4
159391,4
159395,4
159397,4
159399,4
159401,2
159403,6
159405,3
159407,6
159409,3
159411,5
159413,4
159415,0
159417,4
159419,2
159423,4
159425,4
159427,4
159429,4
159431,3
159433,4
159435,4
159437,4
159439,2
159441,4
159443,4
159445,4
159447,3
159449,5
159451,0
159462,3
159464,5
159467,5
159469,3
159471,4
159473,4
159480,3
159482,4
159484,3
159486,4
159488,4
159490,1
159492,1
159496,1
159498,3
159500,1
159510,3
159520,1
159522,4
159526,3
159528,4
159530,3
159534,4
159536,3
159538,3
159540,3
159542,3
159544,2
159546,4
159548,4
159550,4
159552,4
159554,3
159556,3
159558,4
159560,4
159562,4
159564,4
159570,4
159572,4
159582,3
159584,2
159594,4
159600,4
159604,4
159606,4
159608,4
159610,4
159612,4
159614,3
159616,4
159618,4
159620,3
159622,2
159624,3
159626,3
159628,4
159630,4
159632,6
159634,6
159636,6
159638,5
159640,3
159642,4
159644,4
159646,3
159648,1
159650,3
159652,4
159654,4
159656,3
159658,4
159660,4
159662,3
159664,4
159666,1
159668,4
159670,4
159672,4
159674,4
159676,4
159678,1
159680,3
159682,1
159684,4
159686,4
159688,4
159690,3
159692,4
159694,3
159696,3
159698,3
159700,2
159702,4
159704,4
159706,4
159708,4
159710,4
159712,4
159714,4
159717,0
159719,2
159721,5
159723,4
159725,6
159727,3
159729,3
159731,4
159733,5
159735,4
159739,4
159741,5
159747,3
159749,4
159751,4
159753,4
159755,0
159757,3
159759,4
159761,2
159763,4
159765,4
159769,3
159771,5
159773,2
159775,4
159779,4
159781,4
159784,4
159786,4
159789,4
159795,5
159797,5
159799,3
159801,5
159803,3
159805,4
159807,4
159809,4
159811,6
159813,3
159817,5
159819,5
159821,5
159823,4
159825,4
159827,0
159829,3
159831,4
159833,4
159837,2
159839,2
159841,2
159843,4
159845,4
159849,0
159851,5
159853,4
159856,3
159858,3
159860,4
159862,4
159865,3
159867,4
159869,2
159873,4
159875,3
159877,4
159879,4
159882,4
159886,1
159892,4
159894,3
159896,4
159898,3
159904,4
159906,5
159913,5
159915,3
159917,5
159920,4
159922,4
159931,1
159933,4
159940,4
159942,3
159944,4
159947,4
159949,4
159951,4
159955,4
159958,4
159960,4
159965,4
159968,4
159970,3
159972,3
159974,1
159976,4
159978,1
159980,4
159982,4
159984,4
159988,4
159992,2
159994,4
159996,4
159998,4
160000,4
160002,4
160004,4
160008,3
160010,5
160012,3
160014,3
160016,4
160018,4
160020,5
160022,4
160024,4
160026,3
160028,6
160030,3
160032,4
160034,4
160036,4
160040,4
160042,2
160044,4
160048,3
160050,4
160052,6
160054,1
160056,4
160058,4
160060,4
160062,2
160064,1
160066,1
160068,4
160070,4
160072,1
160074,3
160076,4
160078,4
160080,3
160082,4
160084,4
160086,4
160088,4
160090,4
160092,3
160096,4
160098,5
160100,4
160102,3
160104,6
160106,2
160108,2
160110,2
160112,3
160114,3
160116,3
160118,5
160120,4
160122,4
160124,4
160126,3
160128,4
160131,4
160133,6
160135,4
160137,5
160139,3
160141,3
160143,3
160145,3
160147,3
160149,4
160151,5
160153,1
160155,4
160157,3
160159,6
160161,4
160165,3
160167,4
160169,3
160171,4
160173,4
160175,2
160177,2
160179,3
160181,4
160183,5
160185,2
160187,3
160189,2
160191,3
160193,4
160195,4
160197,3
160199,2
160201,4
160203,3
160205,4
160207,4
160209,5
160211,1
160213,4
160215,4
160217,4
160219,2
160221,3
160223,3
160225,2
160227,5
160229,4
160231,4
160233,4
160236,4
160238,4
160240,4
160243,1
160245,4
160247,4
160249,4
160251,5
160253,2
160255,4
160257,4
160259,4
160261,4
160265,4
160267,4
160269,4
160271,0
160273,4
160275,4
160277,4
160279,4
160281,4
160283,2
160285,4
160287,4
160289,5
160291,3
160293,3
160295,4
160297,3
160299,3
160301,2
160303,3
160305,1
160307,2
160309,4
160313,4
160315,4
160317,4
160319,5
160321,4
160323,4
160325,4
160327,4
160329,4
160331,4
160333,6
160335,6
160337,3
160339,3
160341,3
160343,3
160346,3
160348,3
160350,3
160352,3
160354,4
160356,3
160358,4
160360,5
160362,3
160364,4
160366,4
160368,4
160370,3
160374,4
160378,4
160380,4
160382,4
160384,4
160386,4
160388,4
160390,4
160392,2
160394,4
160396,4
160398,4
160400,0
160402,0
160404,2
160406,2
160408,4
160410,4
160412,4
160414,4
160416,5
160418,4
160420,4
160422,1
160424,4
160426,4
160428,4
160430,3
160432,3
160434,4
160436,3
160438,3
160440,4
160442,5
160444,2
160446,4
160448,4
160450,4
160452,4
160454,4
160456,2
160458,2
160460,3
160462,4
160464,4
160466,4
160468,4
160470,4
160472,5
160474,4
160476,4
160478,4
160480,3
160482,2
160484,3
160486,3
160488,4
160492,4
160494,3
160496,2
160498,4
160504,1
160506,1
160508,2
160511,5
160513,4
160515,1
160519,6
160523,2
160525,3
160527,2
160529,2
160531,2
160533,4
160535,4
160537,3
160541,4
160543,2
160545,3
160549,6
160551,2
160553,5
160555,2
160557,3
160559,5
160561,5
160563,3
160565,3
160567,0
160569,6
160571,3
160573,6
160575,4
160577,3
160579,4
160581,1
160584,3
160586,4
160588,5
160590,4
160592,4
160596,4
160598,3
160600,3
160602,2
160604,1
160606,4
160608,3
160614,4
160620,2
160624,4
160636,4
160638,4
160642,5
160644,4
160646,4
160648,3
160650,4
160652,4
160654,2
160656,4
160660,4
160664,4
160666,4
160670,4
160672,4
160674,3
160676,4
160678,4
160680,1
160682,5
160684,3
160686,5
160688,4
160690,4
160692,4
160694,5
160696,4
160698,3
160700,3
160702,3
160704,4
160706,3
160708,4
160710,4
160712,4
160714,3
160716,3
160718,6
160720,3
160722,5
160724,5
160726,5
160728,5
160730,3
160732,4
160734,3
160736,4
160738,4
160740,4
160742,2
160744,4
160746,3
160748,1
160750,1
160754,1
160756,4
160758,1
160760,1
160762,4
160764,5
160766,2
160768,3
160770,1
160772,1
160774,5
160776,2
160778,4
160780,1
160782,4
160784,2
160788,2
160790,1
160792,1
160794,3
160796,3
160798,3
160800,5
160802,1
160804,4
160806,4
160808,4
160810,4
160812,4
160814,4
160816,4
160818,5
160820,4
160822,4
160824,2
160826,3
160828,1
160830,4
160832,4
160836,3
160838,4
160840,5
160842,4
160844,3
160846,6
160848,6
160850,4
160852,4
160854,3
160856,3
160858,4
160860,4
160862,5
160864,4
160866,6
160868,4
160870,4
160872,3
160874,5
160876,4
160878,4
160880,4
160882,2
160884,5
160886,5
160888,4
160890,4
160892,4
160894,4
160896,5
160898,4
160900,4
160902,4
160904,4
160906,4
160908,4
160910,4
160912,4
160914,4
160916,4
160918,4
160920,4
160922,4
160924,4
160926,4
160928,4
160930,4
160932,4
160934,4
160936,4
160938,4
160940,4
160942,4
160944,4
160946,4
160948,0
160950,4
160952,4
160954,3
160956,3
160958,2
160960,3
160962,4
160964,4
160966,4
160968,4
160970,4
160972,4
160974,5
160976,4
160978,3
160980,0
160982,4
160984,4
160986,4
160988,4
160990,0
160992,4
160994,2
160996,6
160998,3
161000,2
161004,2
161006,3
161008,4
161010,4
161012,2
161014,3
161016,4
161018,2
161020,4
161022,3
161024,4
161026,2
161028,4
161030,4
161032,3
161034,3
161036,4
161038,4
161040,4
161042,3
161044,3
161046,4
161048,5
161050,4
161052,2
161054,1
161056,3
161058,4
161060,2
161062,4
161064,4
161066,4
161068,3
161070,3
161072,4
161074,3
161076,4
161078,3
161080,3
161082,2
161084,5
161086,4
161088,3
161090,4
161092,4
161094,4
161096,4
161098,4
161100,5
161103,3
161105,4
161107,5
161109,5
161111,4
161113,4
161115,4
161117,3
161119,6
161121,3
161123,1
161127,2
161129,5
161131,0
161133,4
161135,5
161137,4
161139,3
161141,4
161143,4
161145,5
161147,4
161149,5
161151,4
161153,3
161155,3
161157,4
161159,4
161161,5
161163,4
161165,4
161167,4
161169,4
161171,3
161173,1
161175,3
161177,4
161179,2
161181,5
161185,3
161187,4
161190,4
161192,3
161194,5
161198,4
161200,4
161202,4
161204,2
161206,3
161208,5
161210,1
161212,4
161214,4
161216,6
161218,1
161222,4
161224,2
161226,3
161230,4
161232,1
161234,3
161236,4
161238,4
161240,0
161242,4
161244,1
161246,3
161248,4
161250,4
161252,4
161254,4
161256,4
161258,3
161260,5
161262,2
161264,1
161266,1
161268,3
161270,3
161272,4
161274,3
161276,4
161278,4
161280,4
161282,4
161284,2
161286,3
161288,3
161290,3
161292,4
161294,4
161296,3
161298,5
161300,4
161302,3
161304,3
161306,3
161308,4
161310,4
161312,3
161316,2
161318,4
161324,4
161326,3
161328,4
161330,5
161332,5
161334,5
161336,5
161338,4
161340,4
161342,4
161344,4
161346,4
161348,3
161350,1
161352,4
161354,6
161356,3
161358,2
161360,5
161362,5
161364,3
161366,4
161368,4
161370,4
161372,3
161374,2
161376,4
161378,4
161380,1
161382,4
161384,2
161386,3
161388,3
161392,3
161394,2
161396,2
161398,6
161402,3
161404,3
161406,3
161408,3
161412,4
161418,4
161420,3
161422,3
161424,2
161426,2
161428,4
161430,2
161432,3
161434,2
161436,2
161438,2
161440,3
161442,4
161444,3
161446,3
161448,3
161450,3
161452,4
161456,3
161458,6
161464,2
161466,4
161468,4
161470,4
161474,4
161476,3
161480,4
161482,4
161484,2
161486,2
161490,4
161492,4
161496,4
161500,4
161502,6
161504,6
161506,4
161508,4
161512,4
161514,4
161516,4
161520,4
161524,4
161526,4
161528,4
161530,3
161534,3
161536,3
161538,4
161542,4
161544,3
161546,4
161548,2
161550,3
161552,3
161554,4
161556,3
161558,4
161560,2
161562,3
161564,3
161568,4
161570,4
161572,4
161578,4
161580,0
161582,2
161584,4
161586,4
161588,3
161590,3
161592,3
161594,6
161596,4
161598,4
161600,4
161602,4
161604,4
161606,4
161608,3
161610,4
161612,4
161614,4
161616,3
161618,4
161620,3
161622,4
161624,4
161626,4
161628,1
161630,4
161632,5
161634,3
161636,4
161638,1
161640,4
161642,4
161644,4
161646,4
161648,4
161650,3
161652,2
161654,4
161656,5
161658,3
161660,4
161662,6
161666,4
161668,5
161670,4
161672,4
161674,3
161676,4
161678,3
161680,2
161682,3
161684,3
161686,3
161688,2
161690,2
161692,3
161694,4
161696,4
161698,2
161700,4
161702,2
161704,4
161706,4
161708,4
161710,4
161712,4
161714,3
161716,4
161718,4
161720,4
161722,4
161724,4
161726,4
161730,2
161732,5
161734,4
161736,3
161738,6
161742,3
161746,4
161748,4
161752,4
161754,4
161756,4
161758,4
161762,6
161766,4
161768,4
161770,4
161772,4
161774,4
161776,3
161778,5
161780,1
161782,3
161784,3
161786,6
161788,4
161790,4
161792,4
161794,6
161796,6
161798,6
161800,4
161802,6
161804,4
161806,4
161808,4
161810,6
161812,6
161814,6
161816,6
161818,6
161820,6
161822,6
161824,4
161826,6
161828,3
161830,3
161832,4
161834,5
161836,3
161838,4
161840,4
161842,4
161844,1
161846,1
161848,4
161850,5
161852,0
161854,4
161856,1
161858,4
161860,1
161862,1
161864,1
161866,1
161868,4
161872,4
161876,4
161878,1
161880,1
161882,2
161884,1
161888,3
161892,4
161894,4
161896,4
161898,4
161900,4
161902,3
161904,4
161906,4
161908,4
161912,3
161914,4
161916,5
161918,3
161920,4
161922,0
161924,5
161926,3
161928,6
161930,5
161932,5
161934,4
161936,3
161938,4
161940,2
161942,6
161944,4
161948,4
161950,5
161952,4
161954,1
161956,3
161958,4
161960,5
161962,6
161964,5
161966,3
161968,4
161970,4
161972,4
161974,3
161976,4
161978,4
161980,4
161984,4
161986,5
161988,3
161990,3
161992,4
161994,2
161998,5
162000,5
162002,3
162004,3
162006,4
162008,6
162010,5
162012,4
162022,4
162026,4
162028,4
162030,4
162032,3
162036,1
162038,2
162040,1
162042,4
162044,4
162046,2
162050,4
162052,4
162054,3
162056,1
162058,3
162060,4
162062,4
162064,4
162066,3
162070,6
162072,1
162074,3
162076,4
162078,4
162080,2
162082,3
162084,2
162086,2
162088,2
162090,2
162092,2
162094,3
162096,4
162098,2
162100,2
162102,2
162104,4
162106,2
162108,2
162110,2
162112,2
162114,4
162116,1
162118,4
162120,2
162126,4
162128,2
162130,2
162132,2
162134,6
162136,2
162138,1
162144,2
162146,4
162148,3
162150,3
162152,4
162154,4
162156,4
162158,3
162160,3
162162,3
162164,4
162166,4
162168,2
162170,3
162172,3
162174,4
162180,1
162188,4
162190,4
162192,5
162194,4
162196,4
162198,4
162200,5
162202,0
162204,4
162206,4
162208,3
162210,4
162212,4
162214,4
162216,5
162218,4
162220,4
162222,4
162224,5
162226,4
162228,4
162230,4
162232,4
162234,4
162236,4
162238,4
162240,4
162242,4
162244,2
162246,4
162248,2
162250,4
162252,2
162254,4
162256,3
162258,4
162260,2
162262,3
162264,3
162266,3
162268,4
162270,3
162272,2
162274,3
162276,3
162278,3
162280,2
162282,2
162284,2
162286,4
162288,4
162290,4
162292,2
162294,4
162296,2
162298,4
162300,3
162302,3
162304,4
162306,4
162308,4
162310,3
162312,3
162314,4
162316,3
162318,4
162320,4
162322,2
162324,3
162326,4
162328,4
162330,4
162332,4
162334,5
162336,4
162338,4
162340,4
162342,4
162344,4
162346,3
162348,3
162350,1
162352,4
162354,4
162356,1
162358,3
162360,4
162362,3
162364,4
162366,4
162368,5
162372,5
162374,4
162378,4
162380,4
162382,4
162384,1
162386,1
162388,1
162390,4
162392,1
162394,6
162396,3
162398,4
162400,4
162402,3
162404,4
162406,5
162408,4
162410,4
162412,4
162414,0
162416,6
162418,2
162420,4
162422,4
162424,4
162426,4
162428,5
162430,3
162432,2
162434,3
162436,3
162438,3
162442,3
162444,1
162446,4
162448,6
162450,3
162452,5
162454,5
162456,4
162458,5
162460,3
162462,6
162464,1
162466,4
162468,4
162470,6
162472,5
162474,4
162476,5
162478,2
162480,3
162482,2
162484,3
162486,4
162488,4
162492,3
162494,1
162496,3
162498,2
162500,1
162502,4
162504,4
162510,2
162512,4
162514,4
162516,4
162518,4
162520,4
162522,4
162524,4
162528,4
162530,3
162532,4
162534,2
162536,3
162538,3
162540,4
162542,4
162544,3
162546,5
162548,4
162550,4
162552,1
162554,4
162556,4
162558,4
162560,4
162562,4
162564,4
162566,4
162568,4
162570,4
162572,5
162574,4
162576,3
162578,6
162580,4
162582,4
162584,5
162586,4
162588,3
162590,4
162592,0
162594,3
162596,4
162598,0
162600,0
162602,3
162604,4
162606,2
162608,4
162610,3
162612,5
162614,4
162616,4
162618,3
162620,4
162622,2
162624,4
162626,3
162628,3
162630,4
162632,4
162634,4
162636,4
162638,4
162640,4
162642,4
162644,4
162646,4
162648,3
162650,2
162652,4
162654,3
162656,4
162658,3
162660,3
162662,5
162664,4
162666,2
162668,4
162670,3
162672,4
162674,4
162676,1
162678,5
162680,4
162682,5
162684,3
162688,2
162690,4
162692,2
162694,4
162698,4
162700,4
162702,4
162704,3
162708,2
162710,4
162712,3
162714,4
162716,6
162718,6
162720,4
162722,4
162724,4
162726,4
162728,1
162730,2
162732,4
162734,2
162736,4
162738,0
162740,4
162742,4
162744,4
162746,4
162748,5
162752,4
162754,4
162758,4
162760,4
162762,4
162764,5
162766,4
162768,4
162770,4
162774,5
162776,3
162778,4
162780,3
162782,2
162784,4
162786,4
162788,4
162792,4
162794,4
162796,4
162798,4
162800,3
162802,4
162806,4
162808,4
162810,4
162812,4
162814,4
162816,4
162818,4
162820,6
162822,6
162824,4
162826,4
162828,2
162830,4
162832,4
162834,4
162836,4
162838,4
162842,4
162844,3
162846,3
162848,3
162850,4
162852,3
162854,4
162856,4
162858,4
162860,4
162862,4
162864,4
162866,4
162868,4
162870,4
162872,4
162874,5
162876,4
162878,4
162880,4
162882,3
162884,5
162886,4
162888,4
162890,4
162892,4
162896,4
162898,4
162900,4
162912,4
162914,4
162916,4
162918,4
162922,4
162924,4
162926,5
162928,4
162930,4
162932,4
162934,4
162936,4
162938,4
162940,4
162942,4
162944,4
162946,3
162948,4
162950,2
162952,4
162954,2
162956,2
162958,6
162960,1
162962,3
162964,5
162968,6
162970,6
162972,6
162974,6
162976,6
162978,6
162980,4
162982,6
162984,4
162986,4
162988,6
162990,6
162992,4
162994,4
162996,3
162998,5
163000,4
163002,4
163004,4
163006,4
163008,4
163010,4
163012,4
163014,4
163016,4
163018,5
163020,4
163022,4
163024,4
163026,4
163028,3
163030,4
163032,4
163034,4
163036,5
163038,4
163040,4
163042,4
163044,4
163046,4
163048,3
163050,5
163052,4
163054,4
163056,3
163058,4
163060,3
163062,1
163064,3
163066,6
163068,3
163070,4
163072,6
163076,4
163078,4
163080,4
163084,1
163086,4
163088,3
163092,4
163094,4
163096,4
163098,3
163100,4
163102,3
163104,4
163106,6
163108,4
163110,1
163112,6
163116,2
163118,4
163120,4
163122,3
163124,5
163126,5
163128,4
163130,4
163132,3
163134,6
163136,6
163138,4
163140,6
163142,4
163144,5
163146,4
163148,4
163150,3
163152,4
163154,6
163156,4
163158,4
163160,4
163162,4
163164,4
163166,4
163168,4
163170,6
163172,1
163174,3
163176,4
163178,1
163180,2
163184,4
163188,4
163190,5
163194,6
163196,3
163198,1
163200,1
163202,5
163204,4
163206,3
163208,3
163210,4
163212,4
163214,3
163216,3
163218,4
163220,4
163222,4
163224,1
163228,4
163230,4
163232,4
163234,4
163236,4
163238,4
163240,4
163242,4
163244,4
163246,4
163250,4
163252,4
163254,4
163256,2
163258,2
163260,2
163262,2
163264,2
163266,2
163268,2
163270,2
163272,2
163274,3
163278,4
163280,4
163284,1
163286,6
163288,4
163290,4
163292,2
163294,4
163296,3
163298,4
163300,3
163302,4
163304,4
163306,4
163308,4
163310,5
163312,4
163314,5
163316,4
163318,4
163320,4
163322,4
163324,4
163326,4
163328,4
163332,4
163334,4
163336,4
163338,4
163344,4
163350,4
163352,4
163354,4
163356,4
163358,4
163360,4
163362,4
163364,4
163366,4
163368,4
163370,4
163372,4
163374,4
163376,4
163378,4
163380,2
163382,4
163384,4
163386,6
163388,6
163390,5
163392,4
163396,5
163398,4
163400,4
163402,4
163404,4
163408,4
163410,4
163412,4
163414,2
163418,4
163420,4
163422,4
163424,4
163426,4
163428,4
163430,4
163432,4
163436,4
163438,4
163440,4
163444,4
163446,4
163448,4
163450,2
163452,4
163454,4
163456,3
163458,4
163460,4
163462,3
163464,3
163466,4
163468,4
163470,2
163472,3
163474,2
163476,6
163478,3
163480,4
163482,4
163484,4
163486,4
163488,3
163490,4
163492,3
163494,4
163496,4
163498,4
163502,4
163504,4
163506,4
163508,0
163510,4
163512,4
163514,3
163517,4
163519,6
163521,4
163523,4
163525,4
163527,4
163529,4
163531,4
163533,5
163535,3
163537,4
163539,4
163541,1
163543,1
163545,3
163547,4
163549,4
163551,3
163553,2
163555,5
163557,4
163559,4
163561,3
163563,5
163565,4
163567,4
163569,3
163571,2
163573,3
163576,5
163583,4
163585,4
163587,4
163589,4
163591,4
163593,4
163595,4
163597,4
163599,4
163601,4
163603,4
163605,4
163607,4
163609,5
163611,5
163613,4
163615,5
163617,4
163619,3
163621,2
163623,2
163625,4
163627,3
163629,4
163631,4
163633,3
163635,5
163637,4
163639,6
163641,3
163643,4
163645,1
163647,3
163649,3
163651,3
163653,4
163655,4
163659,4
163661,4
163663,4
163665,4
163667,4
163669,4
163671,4
163673,3
163675,4
163677,4
163679,5
163681,3
163683,4
163685,5
163687,3
163689,5
163691,5
163693,4
163695,6
163697,4
163699,4
163701,3
163703,4
163705,4
163707,3
163709,4
163711,2
163713,2
163715,2
163717,4
163719,4
163721,2
163723,4
163725,4
163731,2
163733,4
163739,4
163741,4
163745,4
163747,4
163749,3
163751,4
163755,4
163757,3
163759,4
163761,6
163763,6
163765,6
163767,6
163769,4
163771,5
163773,5
163775,3
163777,4
163779,4
163781,4
163783,4
163785,4
163787,6
163789,5
163791,4
163793,3
163795,4
163797,4
163799,5
163801,4
163803,4
163805,4
163807,4
163809,6
163811,4
163813,4
163815,4
163817,3
163819,1
163821,4
163823,4
163825,4
163829,4
163835,2
163837,4
163839,4
163841,1
163843,4
163845,4
163847,2
163849,1
163851,2
163853,4
163855,4
163857,4
163859,3
163861,2
163863,3
163865,4
163867,2
163871,2
163873,3
163875,4
163879,4
163881,4
163883,5
163885,4
163887,2
163891,4
163893,2
163895,3
163897,4
163901,1
163903,2
163905,4
163907,4
163909,0
163911,1
163913,4
163915,4
163917,4
163921,2
163923,4
163925,6
163927,4
163929,2
163931,1
163933,2
163935,4
163937,3
163939,3
163941,4
163943,5
163945,3
163947,5
163949,5
163951,3
163953,5
163955,4
163957,4
163959,0
163961,3
163963,4
163965,4
163967,4
163969,4
163971,0
163973,3
163975,4
163977,4
163979,1
163981,3
163983,4
163985,3
163987,4
163989,5
163991,5
163993,4
163995,6
163997,6
163999,3
164001,4
164003,3
164005,6
164007,3
164009,4
164011,4
164013,4
164015,2
164017,3
164019,5
164021,4
164023,4
164025,4
164027,4
164029,3
164031,1
164033,3
164035,3
164037,4
164039,5
164041,3
164043,4
164045,4
164047,6
164049,6
164051,4
164053,4
164055,4
164057,4
164061,4
164063,4
164065,4
164067,4
164069,4
164071,4
164073,4
164075,5
164077,3
164079,4
164081,5
164083,4
164085,4
164087,4
164089,4
164091,4
164093,6
164095,2
164099,4
164101,5
164103,3
164105,4
164107,5
164109,4
164111,4
164113,5
164115,3
164117,4
164119,3
164121,2
164123,3
164125,3
164127,3
164129,4
164131,6
164133,4
164135,4
164137,4
164139,4
164141,4
164143,3
164145,2
164147,5
164149,4
164151,2
164153,4
164157,2
164159,4
164161,4
164163,6
164165,4
164167,3
164169,4
164171,4
164173,3
164175,3
164177,3
164179,0
164181,4
164183,3
164185,3
164187,4
164189,5
164191,5
164194,4
164196,4
164198,6
164200,6
164202,3
164204,4
164206,5
164208,3
164210,3
164214,3
164216,3
164218,3
164220,5
164222,4
164224,4
164226,3
164228,0
164230,3
164232,4
164234,3
164236,4
164238,4
164240,4
164242,4
164244,4
164246,3
164248,4
164250,4
164252,4
164254,2
164256,4
164258,0
164260,0
164262,5
164264,5
164266,4
164268,4
164270,2
164272,3
164274,4
164276,4
164278,5
164280,4
164282,4
164284,4
164286,4
164288,3
164292,4
164296,3
164298,4
164300,4
164302,4
164304,4
164306,4
164308,4
164310,3
164312,4
164314,3
164316,3
164318,4
164320,4
164322,4
164324,2
164326,3
164328,4
164330,4
164332,4
164336,3
164338,3
164340,3
164342,4
164344,4
164348,3
164350,4
164352,3
164354,3
164356,4
164358,4
164363,2
164365,4
164367,3
164369,4
164371,6
164373,3
164375,4
164377,2
164379,4
164381,2
164383,4
164387,2
164389,2
164391,4
164393,4
164395,3
164397,1
164399,2
164401,4
164403,3
164405,3
164407,2
164409,3
164411,6
164413,3
164415,3
164417,2
164421,4
164423,3
164425,1
164427,4
164431,4
164433,4
164435,3
164437,4
164439,4
164441,4
164443,4
164445,4
164447,3
164449,6
164451,5
164453,3
164455,4
164461,4
164463,4
164467,4
164469,4
164471,2
164473,2
164477,4
164481,4
164483,4
164485,2
164493,3
164495,6
164497,4
164499,4
164501,4
164503,4
164505,3
164507,4
164509,4
164511,4
164513,5
164515,4
164518,4
164520,4
164522,4
164524,4
164526,4
164528,4
164530,4
164532,3
164534,2
164536,3
164538,5
164540,5
164542,4
164544,4
164546,4
164548,4
164550,4
164552,4
164554,4
164556,4
164564,4
164566,3
164568,3
164572,4
164574,4
164576,3
164578,3
164580,3
164582,2
164584,3
164586,4
164588,4
164590,4
164592,4
164594,4
164596,4
164598,5
164600,2
164602,4
164604,3
164606,3
164608,4
164610,4
164612,3
164614,6
164616,3
164618,4
164620,4
164622,5
164624,4
164627,4
164629,4
164631,6
164633,6
164635,3
164637,4
164639,4
164641,5
164643,4
164645,4
164647,4
164649,2
164651,4
164653,4
164655,5
164657,4
164659,6
164661,4
164663,6
164667,3
164669,4
164671,3
164673,5
164675,4
164677,4
164679,4
164681,2
164683,4
164685,3
164687,5
164689,2
164691,4
164693,5
164695,3
164697,5
164699,5
164701,4
164703,5
164705,4
164707,4
164709,4
164711,4
164713,4
164715,4
164717,4
164719,4
164721,4
164723,2
164725,4
164727,4
164729,4
164731,4
164733,4
164735,4
164737,4
164739,3
164741,4
164743,4
164745,4
164747,4
164749,6
164751,4
164753,4
164755,4
164757,4
164759,4
164761,4
164763,1
164765,4
164767,6
164769,4
164771,4
164773,5
164775,4
164777,4
164779,6
164781,4
164783,4
164785,4
164787,4
164789,4
164791,4
164793,4
164795,4
164797,4
164799,2
164801,4
164803,4
164805,4
164807,4
164809,4
164813,4
164815,4
164817,4
164819,4
164821,0
164823,5
164825,6
164827,3
164829,4
164831,3
164833,4
164835,4
164837,4
164839,4
164841,4
164843,1
164845,4
164847,4
164849,1
164851,6
164853,4
164855,4
164857,4
164859,6
164861,4
164863,4
164865,4
164867,4
164869,4
164871,4
164873,4
164875,4
164877,3
164879,3
164881,3
164887,3
164889,4
164893,5
164895,6
164897,4
164899,0
164901,4
164903,4
164905,5
164907,4
164909,0
164911,3
164913,3
164915,4
164917,5
164919,4
164921,4
164923,6
164927,4
164929,6
164931,3
164933,3
164935,0
164937,4
164939,2
164941,6
164943,4
164945,4
164947,2
164949,0
164951,4
164953,2
164955,4
164957,6
164959,6
164961,4
164963,4
164965,4
164967,3
164969,3
164971,4
164973,4
164975,4
164977,4
164981,0
164983,3
164985,4
164987,4
164989,4
164991,1
164993,4
164997,3
164999,2
165001,3
165003,5
165005,4
165007,4
165009,3
165011,2
165013,3
165015,4
165017,4
165019,1
165021,4
165023,3
165025,3
165027,4
165029,3
165031,4
165033,4
165035,4
165037,4
165039,3
165041,3
165045,4
165047,4
165049,4
165051,2
165053,4
165055,5
165057,4
165059,5
165061,4
165063,4
165065,3
165067,4
165069,5
165071,4
165073,4
165075,4
165077,5
165079,5
165081,3
165083,4
165085,6
165087,1
165089,4
165091,3
165093,4
165095,3
165097,4
165099,3
165101,3
165103,4
165105,3
165107,1
165109,4
165111,4
165113,4
165115,4
165117,5
165119,4
165121,4
165123,4
165125,3
165127,3
165129,4
165131,4
165133,4
165137,4
165139,0
165141,6
165143,4
165145,5
165147,5
165149,5
165151,3
165153,6
165155,4
165157,3
165159,5
165161,4
165163,5
165165,4
165167,1
165169,5
165171,3
165173,3
165175,2
165177,4
165179,4
165181,4
165183,4
165185,3
165187,3
165189,3
165191,2
165193,4
165195,4
165197,4
165199,4
165201,2
165203,4
165205,3
165207,1
165211,3
165215,4
165217,4
165219,3
165221,6
165223,4
165225,4
165227,2
165229,5
165231,4
165233,6
165235,4
165237,4
165239,5
165241,3
165243,2
165247,4
165249,4
165251,4
165253,4
165259,4
165265,2
165267,4
165269,5
165271,6
165273,4
165275,4
165279,1
165281,4
165283,4
165285,4
165287,4
165289,4
165291,4
165293,4
165295,4
165297,4
165299,4
165301,4
165303,4
165305,4
165307,4
165309,4
165311,4
165313,4
165315,4
165317,4
165319,4
165321,4
165323,4
165325,4
165327,4
165329,3
165331,5
165333,4
165335,3
165337,4
165339,5
165341,4
165343,3
165345,5
165347,3
165349,2
165351,5
165353,1
165355,3
165357,4
165359,4
165361,3
165363,4
165365,3
165367,6
165369,1
165371,4
165373,4
165375,4
165377,3
165379,4
165381,4
165383,4
165385,4
165387,4
165389,4
165391,4
165393,4
165395,4
165397,6
165399,4
165401,4
165403,4
165405,6
165407,3
165409,2
165411,4
165413,0
165415,4
165417,4
165419,4
165421,5
165423,4
165425,1
165427,3
165429,1
165431,4
165433,1
165435,2
165437,6
165439,4
165441,4
165443,3
165445,2
165447,4
165449,4
165451,4
165453,4
165455,1
165457,6
165459,4
165461,4
165463,4
165465,4
165467,4
165469,4
165473,5
165481,4
165483,4
165485,3
165487,3
165489,4
165491,5
165493,4
165495,2
165497,4
165499,4
165501,6
165503,0
165505,3
165507,3
165509,4
165511,4
165519,4
165523,4
165525,2
165527,5
165529,4
165531,3
165533,6
165535,3
165537,3
165539,5
165541,3
165543,2
165545,3
165547,5
165549,0
165551,0
165553,4
165555,4
165557,4
165559,4
165563,4
165565,4
165567,4
165569,3
165571,5
165573,5
165575,4
165577,4
165579,1
165581,3
165583,4
165585,4
165587,4
165589,3
165591,4
165593,4
165595,4
165597,4
165599,4
165601,3
165603,3
165605,6
165609,2
165611,3
165613,4
165615,5
165617,4
165619,4
165621,3
165623,4
165625,4
165627,3
165629,6
165631,2
165633,4
165635,3
165637,6
165639,0
165641,0
165643,0
165645,4
165647,3
165649,4
165651,3
165653,5
165655,3
165661,3
165663,1
165665,4
165667,3
165669,4
165671,5
165673,4
165675,3
165677,4
165679,4
165681,4
165683,4
165685,5
165687,5
165689,3
165691,5
165693,5
165695,5
165699,3
165701,3
165703,4
165707,4
165709,4
165711,5
165713,4
165715,4
165717,5
165719,4
165721,3
165723,4
165725,4
165727,3
165729,6
165731,5
165733,4
165735,4
165737,4
165739,4
165741,4
165743,6
165745,4
165747,4
165749,6
165751,4
165753,5
165755,0
165757,6
165759,2
165761,4
165763,4
165765,4
165767,4
165769,3
165771,1
165773,4
165775,4
165777,4
165779,1
165781,4
165783,4
165787,1
165789,4
165791,4
165793,4
165797,5
165799,4
165801,0
165803,4
165805,6
165807,3
165809,1
165811,4
165813,4
165815,2
165817,4
165819,4
165821,5
165823,5
165825,4
165827,5
165829,4
165831,3
165833,4
165835,5
165837,5
165839,5
165841,5
165843,5
165845,4
165847,5
165849,5
165851,5
165853,4
165855,4
165857,1
165859,3
165861,4
165863,5
165865,5
165867,5
165869,4
165871,3
165873,5
165875,3
165877,6
165879,3
165881,5
165883,2
165885,3
165887,4
165889,4
165891,3
165893,4
165895,4
165897,4
165899,5
165901,4
165903,4
165905,2
165907,2
165909,2
165911,2
165913,2
165915,2
165917,4
165919,3
165923,3
165925,4
165927,6
165929,6
165931,6
165933,5
165935,4
165937,0
165939,4
165941,6
165945,4
165947,4
165949,4
165951,4
165953,3
165957,4
165959,6
165961,6
165963,6
165965,4
165967,4
165969,5
165971,4
165973,1
165977,4
165979,1
165981,3
165983,1
165985,1
165987,1
165989,4
165995,2
165997,1
166001,1
166005,1
166007,5
166009,4
166011,2
166013,6
166015,4
166018,4
166020,2
166022,5
166024,0
166026,4
166028,5
166030,4
166034,4
166036,4
166038,4
166040,4
166042,6
166044,3
166046,4
166048,4
166050,4
166052,4
166054,4
166056,3
166060,4
166062,4
166064,1
166066,1
166068,6
166070,4
166072,4
166074,4
166076,4
166126,3
166128,2
166130,4
166136,2
166138,4
166140,4
166143,1
166145,5
166147,4
166149,4
166151,4
166153,0
166155,4
166157,4
166159,4
166161,4
166163,2
166165,3
166167,4
166169,2
166171,3
166173,4
166175,4
166177,4
166179,4
166181,4
166183,6
166185,4
166187,3
166189,4
166191,4
166193,6
166195,4
166197,4
166199,4
166201,4
166203,6
166205,2
166207,4
166209,6
166211,6
166213,4
166215,4
166217,4
166219,4
166221,6
166223,6
166225,4
166227,4
166229,6
166231,6
166233,2
166235,3
166237,1
166239,6
166241,3
166243,4
166245,4
166247,4
166249,4
166251,3
166253,2
166255,4
166257,4
166259,5
166263,4
166265,3
166267,4
166269,4
166273,4
166275,4
166277,4
166279,4
166281,3
166283,4
166285,3
166287,3
166289,4
166291,6
166293,4
166295,6
166297,6
166299,6
166301,2
166303,6
166306,3
166310,4
166312,4
166316,5
166318,2
166320,5
166322,5
166324,5
166326,3
166328,5
166330,4
166332,2
166334,4
166336,4
166338,4
166340,2
166342,4
166344,4
166346,4
166348,4
166369,5
166371,5
166373,5
166375,4
166379,4
166381,4
166383,4
166385,4
166387,4
166389,3
166391,4
166393,5
166395,4
166397,4
166399,4
166401,6
166403,4
166405,4
166407,4
166409,5
166411,4
166413,3
166415,4
166417,4
166419,4
166421,4
166423,2
166425,4
166429,4
166433,4
166437,5
166441,3
166443,4
166445,4
166447,4
166449,4
166451,2
166453,4
166455,6
166457,3
166459,3
166461,6
166463,5
166465,5
166467,2
166472,4
166474,4
166476,3
166478,3
166480,3
166482,3
166484,5
166486,0
166488,4
166490,5
166492,4
166494,3
166496,4
166498,4
166500,3
166502,4
166504,4
166506,4
166508,4
166510,4
166512,5
166514,4
166516,3
166518,5
166520,4
166522,4
166524,3
166526,3
166528,3
166530,3
166532,4
166534,3
166536,4
166538,5
166540,4
166542,5
166544,3
166546,4
166548,4
166550,3
166552,1
166554,4
166556,6
166558,3
166560,3
166562,4
166564,4
166566,2
166568,3
166570,5
166572,3
166574,4
166576,4
166578,4
166580,4
166583,3
166587,4
166589,3
166591,4
166593,4
166595,4
166597,4
166599,2
166601,2
166603,3
166605,3
166607,3
166609,3
166611,4
166613,3
166615,6
166617,4
166619,4
166621,4
166623,4
166625,5
166627,5
166629,4
166631,3
166633,4
166635,3
166637,5
166639,4
166641,4
166643,0
166645,4
166647,4
166649,4
166651,4
166653,4
166655,3
166657,3
166659,4
166663,3
166665,4
166667,3
166669,4
166671,4
166673,4
166675,2
166677,4
166679,3
166685,4
166687,4
166695,5
166697,4
166699,5
166701,4
166703,4
166705,0
166707,5
166709,4
166711,4
166715,4
166717,1
166719,4
166721,4
166723,4
166725,4
166727,6
166729,4
166731,3
166733,4
166735,4
166737,4
166739,4
166741,5
166743,5
166745,4
166747,2
166749,6
166753,4
166755,2
166757,4
166759,3
166761,6
166763,6
166765,6
166767,6
166769,4
166771,3
166773,4
166775,4
166777,3
166779,3
166782,3
166786,4
166788,0
166790,4
166792,2
166794,2
166796,5
166798,2
166800,4
166802,6
166804,4
166806,4
166810,4
166812,4
166814,4
166816,4
166818,4
166820,4
166822,2
166824,4
166826,4
166828,4
166830,5
166832,4
166834,2
166836,5
166838,4
166840,4
166842,4
166844,4
166846,4
166848,3
166850,4
166852,4
166854,4
166856,4
166858,4
166860,4
166862,4
166864,5
166866,4
166868,4
166870,5
166872,4
166874,3
166876,4
166878,4
166880,5
166882,5
166884,5
166886,5
166888,5
166890,5
166892,4
166894,4
166896,4
166898,4
166900,4
166902,4
166904,4
166906,4
166908,4
166910,5
166912,4
166916,1
166918,3
166920,6
166922,4
166924,5
166926,4
166930,4
166932,4
166934,4
166936,3
166938,4
166940,0
166942,4
166944,4
166946,0
166948,2
166950,3
166952,3
166954,5
166956,4
166958,0
166960,5
166962,6
166964,6
166966,3
166968,3
166972,6
166974,3
166976,4
166978,4
166982,4
166984,4
166986,3
166988,4
166990,4
166992,4
166994,2
166996,4
166998,4
167000,4
167002,4
167004,2
167006,4
167008,2
167010,3
167012,3
167014,4
167016,2
167018,0
167020,4
167022,4
167024,4
167026,4
167028,4
167030,4
167032,5
167034,5
167036,6
167038,4
167040,2
167042,4
167044,4
167046,4
167048,4
167050,6
167052,4
167054,4
167056,2
167058,4
167060,4
167062,3
167064,5
167066,4
167068,3
167070,3
167072,4
167074,3
167076,6
167078,4
167080,4
167082,3
167084,3
167086,4
167088,4
167090,4
167094,2
167096,2
167098,4
167102,4
167104,4
167106,5
167110,5
167112,4
167114,4
167116,4
167118,3
167122,0
167124,4
167126,6
167128,4
167130,3
167132,4
167134,4
167136,4
167138,3
167140,4
167142,4
167144,4
167146,4
167148,4
167150,4
167152,3
167154,4
167156,3
167158,5
167160,5
167162,1
167164,4
167166,4
167168,4
167170,4
167172,4
167174,3
167176,3
167178,3
167180,3
167182,4
167184,3
167186,3
167188,4
167190,4
167194,4
167196,4
167198,5
167200,4
167202,4
167204,5
167206,2
167210,3
167212,1
167214,2
167222,1
167224,1
167228,1
167230,1
167234,3
167236,4
167238,4
167240,3
167242,4
167244,4
167246,1
167248,4
167250,4
167252,5
167254,3
167256,4
167258,4
167260,4
167262,4
167264,2
167266,4
167268,3
167272,4
167274,4
167276,6
167278,6
167280,4
167282,3
167284,4
167286,4
167288,4
167290,3
167294,4
167296,4
167300,4
167302,4
167304,4
167306,4
167308,4
167310,3
167316,3
167318,4
167320,3
167322,5
167324,1
167326,4
167328,4
167330,3
167334,4
167336,5
167338,4
167340,4
167342,4
167344,5
167348,4
167350,2
167352,4
167354,2
167356,4
167358,5
167360,5
167362,2
167364,4
167366,1
167368,5
167370,3
167372,4
167374,4
167376,4
167378,4
167380,4
167382,1
167384,4
167388,4
167390,4
167392,0
167394,5
167398,4
167400,4
167402,3
167404,4
167406,4
167410,4
167412,3
167414,5
167416,2
167418,4
167420,4
167422,3
167424,4
167426,4
167428,2
167430,4
167432,5
167434,4
167436,4
167438,4
167440,6
167442,4
167444,4
167446,2
167448,3
167450,1
167454,4
167456,4
167458,4
167460,4
167462,4
167464,4
167466,4
167468,4
167470,5
167472,1
167474,4
167476,4
167478,3
167480,5
167482,4
167484,4
167486,4
167488,3
167490,5
167492,5
167494,6
167496,4
167498,4
167500,5
167502,5
167504,4
167506,4
167508,5
167510,4
167512,5
167514,5
167516,4
167518,4
167520,5
167522,4
167524,4
167526,4
167528,5
167530,4
167532,4
167534,4
167536,4
167538,3
167540,4
167542,4
167544,3
167546,4
167548,3
167550,4
167552,4
167554,5
167556,4
167558,4
167560,4
167562,5
167564,0
167566,3
167568,4
167570,0
167572,4
167574,4
167576,1
167578,4
167580,6
167582,6
167584,6
167586,4
167592,4
167594,4
167596,2
167598,4
167600,4
167602,4
167604,4
167606,4
167608,4
167610,4
167612,4
167614,4
167616,3
167618,4
167620,6
167622,4
167626,4
167628,4
167630,4
167632,4
167634,0
167636,6
167638,3
167640,3
167642,5
167644,6
167646,2
167648,4
167650,2
167652,4
167654,3
167656,4
167658,5
167660,5
167662,3
167664,4
167666,2
167668,2
167670,2
167672,3
167674,4
167676,3
167678,5
167680,4
167682,2
167684,4
167686,4
167688,4
167690,4
167696,0
167698,3
167700,6
167702,4
167704,4
167706,5
167708,5
167710,2
167712,4
167714,1
167716,4
167718,4
167720,2
167722,4
167724,4
167726,6
167728,4
167730,4
167732,4
167734,3
167736,1
167738,3
167740,3
167742,5
167744,3
167746,6
167748,4
167752,5
167754,3
167756,5
167758,4
167760,6
167762,6
167764,6
167766,5
167768,5
167770,4
167772,6
167774,6
167776,4
167778,4
167780,6
167782,4
167784,4
167786,3
167788,4
167790,4
167792,6
167794,4
167796,4
167798,4
167800,4
167802,5
167804,3
167806,4
167808,5
167810,2
167812,4
167814,4
167816,2
167818,5
167820,3
167822,4
167824,4
167826,3
167828,4
167830,4
167832,3
167834,5
167836,2
167838,3
167840,4
167842,3
167844,4
167848,1
167850,6
167852,3
167854,4
167856,5
167858,2
167860,2
167862,4
167864,4
167866,4
167868,3
167870,5
167872,1
167874,4
167876,3
167878,3
167880,4
167882,1
167884,1
167886,4
167888,2
167890,3
167892,3
167894,4
167896,3
167898,2
167902,3
167904,1
167906,1
167910,4
167912,4
167914,2
167918,1
167924,4
167926,3
167930,4
167932,3
167934,3
167936,2
167938,4
167940,2
167942,3
167944,2
167946,4
167948,3
167950,3
167952,3
167954,4
167956,5
167958,5
167960,4
167962,5
167964,4
167966,4
167968,4
167970,6
167972,6
167974,4
167976,4
167978,5
167980,2
167982,3
167984,4
167986,3
167988,4
167990,4
167992,5
167994,3
167996,4
167998,4
168000,4
168002,4
168004,4
168006,6
168008,4
168010,4
168012,4
168014,4
168016,6
168018,6
168020,4
168022,4
168024,4
168026,3
168028,4
168030,4
168032,4
168034,4
168036,4
168038,4
168040,3
168042,4
168044,4
168046,4
168048,4
168050,4
168052,4
168054,4
168056,4
168058,1
168060,3
168062,3
168064,3
168066,2
168068,4
168070,5
168072,4
168074,3
168076,4
168078,4
168080,4
168082,6
168084,4
168086,4
168088,4
168090,6
168092,2
168094,4
168096,3
168098,4
168104,4
168106,4
168108,3
168110,2
168112,4
168114,2
168116,4
168118,4
168120,4
168122,0
168124,4
168126,3
168128,3
168130,3
168132,4
168134,4
168136,4
168138,4
168140,6
168142,6
168144,4
168146,4
168148,4
168150,6
168152,4
168154,3
168156,4
168158,4
168160,4
168162,4
168164,4
168166,4
168168,4
168170,4
168172,4
168174,4
168178,5
168180,4
168182,1
168184,4
168186,4
168188,4
168192,4
168194,4
168198,3
168202,4
168204,4
168206,4
168208,4
168210,4
168212,4
168214,2
168216,3
168218,6
168222,4
168224,4
168226,4
168228,4
168230,2
168232,4
168234,5
168236,4
168238,4
168240,3
168242,2
168244,2
168246,3
168248,2
168250,0
168252,3
168254,3
168256,3
168260,6
168262,2
168264,4
168266,2
168268,4
168270,6
168272,5
168274,3
168276,5
168278,3
168280,3
168282,5
168284,2
168286,3
168288,3
168290,4
168292,4
168294,6
168296,4
168298,4
168300,4
168302,4
168304,4
168306,0
168308,4
168310,4
168312,4
168314,3
168316,4
168318,4
168320,4
168322,3
168324,4
168326,0
168328,0
168330,2
168332,5
168334,4
168336,6
168338,4
168340,4
168342,4
168344,3
168346,5
168348,3
168350,4
168352,3
168354,4
168356,4
168358,3
168360,3
168362,2
168364,4
168366,0
168368,4
168370,4
168372,4
168374,1
168376,3
168378,4
168380,4
168382,3
168386,4
168388,4
168390,4
168392,4
168394,4
168396,4
168398,4
168400,2
168402,4
168404,4
168406,4
168408,3
168410,5
168412,4
168414,4
168418,0
168420,6
168422,3
168424,4
168426,5
168428,4
168430,3
168432,4
168434,4
168436,4
168438,4
168440,4
168442,4
168444,3
168446,4
168448,4
168450,5
168452,4
168454,3
168456,3
168458,4
168460,4
168462,3
168464,4
168466,4
168468,4
168470,4
168472,4
168474,5
168476,5
168478,5
168482,4
168484,4
168486,4
168488,3
168490,5
168492,0
168494,4
168498,3
168500,4
168502,4
168504,6
168506,6
168508,4
168510,4
168518,4
168522,2
168524,4
168526,4
168528,4
168530,4
168532,4
168534,6
168536,6
168538,4
168540,3
168542,4
168546,4
168550,2
168552,3
168554,3
168556,4
168558,4
168560,4
168562,4
168564,5
168566,4
168568,4
168572,4
168574,3
168576,4
168578,4
168580,4
168582,3
168584,4
168586,4
168588,3
168594,4
168596,4
168598,4
168602,4
168604,4
168606,4
168608,0
168610,0
168612,3
168614,3
168616,2
168618,3
168620,3
168622,3
168624,5
168626,3
168628,1
168630,4
168632,4
168634,4
168636,3
168638,6
168640,2
168642,4
168644,5
168646,4
168648,4
168650,4
168652,3
168654,4
168656,4
168658,3
168660,4
168664,5
168666,4
168668,4
168670,4
168672,4
168674,4
168676,4
168678,4
168680,4
168682,4
168684,6
168686,4
168688,4
168690,6
168692,3
168694,4
168696,2
168698,4
168700,4
168702,6
168704,4
168706,4
168708,1
168710,3
168712,0
168714,4
168716,4
168718,4
168720,3
168722,3
168724,4
168726,6
168728,4
168732,2
168734,4
168736,5
168738,3
168740,4
168742,3
168744,4
168746,4
168748,6
168750,6
168752,4
168754,4
168756,4
168758,4
168760,4
168762,4
168764,3
168766,2
168768,4
168770,4
168772,3
168774,3
168776,3
168778,4
168780,3
168782,3
168784,3
168786,4
168788,4
168790,4
168792,4
168794,3
168796,4
168798,4
168800,4
168804,4
168806,0
168808,5
168810,4
168812,4
168814,2
168816,4
168818,4
168820,3
168822,4
168824,6
168826,4
168828,4
168830,4
168832,3
168834,4
168836,4
168838,3
168842,3
168844,4
168846,4
168850,1
168852,4
168854,4
168856,4
168858,4
168860,4
168862,4
168864,4
168866,3
168868,4
168870,6
168874,1
168880,3
168884,3
168886,4
168888,4
168890,4
168892,4
168894,3
168896,4
168898,4
168900,4
168902,2
168904,3
168906,4
168908,4
168910,4
168912,4
168914,4
168916,2
168918,5
168920,1
168922,4
168924,4
168926,5
168928,4
168930,3
168932,4
168934,4
168936,5
168938,1
168940,4
168942,3
168944,3
168946,4
168948,4
168950,4
168952,4
168954,5
168956,5
168958,5
168960,5
168962,3
168964,1
168966,4
168968,4
168972,4
168974,4
168978,4
168980,4
168982,5
168984,4
168986,3
168988,4
168994,4
168996,4
168998,5
169000,6
169002,6
169004,4
169006,4
169008,3
169010,3
169012,4
169014,4
169016,4
169018,4
169020,4
169022,6
169024,4
169026,4
169028,3
169030,4
169032,3
169034,4
169036,5
169038,4
169040,5
169042,4
169044,4
169046,5
169048,5
169050,4
169052,4
169054,5
169056,5
169058,5
169060,5
169062,3
169064,5
169066,4
169068,5
169070,4
169072,5
169074,1
169082,4
169086,5
169088,3
169090,3
169092,6
169094,3
169096,4
169098,3
169100,4
169102,6
169104,4
169106,4
169110,3
169112,4
169114,4
169116,4
169118,4
169120,4
169122,4
169124,4
169126,4
169128,4
169130,4
169132,4
169134,4
169136,4
169138,4
169140,4
169142,4
169144,4
169146,4
169148,4
169150,4
169152,4
169154,4
169156,4
169158,4
169160,4
169162,3
169164,4
169166,0
169168,0
169170,4
169172,4
169174,4
169176,5
169178,4
169180,3
169182,4
169184,3
169186,6
169188,4
169190,3
169192,4
169194,2
169196,4
169198,4
169200,5
169202,5
169204,4
169206,4
169208,4
169210,4
169212,4
169214,4
169216,4
169218,0
169220,4
169222,4
169224,3
169226,4
169228,4
169230,4
169232,4
169234,6
169236,4
169238,4
169240,4
169242,4
169244,4
169246,1
169248,3
169250,4
169252,6
169254,4
169256,4
169258,4
169260,5
169262,6
169264,4
169266,4
169268,3
169270,4
169274,4
169276,4
169278,4
169280,4
169282,3
169284,5
169286,1
169288,3
169290,3
169292,3
169294,5
169296,3
169298,2
169300,3
169302,4
169304,4
169306,4
169308,4
169310,4
169312,4
169314,4
169316,4
169318,4
169320,4
169322,4
169324,4
169326,4
169328,4
169330,4
169332,4
169334,4
169336,4
169338,4
169340,4
169342,4
169344,4
169346,4
169348,4
169350,4
169352,4
169354,4
169356,4
169358,4
169360,4
169362,4
169364,4
169366,4
169368,4
169370,4
169372,4
169374,4
169376,4
169378,4
169380,4
169382,4
169384,4
169386,4
169388,2
169390,4
169392,3
169394,6
169396,4
169398,3
169400,6
169402,4
169404,2
169406,4
169408,6
169410,4
169414,4
169416,3
169418,4
169420,4
169422,1
169424,5
169426,4
169428,4
169430,4
169432,4
169434,5
169436,4
169438,3
169440,3
169442,3
169444,3
169446,4
169448,4
169450,4
169452,3
169454,2
169456,3
169458,4
169460,3
169462,3
169464,3
169466,4
169468,2
169470,4
169472,4
169474,5
169476,4
169478,4
169480,4
169482,4
169484,4
169486,3
169488,5
169490,4
169492,3
169494,4
169496,4
169498,5
169500,4
169502,6
169504,4
169506,6
169508,6
169510,6
169512,6
169514,6
169516,6
169518,5
169520,6
169522,6
169524,6
169526,6
169528,6
169530,4
169532,4
169534,4
169536,4
169538,4
169540,4
169542,4
169544,4
169546,4
169548,4
169550,4
169552,4
169554,4
169556,4
169558,4
169560,4
169562,4
169564,4
169566,4
169568,4
169570,4
169572,4
169574,4
169576,4
169578,4
169580,4
169582,4
169584,4
169586,4
169588,4
169590,4
169592,4
169594,4
169596,4
169598,4
169600,4
169602,4
169604,4
169606,4
169608,4
169610,4
169612,4
169614,4
169616,3
169618,4
169620,4
169622,4
169624,4
169626,4
169628,4
169630,4
169632,4
169634,4
169636,5
169638,4
169640,4
169642,4
169644,4
169646,4
169648,4
169650,4
169652,4
169654,0
169656,4
169658,3
169660,3
169662,4
169664,2
169666,3
169668,5
169670,3
169672,6
169674,4
169678,4
169682,4
169684,4
169686,5
169688,3
169690,4
169692,4
169694,5
169696,4
169698,4
169700,5
169706,1
169708,4
169710,2
169714,4
169716,3
169718,3
169720,3
169722,3
169724,4
169726,3
169732,4
169736,3
169738,3
169740,4
169742,3
169744,3
169746,3
169748,3
169750,3
169752,4
169754,4
169756,1
169758,1
169760,3
169762,4
169764,3
169766,4
169768,4
169770,4
169772,4
169774,6
169776,4
169778,3
169780,3
169782,2
169784,5
169786,4
169788,5
169790,4
169792,4
169794,3
169796,4
169798,4
169800,3
169802,4
169804,4
169806,2
169808,3
169810,5
169812,4
169814,3
169816,3
169818,4
169820,4
169822,4
169824,4
169826,5
169828,3
169830,5
169832,4
169834,0
169836,4
169838,4
169840,4
169842,4
169844,4
169846,6
169848,4
169850,3
169852,5
169854,4
169858,5
169860,5
169862,4
169864,3
169866,3
169868,4
169870,5
169872,4
169874,4
169876,4
169878,3
169880,3
169882,4
169884,2
169886,3
169888,2
169890,4
169892,3
169894,3
169896,3
169898,5
169900,3
169902,3
169904,3
169906,2
169908,4
169910,4
169912,4
169914,4
169916,4
169918,4
169920,4
169922,4
169924,4
169926,4
169928,4
169930,4
169932,4
169934,4
169936,4
169938,4
169940,5
169942,4
169944,4
169948,4
169950,4
169952,4
169954,5
169956,5
169958,3
169960,3
169962,3
169964,4
169966,2
169968,3
169970,3
169972,4
169974,4
169976,4
169978,4
169980,4
169982,3
169984,3
169986,4
169988,4
169990,4
169992,2
169994,4
169996,4
169998,3
170000,3
170006,5
170008,4
170010,4
170012,5
170014,5
170016,5
170018,4
170020,4
170022,5
170024,5
170026,4
170028,4
170030,4
170032,3
170036,4
170040,4
170042,4
170044,3
170046,4
170048,4
170050,3
170054,4
170056,4
170058,4
170060,4
170062,4
170064,4
170066,5
170068,4
170070,4
170103,3
170105,4
170107,4
170109,4
170111,4
170113,4
170115,4
170117,4
170119,3
170121,2
170123,4
170125,6
170127,6
170129,3
170133,4
170137,4
170141,4
170143,4
170145,4
170149,2
170151,4
170153,3
170155,2
170157,2
170159,5
170161,2
170163,4
170165,4
170167,4
170169,2
170171,4
170173,3
170183,3
170185,3
170191,3
170193,4
170195,3
170197,4
170199,1
170201,4
170203,3
170205,3
170207,4
170209,4
170211,2
170213,6
170215,3
170217,4
170221,2
170223,3
170225,3
170227,2
170229,4
170231,4
170233,5
170235,2
170237,2
170239,1
170241,5
170245,4
170247,2
170251,2
170253,3
170255,5
170257,5
170259,6
170261,4
170263,4
170265,3
170267,4
170269,4
170271,3
170273,3
170275,4
170277,6
170279,3
170281,3
170283,3
170285,6
170287,3
170289,3
170291,3
170293,6
170295,4
170297,6
170299,4
170301,4
170303,3
170305,4
170307,4
170309,3
170311,4
170313,1
170315,3
170317,4
170319,6
170321,4
170323,3
170325,4
170327,4
170329,5
170331,4
170333,4
170335,3
170337,4
170339,2
170341,4
170343,4
170345,4
170347,1
170349,5
170351,4
170353,4
170355,0
170357,4
170359,5
170361,4
170363,4
170365,3
170367,4
170369,3
170371,3
170377,5
170379,5
170381,3
170383,4
170385,4
170389,4
170391,3
170393,4
170395,1
170397,3
170399,3
170401,0
170403,4
170405,0
170407,0
170409,3
170411,4
170413,3
170415,2
170417,1
170419,4
170421,2
170423,0
170425,4
170427,4
170429,5
170431,4
170433,3
170435,4
170437,4
170439,4
170441,5
170443,5
170445,4
170447,2
170449,5
170451,4
170453,4
170455,1
170457,2
170459,3
170461,4
170463,4
170465,4
170467,4
170469,2
170471,2
170473,5
170475,4
170477,3
170479,0
170481,2
170483,5
170485,4
170487,3
170489,3
170491,4
170493,5
170495,4
170497,5
170499,3
170501,1
170503,4
170505,4
170507,4
170509,0
170511,4
170513,4
170515,4
170517,4
170519,4
170521,4
170523,4
170525,4
170527,4
170529,4
170531,3
170533,4
170535,4
170537,4
170539,4
170541,5
170543,4
170545,4
170549,3
170551,4
170553,3
170555,3
170557,3
170559,2
170561,3
170563,4
170565,4
170567,4
170569,3
170571,4
170573,2
170575,3
170577,4
170579,4
170581,4
170583,3
170585,3
170587,3
170589,2
170591,0
170593,4
170595,4
170597,6
170599,4
170601,4
170603,4
170605,3
170607,5
170609,4
170611,6
170613,1
170615,6
170617,4
170619,4
170621,4
170623,3
170625,4
170627,6
170629,3
170631,4
170633,4
170635,6
170637,4
170639,6
170641,4
170643,3
170645,3
170647,3
170649,4
170651,4
170653,4
170655,3
170657,4
170659,2
170661,3
170663,1
170665,4
170667,4
170669,5
170671,4
170673,6
170675,0
170679,2
170681,4
170683,4
170685,3
170687,3
170689,5
170691,3
170693,3
170695,3
170697,0
170699,3
170701,5
170703,4
170705,1
170707,1
170709,6
170711,5
170715,4
170717,4
170719,4
170721,4
170723,3
170725,4
170727,3
170729,4
170731,4
170733,3
170735,5
170737,4
170739,4
170741,4
170743,3
170745,0
170747,4
170749,4
170751,3
170753,3
170755,2
170757,4
170761,4
170763,4
170765,4
170767,5
170771,2
170773,4
170775,4
170777,6
170779,4
170781,4
170783,4
170785,6
170787,0
170789,4
170791,5
170793,4
170795,4
170797,6
170799,2
170801,3
170803,3
170805,4
170807,3
170809,4
170811,4
170813,3
170815,3
170817,0
170819,3
170821,4
170823,4
170825,4
170827,3
170829,4
170831,4
170833,3
170835,3
170837,6
170839,4
170841,3
170843,5
170845,6
170847,4
170849,4
170851,6
170853,4
170855,4
170857,3
170859,1
170861,2
170863,4
170865,5
170867,4
170869,5
170871,3
170873,6
170875,2
170877,4
170879,3
170881,5
170885,4
170887,2
170889,4
170891,3
170893,3
170895,4
170897,4
170899,4
170901,2
170903,6
170905,4
170907,5
170909,4
170911,4
170913,3
170915,4
170917,3
170919,3
170921,4
170923,4
170925,3
170927,4
170929,4
170931,4
170933,4
170935,4
170937,4
170939,6
170941,4
170943,0
170945,3
170947,1
170949,0
170951,4
170955,2
170957,6
170959,4
170961,6
170963,3
170965,2
170967,4
170969,4
170971,5
170973,3
170975,2
170977,2
170979,4
170981,4
170983,6
170985,3
170987,3
170989,4
170991,4
170993,2
170995,6
170997,4
170999,6
171001,6
171003,4
171005,4
171007,3
171009,4
171011,5
171013,6
171015,4
171017,4
171019,4
171021,6
171023,4
171025,5
171027,4
171031,5
171033,4
171035,5
171037,5
171039,3
171041,3
171043,4
171045,4
171047,5
171049,3
171051,4
171055,2
171057,4
171059,4
171061,4
171063,4
171065,4
171067,6
171069,3
171071,6
171073,1
171075,4
171077,4
171079,4
171083,4
171085,3
171087,4
171089,3
171091,4
171093,4
171095,4
171097,3
171101,3
171103,4
171105,4
171107,3
171109,3
171111,4
171113,4
171115,4
171117,5
171121,4
171123,4
171127,4
171129,4
171131,5
171133,3
171137,5
171139,2
171141,4
171143,6
171145,6
171147,6
171149,4
171151,4
171153,4
171155,3
171157,3
171159,3
171161,6
171163,4
171165,2
171167,5
171169,5
171171,5
171173,5
171175,5
171177,5
171179,5
171181,5
171183,4
171185,4
171187,5
171189,4
171191,4
171193,3
171195,4
171197,4
171199,4
171201,4
171203,3
171205,4
171207,3
171209,4
171211,5
171213,3
171215,4
171217,4
171219,3
171221,2
171223,5
171225,3
171227,4
171229,4
171231,4
171233,4
171235,3
171237,3
171239,4
171241,3
171243,2
171245,2
171247,3
171249,2
171251,5
171253,4
171255,5
171257,3
171259,0
171261,4
171263,4
171265,5
171267,4
171269,4
171271,4
171273,4
171275,4
171277,4
171279,4
171281,4
171283,4
171285,4
171287,4
171289,4
171291,4
171293,4
171295,4
171297,4
171299,4
171301,4
171303,4
171305,3
171307,3
171309,4
171311,3
171313,4
171315,1
171317,4
171319,4
171321,5
171323,4
171325,3
171327,5
171329,2
171331,4
171333,4
171335,5
171337,3
171339,3
171341,1
171345,5
171347,3
171349,4
171351,4
171353,3
171355,5
171357,5
171359,5
171361,4
171363,5
171365,3
171367,4
171369,3
171371,4
171373,4
171375,4
171377,4
171379,3
171381,4
171383,4
171385,4
171387,4
171389,4
171391,4
171393,4
171395,4
171397,4
171399,4
171401,4
171403,3
171405,4
171407,4
171409,4
171411,4
171413,4
171415,4
171417,4
171419,4
171421,4
171423,4
171425,4
171427,4
171429,4
171433,4
171435,4
171437,4
171439,3
171441,4
171443,4
171445,5
171447,1
171449,4
171453,4
171455,2
171457,4
171459,4
171461,3
171463,4
171465,3
171467,3
171469,5
171471,4
171473,3
171475,4
171477,4
171479,4
171481,3
171483,4
171485,4
171487,3
171489,4
171491,3
171493,3
171495,0
171497,3
171499,4
171501,3
171503,3
171505,4
171507,5
171509,4
171511,4
171513,3
171515,4
171517,4
171519,4
171521,4
171523,4
171525,3
171527,4
171529,2
171531,4
171533,4
171535,5
171537,5
171539,5
171541,4
171543,3
171545,4
171547,3
171549,4
171551,4
171553,5
171555,4
171557,4
171559,4
171561,4
171563,5
171565,5
171567,4
171569,4
171571,4
171573,4
171575,4
171577,4
171579,3
171581,4
171583,0
171587,3
171589,4
171591,4
171593,4
171595,2
171597,5
171599,3
171601,3
171603,3
171605,3
171607,3
171609,4
171611,1
171613,1
171615,6
171619,4
171621,4
171623,4
171625,3
171627,4
171629,4
171631,4
171633,2
171635,6
171637,4
171639,4
171641,4
171643,5
171645,4
171647,5
171649,4
171651,3
171653,4
171655,5
171657,4
171659,4
171661,4
171663,4
171665,4
171667,5
171669,4
171671,3
171673,5
171675,5
171677,4
171679,5
171681,4
171683,5
171685,4
171687,3
171689,3
171691,4
171693,5
171695,4
171697,3
171701,4
171703,2
171705,4
171707,6
171709,5
171711,3
171713,3
171715,4
171717,2
171719,3
171721,4
171723,3
171725,3
171727,4
171729,4
171731,4
171733,4
171735,4
171737,4
171739,3
171741,4
171743,4
171745,6
171747,4
171749,4
171751,4
171753,4
171755,4
171757,3
171759,1
171761,5
171763,2
171765,3
171767,1
171769,5
171771,4
171773,4
171775,6
171777,4
171779,5
171781,3
171783,4
171785,4
171787,4
171789,4
171791,4
171793,4
171795,4
171797,1
171799,3
171801,3
171803,3
171805,3
171807,3
171809,3
171811,1
171813,4
171815,3
171817,3
171819,2
171821,4
171823,4
171825,4
171827,3
171831,3
171833,6
171835,4
171837,6
171839,6
171841,4
171843,3
171845,4
171847,4
171849,4
171851,2
171853,3
171855,4
171857,4
171859,4
171861,4
171863,4
171865,1
171867,4
171869,3
171871,5
171873,3
171875,3
171877,4
171879,4
171881,4
171883,3
171885,4
171887,3
171889,3
171891,4
171893,3
171895,1
171897,5
171899,0
171901,5
171903,4
171905,4
171907,3
171909,5
171911,3
171913,4
171915,4
171917,2
171919,3
171921,1
171923,3
171925,2
171927,4
171933,4
171935,4
171937,6
171939,6
171941,6
171943,6
171945,6
171947,6
171949,6
171951,6
171953,6
171955,6
171957,6
171959,6
171961,2
171963,4
171965,3
171967,3
171969,3
171971,5
171973,1
171975,4
171977,4
171979,4
171981,4
171983,4
171985,2
171987,4
171989,4
171991,6
171993,4
171995,4
171997,4
171999,3
172001,4
172003,4
172005,4
172007,4
172009,4
172011,3
172013,4
172015,4
172017,1
172019,4
172021,3
172023,4
172025,4
172029,4
172031,4
172033,4
172035,4
172037,3
172039,4
172041,4
172043,4
172045,5
172047,4
172049,4
172051,4
172053,6
172055,4
172057,4
172059,4
172063,5
172065,4
172067,5
172069,4
172071,4
172073,2
172075,5
172077,4
172079,5
172081,4
172083,4
172085,4
172087,4
172089,4
172091,4
172093,1
172095,1
172097,4
172099,4
172101,4
172103,4
172105,4
172107,3
172109,5
172111,2
172113,4
172115,5
172117,4
172119,3
172121,4
172123,2
172125,4
172127,3
172129,2
172131,3
172133,4
172135,4
172137,4
172139,4
172141,3
172143,5
172145,4
172147,4
172149,4
172151,4
172153,5
172155,4
172157,4
172159,4
172161,4
172163,4
172165,3
172167,4
172169,4
172171,4
172173,4
172175,4
172177,4
172179,4
172181,4
172183,4
172185,4
172187,4
172189,4
172191,4
172193,4
172195,4
172197,2
172199,4
172201,4
172203,4
172205,4
172207,4
172209,4
172211,5
172213,4
172215,4
172217,6
172219,4
172221,4
172223,4
172225,4
172227,4
172229,2
172231,4
172233,4
172235,4
172237,4
172239,4
172241,4
172243,4
172245,4
172247,4
172249,4
172251,2
172253,4
172255,5
172257,4
172259,4
172261,4
172263,4
172265,2
172267,4
172269,4
172271,4
172273,3
172275,4
172277,4
172279,4
172281,4
172283,4
172285,4
172287,4
172289,6
172291,4
172293,4
172295,4
172297,4
172299,4
172301,4
172303,4
172305,4
172307,4
172309,4
172311,4
172313,4
172315,6
172317,4
172319,4
172321,4
172323,4
172325,4
172327,4
172329,4
172331,4
172333,3
172335,4
172337,4
172339,4
172341,4
172343,4
172345,3
172347,4
172349,3
172351,4
172353,4
172355,4
172357,6
172359,3
172361,4
172363,4
172365,4
172367,4
172369,4
172371,4
172373,4
172375,4
172377,4
172379,4
172381,4
172383,6
172385,2
172387,2
172389,3
172391,4
172393,2
172395,5
172397,5
172399,1
172403,6
172407,6
172409,6
172411,6
172413,4
172415,3
172417,2
172419,4
172421,4
172423,1
172425,4
172427,4
172429,3
172431,3
172433,3
172435,3
172437,3
172439,1
172441,4
172443,4
172445,2
172447,1
172449,4
172451,4
172455,4
172457,4
172459,3
172461,5
172463,3
172465,4
172467,3
172469,5
172471,4
172473,6
172475,4
172477,5
172479,4
172481,1
172483,3
172485,4
172487,4
172489,4
172491,4
172493,3
172495,6
172497,4
172499,4
172501,4
172503,4
172505,4
172507,3
172509,2
172511,2
172513,4
172515,3
172517,1
172519,4
172521,4
172523,4
172525,3
172527,3
172529,3
172531,5
172533,3
172535,4
172537,3
172539,2
172541,3
172543,3
172545,1
172547,6
172549,4
172551,1
172553,4
172555,4
172557,4
172559,5
172561,4
172563,2
172565,3
172567,4
172569,3
172571,5
172573,6
172575,3
172577,6
172579,4
172581,3
172583,6
172585,6
172587,6
172589,6
172593,4
172595,2
172597,6
172599,4
172601,4
172603,4
172605,3
172607,4
172609,6
172611,4
172613,6
172615,4
172617,4
172619,4
172621,2
172623,4
172625,2
172627,4
172629,4
172631,4
172635,4
172637,6
172639,4
172641,3
172643,3
172645,3
172647,3
172649,4
172651,4
172653,6
172655,3
172657,3
172659,5
172661,3
172663,4
172665,4
172667,3
172669,6
172671,2
172673,5
172675,4
172677,4
172679,4
172681,2
172683,1
172685,2
172687,4
172689,4
172691,3
172693,4
172695,5
172697,4
172699,5
172701,3
172703,1
172705,5
172707,4
172709,3
172711,4
172713,1
172715,4
172717,0
172719,4
172721,4
172723,4
172725,5
172727,3
172729,3
172731,3
172733,4
172735,4
172737,5
172739,4
172741,3
172743,4
172745,2
172747,2
172749,4
172751,3
172753,3
172755,4
172757,4
172759,4
172761,4
172763,3
172765,4
172767,2
172769,1
172771,4
172775,4
172777,3
172779,2
172781,4
172783,4
172785,3
172787,2
172789,4
172791,3
172793,6
172795,6
172797,4
172799,4
172801,4
172803,4
172805,4
172807,4
172809,4
172813,4
172815,4
172817,2
172819,5
172821,4
172823,3
172825,6
172827,6
172829,2
172831,4
172833,4
172835,3
172837,4
172839,3
172841,4
172843,3
172845,4
172847,3
172849,1
172851,5
172853,4
172855,4
172857,4
172859,3
172861,3
172863,4
172865,4
172867,2
172869,1
172871,4
172873,3
172877,6
172879,6
172881,6
172883,3
172885,4
172887,6
172889,6
172891,3
172893,3
172895,4
172897,4
172899,1
172901,4
172903,4
172905,4
172907,4
172909,6
172911,6
172913,3
172915,4
172917,3
172919,3
172921,3
172923,4
172925,2
172927,3
172929,4
172931,4
172933,5
172935,6
172937,3
172941,6
172943,3
172945,6
172949,4
172953,6
172955,6
172957,6
172959,1
172961,3
172965,5
172967,4
172969,4
172971,2
172973,3
172975,2
172977,4
172979,5
172981,0
172983,5
172985,3
172987,3
172989,5
172991,5
172993,3
172995,4
172997,4
172999,3
173001,3
173003,4
173005,3
173007,6
173009,2
173011,3
173013,3
173015,3
173017,3
173019,4
173021,3
173023,3
173025,3
173027,3
173029,3
173031,6
173033,3
173035,3
173037,4
173039,3
173041,6
173043,2
173045,3
173047,3
173049,2
173051,3
173053,4
173055,3
173057,4
173059,3
173061,2
173063,4
173065,2
173067,4
173069,3
173071,4
173073,2
173075,3
173077,4
173079,3
173081,3
173083,3
173085,3
173087,3
173089,3
173091,3
173093,4
173095,3
173097,3
173099,3
173101,3
173103,4
173105,3
173107,3
173109,3
173111,3
173113,3
173115,3
173117,6
173119,4
173121,3
173123,3
173125,3
173127,4
173129,3
173131,3
173133,3
173135,4
173137,3
173139,3
173141,4
173143,2
173145,0
173147,4
173149,4
173151,3
173153,3
173155,4
173157,4
173159,4
173161,3
173163,5
173165,6
173167,4
173169,6
173171,4
173173,4
173175,4
173177,3
173179,4
173181,2
173183,1
173185,4
173187,1
173189,5
173191,4
173193,5
173195,2
173197,0
173199,4
173201,4
173203,3
173205,0
173207,4
173209,1
173211,4
173213,2
173215,4
173217,4
173219,3
173221,4
173223,4
173225,4
173227,4
173229,3
173231,3
173233,5
173235,5
173237,4
173239,4
173241,5
173245,5
173247,4
173249,4
173251,3
173253,4
173255,4
173257,5
173259,4
173261,2
173263,4
173265,5
173267,1
173269,2
173271,6
173273,4
173275,3
173277,4
173281,4
173283,4
173285,5
173287,4
173289,4
173291,3
173293,6
173295,4
173297,6
173299,5
173301,3
173303,5
173305,4
173307,3
173309,3
173311,4
173313,3
173315,5
173317,5
173319,5
173321,4
173323,5
173325,3
173327,3
173329,4
173331,4
173333,4
173335,4
173337,6
173339,4
173341,5
173343,4
173345,6
173347,5
173349,3
173351,6
173353,3
173355,6
173357,3
173359,1
173361,3
173363,5
173365,5
173367,4
173369,3
173371,2
173373,6
173377,4
173379,4
173381,4
173383,4
173387,5
173389,4
173393,4
173395,4
173397,5
173399,4
173401,5
173405,2
173407,4
173409,4
173411,2
173413,5
173415,4
173417,3
173419,3
173421,1
173423,4
173427,5
173429,4
173431,1
173433,6
173435,4
173437,5
173439,4
173441,4
173443,3
173445,4
173447,4
173449,4
173451,4
173453,4
173457,5
173459,5
173461,4
173463,4
173465,4
173467,4
173469,4
173471,4
173473,6
173475,5
173477,4
173479,4
173481,4
173483,3
173485,5
173487,5
173489,6
173491,4
173493,3
173495,4
173497,4
173499,3
173501,5
173503,4
173505,3
173507,3
173509,3
173511,2
173513,3
173515,3
173517,4
173519,2
173521,3
173523,3
173525,4
173527,5
173529,4
173531,3
173533,6
173535,4
173537,3
173539,2
173541,4
173543,3
173545,3
173547,3
173549,4
173551,3
173553,2
173555,3
173557,4
173559,4
173561,4
173563,4
173565,5
173567,4
173569,4
173571,4
173573,4
173575,3
173577,3
173579,4
173581,3
173583,3
173585,4
173587,4
173589,3
173591,6
173593,3
173595,4
173597,3
173599,4
173601,4
173603,4
173605,4
173607,3
173609,6
173611,3
173613,3
173615,3
173617,4
173619,2
173621,4
173623,6
173625,3
173627,1
173629,6
173631,6
173633,3
173635,4
173637,4
173639,4
173641,6
173643,4
173645,2
173647,5
173649,1
173651,4
173653,4
173655,4
173657,4
173659,3
173661,4
173663,4
173665,4
173667,4
173669,4
173671,4
173673,4
173675,4
173677,4
173679,4
173681,4
173683,3
173685,4
173687,4
173689,3
173691,4
173693,2
173695,4
173697,4
173699,3
173701,2
173703,4
173705,4
173707,1
173709,4
173711,5
173713,4
173715,4
173717,4
173719,4
173721,6
173723,4
173725,2
173727,4
173729,5
173731,3
173733,4
173735,5
173737,2
173739,4
173741,3
173743,4
173745,6
173747,4
173749,4
173751,3
173753,2
173755,4
173757,4
173759,1
173761,4
173763,4
173765,2
173767,5
173769,4
173771,5
173773,4
173775,4
173777,4
173779,4
173781,1
173783,4
173785,3
173787,3
173789,4
173791,2
173793,4
173795,4
173797,0
173799,4
173801,4
173803,4
173805,4
173807,4
173809,4
173811,4
173813,6
173815,4
173817,3
173819,4
173821,4
173823,4
173825,1
173827,4
173829,5
173831,3
173833,4
173835,3
173837,4
173839,4
173841,4
173843,2
173845,3
173847,3
173849,4
173851,4
173853,4
173855,6
173857,4
173859,6
173861,4
173863,4
173865,4
173867,4
173869,6
173871,4
173873,6
173875,4
173877,4
173879,3
173881,2
173883,4
173885,4
173887,4
173889,4
173891,6
173893,4
173895,0
173897,2
173899,5
173901,4
173903,5
173905,4
173907,5
173909,5
173911,3
173913,4
173915,5
173917,4
173919,6
173921,3
173923,4
173925,3
173927,5
173929,3
173931,4
173933,6
173935,3
173937,4
173939,4
173941,3
173945,6
173947,6
173949,4
173951,4
173953,4
173955,6
173957,6
173959,4
173961,4
173963,4
173965,4
173967,4
173971,4
173973,4
173975,3
173977,4
173979,3
173981,3
173983,4
173987,4
173989,6
173991,4
173993,6
173995,4
173997,1
173999,3
174001,4
174003,2
174005,4
174007,4
174011,4
174013,4
174015,5
174017,4
174019,5
174021,4
174023,4
174025,6
174027,4
174029,4
174031,0
174033,5
174035,4
174039,4
174041,5
174043,4
174045,4
174047,6
174049,4
174051,4
174055,1
174057,4
174059,5
174061,4
174063,5
174065,4
174067,5
174069,4
174071,4
174073,5
174075,5
174079,5
174081,5
174083,5
174085,6
174087,6
174089,4
174091,6
174093,4
174095,6
174097,4
174099,4
174101,4
174103,5
174105,4
174107,4
174111,3
174113,4
174115,4
174117,4
174119,5
174121,4
174123,4
174125,4
174127,4
174129,4
174131,4
174133,6
174135,4
174137,4
174139,4
174141,0
174143,4
174147,3
174149,4
174151,4
174153,3
174155,6
174157,3
174159,3
174161,6
174163,4
174165,4
174167,6
174169,4
174171,6
174173,4
174175,4
174177,4
174179,3
174181,5
174183,3
174185,4
174187,4
174189,4
174191,6
174193,4
174195,6
174197,4
174199,4
174201,6
174203,4
174205,4
174207,4
174209,4
174211,4
174213,3
174215,4
174219,4
174225,6
174227,5
174229,4
174231,4
174233,5
174235,4
174237,4
174239,4
174241,3
174243,3
174245,4
174247,4
174249,2
174251,6
174253,4
174255,6
174257,5
174261,4
174263,6
174265,4
174267,6
174269,4
174271,4
174273,4
174275,4
174277,4
174279,4
174281,6
174283,4
174285,4
174287,4
174293,4
174295,4
174297,4
174299,4
174303,1
174307,4
174309,4
174311,4
174317,4
174321,4
174327,4
174329,1
174331,4
174339,4
174349,2
174353,4
174357,4
174359,3
174361,4
174363,3
174365,3
174367,4
174369,4
174371,4
174373,5
174375,4
174377,4
174379,4
174381,4
174383,4
174385,4
174389,1
174393,3
174395,3
174397,4
174399,3
174401,4
174403,4
174405,4
174407,5
174409,5
174411,4
174413,4
174415,4
174417,4
174419,4
174423,3
174425,4
174427,3
174429,6
174431,3
174433,4
174435,4
174437,4
174439,5
174441,3
174443,3
174445,3
174447,4
174449,3
174451,4
174453,4
174455,6
174457,2
174459,4
174461,4
174463,5
174465,6
174467,6
174469,1
174471,4
174473,3
174475,3
174477,5
174479,3
174481,5
174483,3
174485,4
174487,6
174489,4
174491,4
174493,6
174495,4
174497,4
174499,4
174501,2
174503,3
174505,3
174507,1
174509,2
174511,4
174513,2
174515,6
174517,4
174519,3
174521,6
174523,4
174525,5
174527,5
174529,6
174531,6
174533,6
174535,6
174537,4
174539,4
174541,6
174543,6
174545,6
174547,6
174549,6
174551,4
174555,4
174557,5
174559,4
174561,4
174563,4
174565,5
174567,4
174569,4
174571,4
174575,4
174577,4
174579,4
174581,3
174583,4
174585,3
174587,4
174589,4
174591,5
174593,3
174595,4
174597,4
174599,4
174601,4
174603,4
174605,4
174607,4
174609,2
174611,4
174613,4
174615,6
174617,6
174619,4
174621,4
174625,4
174627,5
174629,4
174631,5
174633,4
174635,4
174637,2
174639,3
174641,3
174643,5
174645,1
174647,3
174649,4
174651,2
174653,4
174655,5
174657,4
174659,3
174661,1
174663,2
174665,4
174667,4
174669,2
174671,4
174673,4
174675,3
174677,3
174679,4
174681,4
174683,4
174685,4
174687,4
174689,2
174691,4
174693,4
174695,4
174697,3
174701,4
174703,3
174705,3
174707,4
174709,4
174711,4
174713,4
174715,4
174717,4
174719,3
174721,4
174723,3
174725,4
174727,2
174731,4
174735,4
174737,4
174739,4
174741,4
174743,3
174745,2
174749,2
174751,4
174753,5
174755,4
174757,5
174759,5
174761,5
174763,4
174765,6
174767,5
174769,5
174771,4
174773,4
174775,5
174779,5
174783,4
174785,4
174787,4
174789,4
174791,5
174793,3
174795,4
174797,3
174799,4
174801,4
174803,4
174805,5
174807,4
174809,2
174811,3
174813,3
174815,4
174817,4
174819,5
174821,6
174823,5
174825,1
174827,5
174829,6
174831,4
174833,4
174835,4
174837,4
174839,3
174841,4
174843,3
174845,4
174847,4
174849,4
174851,1
174857,3
174859,4
174861,5
174863,4
174865,2
174867,1
174869,4
174871,4
174873,4
174875,2
174877,4
174879,4
174881,4
174883,4
174885,5
174887,4
174889,5
174891,2
174893,3
174895,4
174897,4
174899,4
174901,4
174903,4
174905,3
174907,4
174909,0
174911,5
174913,4
174915,4
174917,5
174919,4
174921,4
174923,4
174925,4
174927,4
174929,4
174931,4
174933,1
174935,4
174937,4
174939,4
174941,4
174943,5
174945,4
174949,4
174951,3
174953,4
174955,4
174957,6
174959,4
174961,2
174963,3
174965,4
174967,4
174969,4
174971,2
174973,4
174975,4
174977,2
174979,2
174983,3
174989,4
174991,3
174993,2
174995,4
174997,4
175001,4
175003,4
175005,4
175009,4
175011,4
175013,4
175019,4
175023,4
175027,5
175029,4
175031,3
175033,3
175035,4
175037,4
175043,3
175045,4
175047,2
175049,3
175051,2
175053,4
175055,4
175057,4
175059,4
175061,2
175063,3
175065,3
175069,4
175071,4
175073,4
175077,4
175079,3
175081,3
175083,4
175085,4
175089,4
175093,4
175095,4
175097,4
175099,4
175101,4
175103,3
175107,4
175109,3
175111,4
175113,4
175115,4
175117,4
175119,4
175121,3
175123,4
175125,4
175127,4
175133,4
175135,4
175137,5
175139,6
175141,5
175143,5
175145,5
175147,5
175149,4
175151,5
175153,5
175155,5
175157,5
175159,5
175161,5
175163,5
175165,5
175167,5
175169,5
175171,5
175173,5
175175,5
175177,5
175179,5
175181,2
175183,4
175187,3
175189,5
175191,4
175193,4
175195,3
175197,3
175199,3
175203,3
175205,4
175207,3
175209,4
175211,2
175213,1
175215,4
175217,6
175219,3
175221,2
175223,5
175227,4
175229,4
175231,6
175233,3
175235,4
175237,6
175239,2
175241,6
175243,3
175245,4
175247,4
175249,3
175251,4
175253,3
175255,4
175257,4
175259,6
175261,6
175263,6
175265,4
175267,4
175269,2
175271,4
175273,3
175275,4
175277,5
175279,3
175281,4
175283,3
175285,5
175287,4
175289,4
175291,3
175293,6
175297,4
175299,4
175301,4
175303,3
175305,5
175307,2
175309,5
175311,4
175313,4
175315,2
175317,4
175319,4
175321,4
175323,4
175325,5
175327,5
175329,4
175331,3
175333,3
175335,4
175337,3
175339,3
175341,3
175343,4
175345,4
175347,3
175349,4
175351,3
175353,4
175355,5
175357,5
175359,5
175361,4
175363,4
175365,4
175367,5
175369,4
175371,6
175373,4
175375,4
175377,4
175379,4
175381,5
175383,4
175385,4
175387,6
175389,4
175391,4
175393,6
175395,4
175397,6
175399,4
175401,6
175403,4
175405,4
175407,6
175409,4
175411,6
175413,4
175415,4
175417,4
175419,4
175421,4
175423,4
175425,4
175427,4
175429,6
175431,6
175433,6
175435,6
175437,4
175439,4
175441,2
175443,4
175445,2
175447,4
175449,6
175451,4
175453,4
175455,4
175457,4
175459,4
175461,4
175463,4
175465,4
175467,6
175469,6
175471,4
175473,4
175475,6
175477,6
175479,6
175481,3
175483,4
175485,4
175487,3
175489,1
175491,1
175493,6
175495,4
175497,4
175499,4
175503,5
175505,2
175507,4
175509,4
175511,4
175513,4
175515,2
175517,4
175519,3
175523,4
175525,4
175527,4
175529,5
175531,4
175533,6
175539,4
175541,2
175543,3
175545,4
175547,4
175549,4
175551,4
175553,3
175555,4
175557,5
175559,4
175561,4
175563,3
175569,2
175571,4
175573,4
175575,4
175577,4
175579,3
175581,6
175583,2
175585,3
175587,6
175589,4
175591,4
175593,4
175595,4
175597,3
175599,4
175601,4
175603,3
175605,4
175609,4
175611,4
175613,4
175615,5
175617,5
175619,5
175621,3
175623,3
175625,6
175627,4
175629,4
175631,4
175633,4
175635,5
175637,4
175639,6
175641,6
175643,3
175647,5
175649,3
175651,3
175653,3
175655,4
175657,4
175659,2
175661,0
175663,5
175665,4
175667,0
175669,4
175671,3
175673,2
175675,5
175677,4
175679,4
175681,4
175683,3
175685,4
175687,3
175689,4
175691,5
175693,2
175695,4
175697,4
175699,5
175701,4
175705,4
175707,5
175709,4
175711,2
175713,4
175715,4
175717,5
175719,4
175721,4
175723,4
175725,5
175727,5
175729,4
175731,4
175733,4
175735,4
175737,4
175739,4
175741,4
175743,4
175745,5
175747,4
175749,4
175751,4
175753,6
175755,3
175757,4
175759,4
175761,4
175763,4
175765,4
175767,6
175769,4
175771,4
175773,4
175775,3
175777,4
175779,3
175781,4
175783,3
175785,4
175787,6
175789,5
175791,5
175793,4
175795,4
175797,6
175799,4
175801,5
175803,6
175805,4
175807,3
175809,3
175811,4
175813,4
175815,4
175817,4
175819,4
175821,5
175823,4
175827,4
175829,4
175831,6
175833,2
175835,6
175837,4
175839,5
175841,3
175843,4
175845,3
175847,3
175849,4
175851,4
175853,4
175855,5
175857,4
175859,4
175861,4
175863,4
175865,4
175867,4
175869,4
175871,3
175873,4
175875,6
175877,4
175879,4
175881,4
175883,4
175885,4
175887,5
175889,4
175891,4
175893,4
175895,3
175897,4
175899,4
175901,6
175903,5
175905,4
175907,4
175909,4
175911,4
175913,6
175915,4
175917,4
175919,6
175921,4
175923,4
175925,6
175927,6
175929,4
175931,4
175933,5
175935,4
175937,4
175939,4
175941,4
175943,5
175945,4
175947,4
175949,4
175951,4
175953,4
175955,3
175957,4
175959,3
175961,4
175963,4
175965,4
175967,4
175969,5
175971,4
175973,1
175975,4
175977,4
175979,2
175981,4
175983,3
175987,4
175989,4
175991,3
175993,4
175995,4
175997,6
175999,4
176001,1
176003,3
176005,3
176007,1
176009,3
176011,5
176013,3
176015,3
176017,5
176019,4
176021,3
176023,3
176025,4
176027,4
176029,4
176031,4
176033,4
176035,6
176037,4
176039,4
176041,3
176043,3
176045,4
176047,4
176049,4
176051,6
176053,3
176055,4
176057,2
176059,4
176061,4
176063,4
176065,4
176067,4
176069,5
176071,4
176073,4
176075,5
176077,3
176079,3
176081,4
176083,2
176085,3
176087,4
176089,6
176091,4
176093,6
176095,5
176099,4
176101,3
176103,6
176105,3
176107,4
176109,4
176111,4
176113,4
176115,4
176117,4
176119,4
176121,3
176123,4
176125,4
176127,4
176129,2
176131,2
176133,2
176135,4
176137,4
176139,4
176141,4
176143,4
176145,4
176147,4
176149,4
176151,2
176153,4
176155,4
176157,4
176159,3
176161,5
176163,4
176165,2
176167,4
176169,5
176171,4
176173,3
176175,4
176177,2
176179,5
176181,4
176183,3
176185,4
176187,4
176189,3
176191,4
176193,5
176195,3
176197,5
176199,5
176201,4
176203,4
176205,3
176207,3
176209,4
176211,6
176213,4
176215,4
176217,4
176219,4
176221,4
176223,6
176225,6
176227,4
176229,4
176231,4
176233,4
176235,6
176237,3
176239,4
176241,1
176243,5
176245,5
176247,4
176249,2
176251,4
176253,4
176255,2
176257,3
176259,3
176261,3
176263,3
176265,2
176267,4
176269,4
176271,4
176273,3
176275,4
176277,2
176279,4
176281,4
176283,5
176287,5
176289,4
176291,4
176293,4
176295,1
176297,3
176299,6
176301,6
176303,5
176305,4
176307,4
176309,4
176311,1
176313,4
176315,3
176317,1
176319,4
176321,4
176323,4
176325,3
176327,4
176329,4
176331,4
176333,4
176335,5
176337,4
176339,2
176341,6
176343,4
176345,6
176347,3
176349,3
176351,4
176353,4
176355,3
176357,4
176359,4
176361,4
176363,4
176365,0
176367,3
176369,5
176371,3
176373,3
176375,4
176379,3
176381,3
176383,3
176385,4
176387,1
176389,6
176391,3
176393,4
176395,4
176397,3
176399,4
176401,4
176403,4
176405,5
176407,3
176409,3
176411,4
176413,4
176415,4
176417,4
176419,3
176421,4
176423,5
176425,4
176427,3
176429,2
176431,2
176435,1
176437,4
176439,4
176441,4
176443,2
176445,5
176447,4
176449,5
176451,5
176453,5
176455,4
176457,1
176459,5
176461,4
176463,5
176465,5
176467,5
176469,5
176471,5
176473,1
176477,4
176479,4
176481,4
176483,3
176485,5
176487,3
176489,4
176491,4
176493,5
176495,5
176497,4
176499,2
176501,4
176503,4
176505,3
176507,4
176509,4
176511,4
176513,4
176515,3
176517,5
176519,4
176521,4
176523,4
176525,5
176527,4
176529,3
176531,4
176533,4
176535,3
176537,5
176539,4
176541,3
176543,5
176545,3
176547,4
176549,4
176551,3
176553,3
176555,4
176557,3
176559,4
176561,2
176563,3
176565,5
176567,3
176569,5
176571,1
176575,3
176577,4
176579,3
176581,2
176583,3
176585,4
176587,3
176589,4
176591,4
176593,4
176595,3
176597,4
176599,4
176601,0
176603,3
176605,4
176607,4
176609,4
176611,5
176613,4
176615,3
176617,6
176619,6
176621,6
176623,4
176625,4
176627,5
176629,2
176631,4
176633,2
176635,4
176637,4
176639,2
176641,4
176643,2
176645,2
176647,4
176649,4
176651,3
176653,6
176655,3
176657,4
176659,4
176661,6
176663,4
176665,4
176669,3
176671,5
176673,3
176675,3
176677,3
176679,1
176681,6
176683,6
176685,4
176687,4
176689,3
176691,4
176693,2
176697,4
176699,4
176701,5
176703,5
176705,5
176707,4
176709,4
176711,4
176713,6
176715,3
176717,6
176719,4
176721,4
176723,3
176725,4
176727,4
176729,4
176731,4
176733,4
176735,4
176737,4
176739,4
176741,4
176743,4
176745,4
176747,4
176749,5
176751,2
176753,4
176755,5
176757,5
176759,6
176761,6
176763,4
176765,3
176767,4
176769,3
176771,3
176773,6
176775,3
176777,4
176779,3
176781,3
176783,5
176785,4
176787,4
176789,4
176791,4
176795,4
176797,4
176799,5
176801,3
176803,3
176805,4
176807,5
176809,4
176811,4
176813,5
176815,4
176817,4
176819,3
176823,4
176825,4
176827,4
176829,3
176841,4
176843,3
176845,4
176847,4
176849,5
176851,4
176853,3
176855,4
176857,4
176859,5
176861,2
176863,4
176865,4
176867,6
176869,4
176873,4
176875,3
176879,4
176881,6
176883,2
176885,4
176887,2
176889,3
176891,4
176893,4
176897,4
176899,4
176901,3
176903,2
176905,4
176907,4
176909,5
176911,4
176915,1
176917,3
176919,4
176921,3
176923,3
176925,4
176927,3
176929,3
176931,6
176933,3
176935,3
176937,3
176939,4
176941,4
176943,0
176945,4
176947,4
176949,0
176951,5
176953,4
176959,4
176961,4
176963,2
176965,4
176967,4
176969,4
176971,1
176973,4
176975,4
176977,4
176979,3
176981,4
176983,4
176987,4
176989,4
176991,5
176993,5
176995,4
176997,6
176999,4
177001,4
177003,4
177005,4
177007,6
177009,4
177011,4
177013,5
177017,4
177019,3
177021,3
177023,4
177025,2
177027,6
177029,4
177031,6
177033,4
177035,4
177037,6
177039,4
177041,4
177043,2
177045,4
177047,3
177049,4
177053,5
177055,3
177057,3
177059,3
177061,4
177063,3
177065,4
177067,4
177069,6
177071,4
177073,3
177075,3
177077,3
177079,4
177081,4
177083,4
177085,2
177087,3
177089,1
177091,6
177093,1
177095,4
177097,4
177099,3
177101,3
177103,3
177105,4
177107,5
177109,4
177111,4
177113,6
177115,3
177117,3
177119,6
177121,4
177123,4
177125,4
177127,2
177129,4
177131,4
177133,1
177135,1
177137,4
177139,2
177141,3
177143,4
177145,2
177147,5
177149,3
177153,4
177155,4
177157,4
177159,5
177161,3
177163,3
177165,3
177167,5
177169,4
177171,4
177173,4
177175,3
177177,5
177179,4
177181,6
177183,5
177185,4
177187,2
177189,5
177191,4
177193,4
177195,4
177197,4
177199,4
177201,4
177203,4
177205,5
177207,4
177209,3
177211,4
177213,3
177215,3
177217,4
177219,6
177223,4
177225,4
177227,3
177229,6
177231,4
177233,4
177235,3
177237,0
177239,4
177241,6
177243,0
177245,4
177247,4
177249,5
177251,4
177253,4
177255,4
177257,3
177259,4
177261,3
177263,4
177265,4
177267,4
177269,2
177271,3
177273,4
177275,3
177277,4
177279,3
177281,4
177283,5
177285,6
177287,0
177289,6
177291,4
177295,4
177297,3
177299,4
177301,5
177303,2
177305,4
177307,4
177309,4
177313,4
177315,5
177317,4
177319,2
177323,4
177325,4
177327,4
177329,4
177331,4
177335,3
177337,4
177339,5
177341,4
177343,1
177345,4
177347,4
177349,4
177351,4
177353,4
177355,4
177357,4
177359,4
177361,4
177365,4
177367,4
177369,6
177371,6
177373,4
177375,4
177377,3
177379,3
177381,4
177383,4
177385,4
177387,4
177389,4
177393,4
177397,4
177399,4
177401,4
177403,4
177405,4
177407,2
177411,4
177413,4
177415,5
177417,4
177419,4
177421,4
177423,4
177425,4
177427,4
177429,4
177431,3
177433,5
177435,4
177437,4
177439,4
177441,2
177443,4
177445,4
177447,4
177449,4
177451,4
177453,4
177455,5
177457,5
177459,4
177461,2
177463,6
177465,4
177467,4
177469,3
177471,3
177473,3
177475,4
177477,4
177479,2
177481,4
177483,4
177485,4
177487,5
177489,4
177491,4
177493,4
177495,5
177497,1
177499,4
177501,2
177503,3
177505,4
177507,4
177511,6
177513,4
177515,3
177517,4
177521,5
177523,4
177527,5
177529,5
177531,4
177533,3
177535,3
177539,3
177541,4
177543,4
177545,4
177547,4
177549,0
177551,4
177553,6
177555,4
177557,3
177559,4
177561,4
177563,4
177565,4
177567,3
177569,3
177571,4
177573,0
177575,4
177577,4
177579,4
177581,4
177583,4
177585,4
177587,4
177589,4
177591,4
177593,2
177595,3
177597,4
177599,4
177601,4
177605,1
177607,3
177609,4
177611,3
177613,3
177615,0
177617,3
177619,1
177621,3
177623,2
177625,5
177627,4
177629,6
177631,4
177635,4
177637,3
177639,3
177641,4
177643,3
177645,3
177647,3
177649,4
177651,0
177653,4
177655,5
177657,1
177659,5
177661,5
177663,4
177665,1
177667,3
177669,3
177671,4
177673,4
177677,4
177679,3
177681,4
177683,2
177685,4
177689,3
177691,3
177693,4
177695,4
177697,4
177699,3
177701,2
177703,1
177705,3
177707,4
177709,5
177711,4
177713,3
177715,4
177717,4
177719,4
177721,3
177723,6
177725,4
177727,5
177729,4
177731,4
177735,1
177737,2
177739,4
177741,5
177743,4
177745,5
177747,2
177749,5
177751,4
177753,5
177755,5
177757,3
177759,4
177761,3
177763,3
177765,6
177767,4
177769,4
177771,2
177773,4
177775,4
177777,4
177779,4
177781,4
177783,4
177785,4
177787,3
177789,5
177791,4
177793,6
177795,3
177797,3
177799,6
177801,4
177803,4
177805,3
177807,4
177809,5
177811,3
177813,2
177815,4
177817,4
177819,4
177821,4
177823,3
177825,3
177827,2
177829,2
177831,3
177833,3
177835,3
177837,4
177839,4
177841,3
177843,4
177845,5
177847,4
177849,6
177851,3
177853,2
177855,5
177857,5
177859,4
177861,4
177863,4
177865,0
177867,4
177869,6
177871,4
177873,4
177875,3
177877,3
177879,4
177881,5
177883,4
177887,3
177889,3
177891,4
177893,3
177895,4
177897,2
177899,3
177901,2
177903,5
177905,4
177907,3
177909,1
177911,1
177913,4
177915,4
177917,4
177919,4
177921,4
177923,3
177925,4
177927,5
177929,3
177931,5
177933,3
177935,3
177937,1
177939,4
177941,4
177943,4
177945,1
177947,4
177949,1
177951,4
177953,3
177955,6
177957,4
177959,4
177961,2
177963,3
177965,3
177967,3
177969,3
177971,4
177973,4
177975,4
177977,4
177979,4
177981,2
177983,3
177985,3
177987,4
177989,2
177991,3
177993,4
177995,1
177999,2
178001,3
178003,2
178007,3
178009,2
178011,3
178013,3
178015,4
178017,3
178019,5
178021,5
178023,4
178025,4
178027,4
178029,3
178031,5
178033,5
178035,4
178037,5
178039,4
178041,5
178043,4
178045,3
178047,3
178049,4
178051,3
178053,4
178055,4
178057,4
178059,4
178061,3
178063,4
178065,4
178067,4
178069,4
178071,3
178073,4
178075,2
178077,4
178079,4
178081,2
178083,3
178085,3
178087,4
178089,4
178091,4
178093,4
178095,4
178097,4
178099,4
178101,4
178103,2
178105,4
178107,5
178109,4
178111,6
178113,2
178115,3
178119,5
178121,5
178123,3
178125,3
178127,4
178129,5
178135,2
178137,4
178147,5
178149,5
178151,3
178153,3
178157,4
178163,4
178167,5
178171,4
178183,4
178185,4
178187,4
178193,5
178195,5
178201,5
178203,5
178205,5
178209,5
178213,1
178217,5
178221,4
178223,4
178225,5
178233,4
178235,4
178239,5
178247,5
178251,4
178255,5
178257,4
178265,5
178267,1
178269,5
178271,4
178279,4
178281,4
178283,4
178285,6
178289,5
178297,4
178299,5
178311,4
178313,4
178315,4
178317,1
178319,3
178321,4
178323,5
178325,4
178327,3
178329,4
178331,4
178333,1
178335,3
178337,4
178339,4
178341,5
178343,2
178345,4
178347,4
178349,4
178351,4
178353,4
178355,4
178357,2
178359,4
178361,4
178363,2
178365,3
178367,4
178369,6
178371,0
178373,4
178375,2
178379,4
178383,4
178385,4
178387,1
178391,5
178393,4
178395,2
178397,3
178401,4
178403,4
178407,3
178409,4
178411,2
178413,4
178415,5
178417,4
178419,4
178421,5
178423,5
178425,4
178429,4
178437,4
178439,4
178445,5
178447,3
178451,4
178453,4
178455,5
178459,4
178461,4
178465,3
178467,5
178469,3
178471,4
178473,5
178475,4
178477,4
178479,4
178481,2
178483,4
178485,4
178487,4
178489,4
178491,4
178493,4
178495,4
178497,4
178499,4
178501,4
178503,4
178505,4
178507,3
178509,4
178511,4
178513,2
178517,3
178519,3
178521,3
178523,2
178525,4
178527,3
178529,3
178531,4
178533,4
178535,5
178537,4
178539,4
178541,4
178543,4
178545,4
178547,2
178549,4
178551,4
178553,2
178555,4
178557,3
178559,2
178561,4
178563,4
178565,4
178567,4
178569,3
178571,4
178573,4
178575,4
178577,5
178579,5
178581,3
178583,4
178585,4
178587,4
178589,5
178591,5
178593,5
178595,4
178597,4
178599,3
178603,4
178605,4
178607,4
178609,4
178611,4
178613,0
178615,4
178617,4
178619,4
178621,4
178623,4
178625,4
178629,4
178633,1
178635,6
178637,4
178639,3
178641,4
178643,2
178645,5
178647,4
178649,4
178651,3
178653,2
178655,3
178657,5
178659,4
178663,5
178665,4
178667,3
178669,4
178671,3
178673,4
178675,3
178679,1
178681,6
178683,6
178685,4
178687,4
178693,5
178695,4
178697,4
178699,4
178701,4
178703,5
178705,4
178707,2
178709,5
178711,4
178713,4
178715,3
178717,4
178719,2
178721,5
178723,3
178725,4
178727,4
178729,6
178731,3
178733,4
178735,4
178737,4
178739,4
178741,4
178743,3
178745,4
178747,4
178749,4
178751,3
178753,4
178755,3
178757,4
178759,3
178761,4
178763,3
178765,3
178767,2
178769,1
178771,2
178773,4
178775,4
178777,1
178779,2
178781,4
178783,6
178785,4
178787,4
178789,4
178791,4
178793,4
178795,4
178797,4
178799,4
178801,4
178803,4
178805,4
178807,3
178815,4
178817,3
178819,4
178821,4
178823,2
178825,4
178827,6
178829,4
178831,1
178833,3
178835,3
178837,5
178839,3
178843,5
178845,5
178847,4
178849,3
178851,3
178853,4
178855,4
178857,3
178859,4
178861,4
178863,2
178865,2
178869,4
178873,3
178875,6
178877,4
178879,4
178881,4
178883,4
178885,4
178887,4
178889,4
178891,4
178893,5
178895,3
178897,4
178899,5
178901,4
178903,4
178905,4
178907,6
178909,5
178911,6
178913,4
178915,4
178917,3
178919,4
178921,4
178923,4
178925,2
178927,5
178929,4
178931,4
178933,4
178935,4
178937,1
178939,4
178941,2
178943,3
178947,4
178949,3
178951,4
178953,4
178955,4
178957,3
178959,3
178961,4
178963,3
178965,3
178967,6
178969,3
178971,3
178973,3
178975,3
178977,4
178979,3
178981,3
178983,4
178985,3
178987,3
178989,4
178991,3
178993,4
178995,5
178997,6
178999,4
179001,5
179003,4
179005,4
179007,4
179009,3
179011,3
179013,3
179015,2
179017,4
179019,4
179021,3
179023,3
179025,4
179027,4
179029,4
179031,4
179033,4
179035,3
179037,3
179039,3
179041,4
179043,4
179045,2
179047,5
179049,4
179051,1
179053,3
179055,3
179057,4
179059,4
179061,3
179063,4
179065,3
179067,4
179069,4
179073,4
179075,3
179077,2
179079,4
179081,4
179083,4
179085,3
179087,5
179089,3
179091,4
179093,4
179095,2
179097,4
179099,3
179101,3
179103,5
179105,4
179107,6
179109,4
179111,4
179113,4
179115,4
179117,4
179119,0
179121,3
179127,5
179129,3
179131,4
179133,6
179135,5
179137,0
179139,3
179143,5
179145,4
179147,4
179149,4
179151,4
179153,6
179155,2
179157,5
179159,2
179161,4
179163,4
179165,5
179167,3
179169,4
179171,4
179173,6
179175,3
179177,2
179179,4
179181,4
179183,4
179185,3
179187,3
179189,4
179191,4
179193,4
179197,4
179199,3
179201,4
179203,6
179205,4
179207,4
179209,2
179211,4
179213,2
179215,4
179217,3
179219,3
179221,2
179223,5
179225,4
179227,4
179231,4
179233,6
179235,4
179237,4
179239,2
179241,3
179243,4
179245,3
179247,3
179249,3
179251,4
179253,4
179255,4
179257,4
179259,3
179261,4
179263,4
179265,6
179267,3
179269,3
179271,4
179273,1
179275,4
179277,3
179279,4
179281,3
179283,2
179285,3
179287,4
179289,3
179291,4
179293,0
179295,2
179297,5
179299,4
179301,4
179303,3
179305,3
179307,4
179309,4
179311,4
179313,3
179315,3
179317,3
179321,4
179325,4
179327,1
179329,4
179331,0
179333,3
179335,4
179337,3
179339,4
179341,4
179343,4
179345,4
179347,4
179349,4
179351,4
179353,5
179355,3
179357,4
179359,2
179361,4
179363,3
179365,4
179367,2
179369,4
179371,4
179373,3
179375,3
179377,3
179379,4
179381,2
179383,4
179385,4
179387,4
179389,4
179391,4
179393,4
179395,3
179397,4
179399,3
179401,6
179403,3
179405,4
179409,3
179411,3
179413,3
179415,3
179417,4
179419,4
179421,2
179423,2
179425,6
179427,4
179429,5
179431,4
179433,6
179435,2
179437,3
179439,4
179441,1
179443,6
179445,4
179447,3
179449,4
179451,4
179453,4
179455,3
179457,5
179461,5
179463,5
179475,5
179477,5
179479,5
179481,5
179483,5
179485,4
179489,5
179491,3
179493,6
179495,3
179497,3
179499,4
179501,4
179503,4
179505,4
179507,4
179509,4
179511,4
179513,6
179515,4
179517,4
179519,4
179521,3
179523,4
179525,4
179527,4
179529,4
179531,4
179533,4
179535,6
179537,4
179539,4
179541,4
179543,4
179545,4
179547,6
179549,6
179551,4
179553,4
179555,4
179557,4
179559,4
179561,4
179563,4
179565,4
179567,4
179569,4
179571,2
179573,4
179575,3
179577,4
179579,2
179581,4
179583,4
179585,4
179587,4
179589,6
179591,4
179593,4
179595,6
179597,4
179599,4
179601,0
179603,4
179605,4
179607,4
179609,4
179611,4
179613,4
179615,4
179617,6
179619,4
179621,4
179623,4
179625,4
179627,6
179629,6
179631,4
179633,4
179635,6
179637,4
179639,6
179641,4
179643,6
179645,4
179647,4
179649,4
179651,3
179653,4
179655,5
179657,5
179659,5
179661,5
179663,5
179665,4
179667,5
179669,2
179671,4
179673,5
179675,4
179677,4
179679,5
179681,2
179683,2
179685,4
179687,3
179689,3
179691,3
179693,6
179695,3
179697,4
179701,5
179703,4
179705,6
179707,5
179709,0
179711,4
179713,4
179715,3
179717,3
179719,4
179721,4
179723,4
179725,4
179727,4
179729,6
179731,4
179733,4
179737,3
179739,3
179741,4
179743,4
179745,3
179747,4
179749,3
179751,4
179753,4
179755,4
179757,3
179759,4
179761,6
179763,4
179765,4
179767,4
179769,4
179771,3
179773,4
179775,1
179779,3
179781,4
179783,3
179785,1
179789,3
179791,4
179793,4
179795,5
179797,5
179799,4
179803,4
179805,4
179807,5
179809,4
179811,4
179813,4
179815,3
179817,1
179819,3
179821,3
179823,4
179825,4
179827,4
179829,5
179831,3
179833,4
179835,4
179837,3
179839,3
179841,5
179843,4
179845,4
179847,4
179849,3
179851,3
179853,4
179855,1
179857,4
179859,3
179861,4
179863,3
179867,3
179869,4
179871,3
179873,4
179875,4
179877,3
179879,2
179881,0
179883,3
179885,5
179889,4
179891,2
179893,4
179895,4
179897,4
179899,2
179901,3
179903,3
179905,1
179907,4
179909,3
179911,3
179913,3
179915,4
179917,4
179919,4
179921,4
179923,4
179925,1
179927,4
179929,4
179931,4
179933,3
179935,4
179937,6
179939,2
179941,0
179943,5
179945,5
179947,6
179949,5
179951,5
179953,4
179955,4
179957,4
179959,6
179961,1
179963,6
179965,6
179967,6
179969,4
179971,4
179973,4
179977,4
179979,6
179981,3
179983,4
179985,5
179987,4
179989,3
179991,3
179993,4
179995,4
179997,6
179999,6
180001,6
180003,4
180005,4
180007,5
180009,4
180013,4
180017,3
180019,3
180021,4
180023,5
180025,3
180027,6
180029,6
180031,0
180033,4
180035,4
180037,3
180039,3
180041,4
180043,4
180045,0
180047,4
180049,4
180051,1
180053,4
180055,3
180057,4
180059,2
180061,3
180063,6
180065,4
180067,5
180069,4
180071,5
180073,4
180075,5
180077,4
180079,4
180081,4
180083,4
180087,3
180089,4
180091,6
180093,3
180095,3
180097,4
180099,6
180101,4
180103,4
180105,4
180107,5
180109,3
180111,6
180113,2
180115,4
180117,4
180119,5
180121,4
180123,4
180125,3
180127,4
180129,4
180131,6
180133,5
180135,4
180137,4
180139,4
180141,4
180143,4
180145,4
180147,4
180149,4
180151,6
180153,4
180155,5
180157,5
180159,2
180161,4
180163,4
180165,6
180167,4
180169,5
180171,4
180173,4
180175,4
180177,4
180179,4
180181,6
180183,4
180185,5
180187,4
180191,4
180193,4
180195,4
180197,4
180199,4
180201,3
180203,4
180205,3
180207,3
180209,6
180211,4
180213,4
180215,4
180217,4
180219,4
180221,5
180223,5
180225,5
180227,4
180229,4
180231,0
180233,4
180235,4
180237,4
180239,4
180241,1
180243,3
180245,3
180247,4
180249,4
180251,3
180253,4
180255,4
180257,3
180259,4
180261,4
180263,3
180265,5
180267,4
180269,4
180273,1
180275,1
180277,1
180279,1
180281,1
180283,4
180285,2
180289,1
180291,3
180293,4
180295,3
180297,0
180299,4
180301,4
180303,1
180305,4
180307,4
180309,3
180311,4
180313,1
180315,3
180317,2
180319,3
180321,3
180323,4
180325,4
180327,4
180331,4
180333,4
180335,4
180337,4
180339,5
180341,3
180343,6
180345,5
180347,3
180351,4
180353,5
180355,4
180357,4
180359,4
180361,4
180363,4
180365,4
180367,3
180369,4
180371,4
180373,5
180377,5
180379,4
180381,4
180383,4
180385,4
180387,4
180389,4
180391,5
180393,3
180395,6
180397,4
180399,4
180401,4
180403,5
180405,5
180407,4
180409,5
180411,3
180413,4
180415,2
180417,3
180419,4
180421,4
180425,1
180427,2
180429,4
180431,3
180435,3
180437,3
180439,4
180441,3
180443,3
180445,3
180447,3
180449,2
180451,3
180453,2
180455,3
180457,4
180461,4
180463,4
180465,3
180467,6
180469,6
180471,5
180473,4
180475,2
180477,4
180479,4
180481,3
180483,5
180485,2
180487,4
180489,5
180491,3
180493,4
180495,4
180497,3
180499,5
180501,4
180503,5
180505,4
180507,4
180511,1
180513,4
180515,4
180517,4
180519,5
180523,4
180525,4
180527,5
180531,4
180533,4
180535,4
180537,6
180539,4
180543,4
180545,4
180547,4
180549,5
180553,4
180555,3
180557,5
180559,4
180561,4
180563,3
180565,5
180567,1
180569,6
180571,4
180573,5
180575,3
180577,4
180579,2
180581,3
180583,4
180585,4
180587,4
180589,5
180591,5
180593,4
180595,4
180597,4
180599,4
180601,4
180603,4
180607,4
180611,4
180615,2
180617,4
180619,4
180621,4
180623,4
180627,4
180629,4
180631,4
180633,2
180635,4
180637,4
180639,4
180641,4
180643,4
180645,4
180647,4
180649,4
180651,5
180653,4
180655,3
180659,4
180663,4
180665,4
180667,4
180669,4
180673,4
180675,3
180677,3
180679,6
180681,3
180683,4
180685,4
180687,4
180689,4
180693,4
180695,4
180697,4
180699,4
180701,4
180707,4
180711,5
180713,4
180715,4
180717,4
180719,4
180723,4
180725,4
180727,4
180729,4
180731,4
180733,4
180735,4
180737,4
180743,4
180745,3
180747,4
180749,4
180753,4
180757,6
180759,4
180763,4
180765,4
180769,4
180771,4
180773,4
180775,4
180777,5
180783,4
180785,4
180787,4
180791,5
180793,4
180795,5
180799,4
180801,4
180803,4
180805,4
180807,4
180811,4
180813,4
180815,4
180817,4
180821,4
180825,5
180827,3
180829,4
180833,3
180835,2
180837,4
180839,3
180841,4
180843,6
180845,4
180847,4
180849,4
180851,4
180853,4
180855,4
180857,4
180859,5
180861,4
180863,4
180865,3
180867,3
180869,3
180871,5
180873,0
180875,4
180877,4
180879,4
180881,4
180883,4
180885,2
180887,4
180889,4
180891,4
180893,4
180895,4
180897,4
180899,2
180901,4
180903,4
180905,4
180907,4
180909,4
180911,4
180913,4
180915,4
180917,4
180919,4
180921,4
180923,4
180927,4
180929,4
180931,4
180933,4
180935,4
180939,4
180941,4
180943,2
180945,4
180947,4
180949,5
180951,4
180953,4
180955,4
180957,5
180959,4
180961,2
180963,4
180965,4
180967,3
180969,3
180971,4
180973,4
180975,4
180977,4
180979,5
180981,5
180983,5
180985,0
180987,6
180989,5
180993,4
180995,4
180997,5
180999,1
181003,4
181007,4
181009,4
181011,4
181013,4
181015,4
181017,4
181019,4
181021,4
181023,5
181025,5
181027,4
181029,4
181031,4
181033,1
181035,4
181037,4
181039,4
181041,2
181043,4
181045,4
181047,2
181049,4
181051,4
181055,4
181057,4
181059,4
181061,4
181063,5
181065,4
181067,2
181069,5
181071,4
181073,6
181075,4
181077,4
181079,4
181081,6
181085,4
181089,4
181091,4
181093,4
181095,4
181097,4
181099,6
181101,4
181103,5
181105,3
181107,3
181111,3
181113,3
181115,2
181117,4
181119,3
181121,5
181123,3
181125,2
181127,4
181131,4
181133,4
181135,4
181137,4
181139,4
181141,5
181143,4
181147,5
181149,4
181151,4
181153,4
181155,5
181157,4
181159,0
181163,4
181169,4
181171,5
181175,1
181179,5
181181,4
181183,4
181187,4
181189,4
181191,4
181193,4
181195,4
181197,4
181201,4
181203,3
181205,2
181207,4
181209,4
181211,5
181213,3
181215,3
181217,6
181219,6
181221,6
181223,5
181225,3
181227,5
181229,3
181231,3
181233,4
181235,6
181239,4
181241,1
181243,4
181245,4
181247,3
181249,3
181251,0
181255,4
181257,4
181259,4
181261,3
181263,4
181265,2
181267,0
181269,4
181271,5
181273,4
181275,4
181277,4
181279,4
181281,4
181283,4
181285,4
181287,4
181289,4
181291,2
181293,4
181295,5
181297,4
181299,4
181301,4
181303,5
181305,4
181307,4
181309,4
181311,6
181313,5
181315,0
181317,4
181319,3
181321,6
181323,4
181325,3
181327,4
181329,4
181331,3
181333,4
181335,4
181337,1
181339,5
181341,2
181343,2
181345,5
181347,5
181349,3
181351,4
181353,1
181355,3
181357,3
181359,4
181361,4
181363,4
181365,4
181367,4
181369,3
181371,2
181373,4
181375,4
181377,4
181379,2
181381,4
181383,4
181385,4
181387,4
181389,4
181391,4
181393,4
181395,4
181397,4
181399,4
181401,4
181403,4
181405,5
181407,4
181409,4
181411,4
181413,4
181415,6
181419,4
181421,4
181423,4
181425,1
181431,4
181433,4
181435,4
181437,5
181439,4
181441,4
181443,6
181445,3
181447,4
181449,4
181451,4
181453,3
181455,1
181459,3
181461,5
181463,4
181465,1
181467,4
181469,3
181473,2
181475,3
181477,4
181479,3
181481,2
181483,4
181485,5
181487,2
181489,4
181491,6
181493,4
181495,6
181497,6
181499,4
181501,4
181503,4
181505,5
181507,4
181509,4
181511,4
181513,4
181515,4
181517,4
181519,3
181521,5
181523,5
181525,5
181527,4
181529,4
181531,3
181533,4
181535,4
181537,2
181539,3
181541,3
181543,4
181545,5
181547,3
181549,4
181551,4
181553,5
181555,4
181559,4
181563,5
181565,3
181567,4
181569,3
181571,3
181573,3
181575,3
181577,5
181579,2
181581,4
181583,5
181585,2
181587,4
181589,5
181591,4
181593,4
181595,4
181597,2
181599,4
181601,6
181603,5
181605,4
181607,5
181609,4
181611,5
181613,4
181617,5
181619,5
181621,4
181623,4
181625,4
181627,3
181629,3
181631,4
181633,4
181635,4
181637,4
181641,4
181643,3
181645,3
181647,4
181649,4
181651,4
181653,3
181655,4
181659,4
181661,3
181663,3
181665,4
181667,4
181669,3
181671,5
181673,4
181675,4
181677,4
181679,4
181681,4
181683,4
181685,4
181687,2
181689,2
181691,4
181693,4
181695,4
181697,4
181699,4
181701,4
181703,4
181705,4
181707,4
181709,4
181711,4
181713,6
181715,4
181719,4
181721,4
181723,3
181725,2
181727,4
181729,3
181731,4
181733,3
181735,3
181737,3
181739,3
181741,2
181743,3
181745,2
181747,4
181749,3
181751,4
181753,5
181755,3
181757,4
181759,4
181761,6
181763,4
181765,5
181767,6
181769,6
181771,6
181773,6
181775,6
181777,6
181779,6
181781,6
181783,6
181785,6
181787,6
181789,6
181791,6
181793,6
181795,6
181797,6
181799,6
181801,6
181803,6
181805,6
181807,6
181809,6
181811,6
181813,6
181815,6
181817,6
181819,6
181821,6
181823,6
181825,6
181827,6
181829,6
181831,6
181833,6
181835,6
181837,6
181839,6
181841,6
181843,6
181845,6
181847,6
181849,6
181851,6
181853,6
181855,4
181857,6
181859,6
181861,6
181863,6
181865,6
181867,6
181869,4
181871,6
181873,6
181875,6
181877,6
181879,6
181881,6
181883,6
181885,6
181887,6
181889,6
181891,6
181893,6
181895,6
181897,6
181899,4
181901,6
181903,6
181905,6
181907,6
181909,6
181911,6
181913,6
181915,6
181917,6
181919,6
181921,6
181923,6
181925,6
181927,6
181929,6
181931,6
181933,4
181935,6
181937,6
181939,6
181941,6
181943,6
181945,6
181947,6
181949,6
181951,6
181953,6
181955,6
181957,6
181959,6
181961,6
181963,6
181965,4
181967,4
181969,4
181971,4
181973,4
181975,4
181977,4
181979,4
181981,4
181983,4
181985,4
181987,4
181989,4
181991,4
181993,6
181995,6
181997,6
181999,6
182001,6
182003,6
182005,6
182007,6
182009,6
182011,6
182013,6
182015,6
182017,6
182019,6
182021,6
182023,6
182025,6
182027,6
182029,6
182031,6
182033,6
182035,6
182037,6
182039,6
182041,6
182043,6
182045,6
182047,6
182049,6
182051,6
182053,6
182055,6
182057,6
182059,6
182061,6
182063,6
182065,6
182067,6
182069,6
182071,6
182073,6
182075,6
182077,6
182079,6
182081,6
182083,5
182085,6
182087,6
182089,6
182091,6
182093,6
182095,6
182097,4
182099,6
182101,6
182103,6
182105,6
182107,6
182109,6
182111,6
182113,6
182115,6
182117,6
182119,6
182121,4
182123,6
182125,6
182127,6
182129,6
182131,6
182133,6
182135,6
182137,6
182139,6
182141,6
182143,6
182145,6
182147,6
182149,6
182151,6
182153,6
182155,6
182157,6
182159,6
182161,6
182163,6
182165,6
182167,6
182169,6
182171,6
182173,6
182175,6
182177,6
182179,6
182181,6
182183,6
182185,6
182187,6
182189,6
182191,6
182193,6
182195,6
182197,6
182199,6
182201,6
182203,6
182205,6
182207,6
182209,6
182211,6
182213,6
182215,6
182217,6
182219,6
182221,6
182223,6
182225,6
182227,6
182229,6
182231,6
182233,6
182235,6
182237,6
182239,6
182241,6
182243,4
182245,6
182247,6
182249,6
182251,6
182253,6
182255,6
182257,6
182259,6
182261,6
182263,6
182265,6
182267,4
182269,6
182271,6
182273,6
182275,4
182277,6
182279,4
182281,6
182283,6
182285,6
182287,6
182289,6
182291,6
182293,6
182295,6
182297,6
182299,6
182301,6
182303,6
182305,6
182307,6
182309,6
182311,4
182313,4
182317,4
182319,4
182323,4
182325,5
182327,4
182329,4
182331,4
182333,4
182335,5
182337,4
182339,3
182341,4
182343,4
182345,2
182347,3
182349,6
182351,4
182353,3
182355,4
182357,2
182359,4
182361,4
182363,4
182365,4
182367,4
182369,1
182371,4
182373,4
182375,3
182377,3
182379,5
182381,4
182383,4
182385,4
182387,4
182389,3
182391,4
182393,3
182395,4
182397,4
182399,4
182401,4
182403,2
182407,4
182409,4
182411,4
182413,4
182415,4
182417,3
182419,4
182421,5
182423,1
182425,5
182427,4
182429,4
182431,4
182433,4
182435,4
182437,4
182439,3
182441,5
182443,4
182445,3
182447,5
182449,3
182451,5
182453,5
182455,4
182457,5
182459,4
182461,4
182463,4
182465,3
182467,4
182469,3
182471,4
182473,4
182475,1
182477,3
182479,6
182481,2
182483,3
182485,4
182487,3
182489,4
182491,4
182493,4
182495,2
182497,4
182501,4
182503,2
182505,4
182507,3
182509,3
182511,4
182513,4
182515,4
182517,4
182523,4
182525,4
182527,5
182529,4
182531,5
182533,4
182535,4
182537,5
182539,6
182541,4
182543,1
182545,4
182547,5
182549,4
182551,4
182553,6
182555,6
182557,6
182559,5
182561,3
182563,3
182565,4
182567,6
182569,4
182573,4
182575,3
182581,3
182585,3
182587,4
182589,4
182591,3
182593,4
182595,4
182597,4
182599,4
182601,4
182605,4
182607,4
182609,4
182611,3
182613,2
182615,4
182617,3
182619,4
182623,4
182625,4
182627,4
182629,4
182631,4
182633,6
182635,4
182637,6
182641,2
182643,6
182645,4
182647,3
182649,3
182651,4
182653,4
182655,4
182657,3
182659,3
182661,4
182663,5
182665,4
182667,4
182669,4
182671,5
182673,4
182675,3
182677,4
182679,4
182681,5
182683,6
182685,4
182687,4
182689,4
182691,3
182693,4
182695,4
182697,3
182699,5
182701,4
182703,2
182705,4
182707,4
182709,4
182711,4
182713,5
182715,3
182717,5
182719,4
182721,4
182723,4
182725,5
182727,0
182729,6
182731,6
182733,4
182735,5
182737,4
182739,5
182741,3
182743,4
182745,3
182747,4
182749,4
182751,4
182753,4
182755,0
182757,3
182759,3
182761,4
182763,1
182765,4
182767,2
182769,3
182771,3
182773,3
182775,2
182777,3
182779,3
182781,4
182783,4
182785,5
182787,4
182789,4
182791,4
182793,4
182795,4
182797,4
182799,4
182801,4
182803,3
182805,5
182811,4
182813,5
182815,4
182817,4
182819,4
182821,6
182823,3
182825,2
182827,4
182829,4
182831,2
182835,3
182837,4
182841,4
182843,4
182845,6
182847,4
182849,4
182851,5
182853,4
182855,3
182857,5
182859,5
182861,4
182863,4
182865,4
182867,3
182869,4
182871,1
182873,4
182875,3
182877,4
182885,4
182887,4
182889,3
182891,2
182893,3
182895,3
182897,4
182899,3
182901,4
182903,1
182905,4
182907,1
182909,4
182911,4
182915,5
182921,3
182923,4
182925,4
182927,3
182929,3
182931,4
182933,4
182935,4
182937,4
182939,4
182941,3
182943,6
182945,4
182947,5
182949,1
182951,4
182955,5
182957,4
182959,3
182961,4
182963,4
182965,2
182967,4
182969,4
182971,4
182973,4
182975,4
182977,4
182979,4
182981,4
182983,4
182985,4
182987,4
182989,4
182991,4
182993,1
182997,4
182999,4
183001,4
183003,4
183005,2
183007,4
183009,4
183011,2
183013,4
183015,4
183017,4
183019,6
183021,5
183025,4
183027,4
183029,4
183031,3
183033,4
183035,4
183037,5
183039,3
183041,4
183043,1
183045,3
183047,2
183049,5
183051,2
183053,5
183055,3
183057,4
183059,4
183061,4
183063,4
183065,4
183067,4
183069,4
183071,4
183073,5
183075,4
183077,3
183079,2
183083,2
183085,5
183087,3
183089,4
183091,4
183101,4
183111,4
183113,4
183117,4
183121,6
183123,3
183125,3
183127,4
183129,4
183131,1
183133,4
183135,5
183137,4
183139,4
183141,3
183143,3
183145,3
183147,3
183149,3
183151,0
183153,4
183155,3
183157,3
183159,1
183161,4
183163,3
183165,4
183167,4
183169,4
183171,4
183173,4
183175,5
183177,4
183179,6
183181,4
183183,5
183187,3
183189,6
183191,6
183193,6
183195,3
183197,4
183199,5
183201,4
183203,5
183205,5
183207,5
183209,4
183213,2
183215,4
183217,2
183219,4
183221,4
183223,4
183225,4
183227,4
183229,4
183231,3
183233,3
183235,4
183237,3
183239,2
183241,2
183243,4
183245,5
183247,4
183249,1
183251,3
183253,4
183255,6
183257,4
183259,4
183261,3
183263,4
183265,4
183267,4
183269,1
183273,2
183277,3
183279,4
183281,2
183283,4
183285,4
183287,4
183289,3
183291,4
183293,4
183295,3
183297,3
183299,5
183301,4
183303,4
183305,4
183307,4
183309,0
183311,2
183313,4
183315,4
183317,4
183319,4
183321,4
183323,2
183325,3
183327,3
183329,5
183331,2
183333,4
183335,6
183337,4
183339,5
183341,4
183343,4
183345,4
183347,2
183349,5
183351,4
183353,3
183355,3
183357,4
183359,4
183361,5
183363,4
183365,3
183367,4
183369,5
183373,6
183375,4
183377,4
183379,3
183381,4
183383,4
183385,4
183387,6
183389,4
183391,3
183393,3
183395,3
183397,4
183399,6
183401,6
183403,4
183405,4
183407,3
183409,5
183411,5
183413,4
183415,6
183417,1
183419,3
183421,3
183423,5
183425,4
183427,4
183429,4
183431,4
183433,4
183435,2
183437,6
183439,4
183441,4
183443,4
183445,4
183447,4
183449,3
183451,2
183453,4
183455,6
183457,3
183459,3
183461,1
183463,4
183465,4
183467,4
183469,4
183471,4
183473,4
183475,4
183477,4
183479,4
183485,4
183487,4
183489,4
183491,4
183493,5
183495,6
183497,0
183499,4
183501,3
183503,6
183507,3
183509,4
183511,2
183513,4
183515,4
183517,4
183519,5
183521,3
183523,4
183525,4
183527,4
183529,2
183531,3
183533,4
183535,3
183537,3
183539,4
183541,4
183543,3
183547,4
183549,6
183551,4
183553,3
183555,4
183557,4
183559,5
183561,4
183563,4
183565,4
183567,4
183569,4
183571,4
183573,4
183575,3
183577,4
183579,3
183581,4
183583,6
183585,2
183587,4
183589,0
183591,4
183593,3
183595,6
183597,4
183599,5
183601,3
183603,4
183605,1
183607,2
183609,4
183611,3
183613,3
183615,4
183619,2
183621,5
183623,4
183625,2
183627,4
183629,4
183631,4
183633,5
183635,3
183637,4
183639,4
183641,5
183643,6
183645,5
183647,5
183649,3
183651,3
183653,2
183655,5
183657,5
183659,4
183661,6
183663,5
183665,4
183667,3
183669,4
183671,5
183675,4
183677,5
183679,5
183681,5
183683,5
183685,5
183687,4
183689,5
183695,3
183697,3
183699,2
183701,1
183703,4
183705,1
183707,4
183709,5
183711,3
183713,5
183715,5
183717,4
183719,4
183721,5
183723,4
183725,4
183727,3
183729,4
183731,5
183735,4
183737,4
183739,4
183741,4
183743,6
183745,3
183747,5
183749,4
183755,4
183757,3
183759,4
183761,4
183763,4
183765,4
183767,6
183771,4
183775,3
183779,4
183781,3
183785,3
183787,4
183789,4
183791,4
183793,4
183795,4
183797,3
183799,3
183801,4
183803,4
183805,4
183807,5
183809,4
183811,4
183813,4
183815,3
183817,4
183819,3
183821,3
183823,4
183825,3
183827,2
183829,4
183831,4
183833,6
183835,4
183837,3
183839,4
183841,3
183843,3
183845,5
183847,4
183849,5
183851,3
183853,6
183855,3
183857,5
183859,3
183861,4
183863,4
183865,4
183869,3
183871,4
183873,2
183875,5
183877,4
183879,4
183881,4
183885,4
183889,4
183891,5
183893,5
183895,4
183897,6
183899,3
183901,3
183903,4
183905,4
183907,4
183909,4
183911,4
183913,4
183915,6
183917,4
183919,4
183921,1
183923,3
183925,3
183927,3
183929,3
183931,3
183933,6
183935,4
183937,2
183939,4
183941,3
183943,4
183945,4
183947,4
183949,5
183951,5
183953,4
183955,4
183957,4
183959,4
183963,4
183965,4
183967,6
183969,1
183971,5
183973,4
183975,4
183977,5
183979,4
183981,4
183983,6
183985,3
183987,5
183989,3
183991,4
183993,3
183995,4
183997,4
183999,5
184001,4
184003,4
184005,3
184007,4
184009,3
184011,2
184013,3
184015,4
184017,0
184019,4
184021,4
184023,3
184025,4
184027,4
184029,4
184031,4
184033,2
184035,4
184039,1
184041,2
184043,4
184045,3
184047,3
184049,6
184051,3
184053,3
184055,4
184057,4
184059,4
184061,4
184065,4
184067,3
184069,2
184071,3
184073,5
184075,4
184077,0
184079,2
184081,4
184083,4
184085,4
184087,4
184089,3
184091,4
184093,4
184095,2
184097,3
184099,3
184101,4
184103,4
184105,5
184107,4
184109,4
184113,4
184115,3
184117,4
184119,3
184123,4
184125,4
184127,5
184129,4
184133,5
184135,1
184137,4
184139,4
184141,4
184143,4
184145,4
184147,4
184149,4
184151,4
184155,4
184157,3
184159,3
184161,4
184163,4
184165,4
184167,5
184169,4
184173,4
184175,4
184177,2
184179,4
184181,4
184183,5
184187,5
184189,4
184191,5
184193,2
184195,4
184197,4
184199,4
184203,3
184205,3
184207,4
184209,3
184211,4
184213,4
184215,4
184217,4
184219,4
184221,4
184223,4
184225,4
184229,3
184231,2
184233,3
184235,4
184237,4
184239,6
184241,4
184243,4
184245,5
184247,4
184249,4
184251,4
184253,3
184255,5
184257,5
184259,4
184261,4
184263,4
184265,4
184267,1
184269,1
184271,4
184273,4
184275,3
184277,4
184279,5
184285,3
184287,6
184289,6
184291,3
184293,4
184295,3
184299,5
184301,4
184303,4
184305,4
184307,5
184309,4
184311,4
184313,6
184315,3
184317,4
184319,5
184321,4
184323,4
184325,4
184327,5
184329,4
184331,4
184335,4
184337,4
184339,4
184341,5
184343,4
184345,4
184347,4
184349,4
184351,4
184353,1
184357,4
184359,4
184361,4
184363,4
184365,6
184367,4
184369,0
184371,4
184373,3
184375,3
184379,5
184381,4
184383,3
184385,4
184387,4
184389,4
184391,4
184393,2
184395,5
184397,4
184399,0
184401,4
184403,4
184405,6
184407,6
184409,6
184411,4
184413,4
184415,4
184417,5
184421,4
184423,2
184425,3
184427,3
184429,4
184431,4
184433,3
184435,3
184437,4
184441,4
184443,3
184445,2
184447,4
184449,5
184451,3
184453,4
184455,4
184459,3
184461,6
184463,4
184467,4
184469,0
184471,3
184473,3
184475,4
184477,4
184479,4
184481,4
184483,4
184485,2
184487,2
184489,4
184491,3
184493,4
184495,4
184497,5
184499,4
184501,3
184503,3
184505,4
184507,4
184509,3
184511,4
184513,4
184515,5
184517,5
184519,3
184521,4
184523,3
184525,4
184527,5
184529,4
184533,4
184535,4
184537,4
184539,4
184541,5
184543,4
184545,4
184547,4
184549,4
184551,2
184553,4
184555,4
184557,4
184559,4
184561,4
184563,4
184565,4
184567,4
184569,2
184571,4
184573,4
184575,4
184577,4
184579,4
184581,4
184583,4
184585,3
184587,3
184589,3
184591,3
184593,3
184595,4
184597,3
184599,3
184601,4
184603,4
184605,4
184607,4
184609,4
184611,4
184613,2
184615,4
184617,4
184619,4
184621,3
184623,3
184625,4
184627,4
184629,4
184631,4
184633,4
184635,4
184637,3
184639,5
184641,3
184643,3
184647,4
184649,1
184651,4
184653,2
184655,4
184657,4
184659,3
184661,4
184663,4
184667,5
184669,4
184673,4
184675,3
184677,4
184679,4
184681,4
184683,2
184685,3
184687,3
184689,4
184691,3
184693,3
184695,4
184697,4
184699,3
184701,4
184703,3
184705,4
184707,4
184709,5
184713,4
184715,5
184717,6
184719,6
184721,3
184723,2
184725,5
184727,4
184729,5
184731,3
184733,4
184735,4
184737,4
184739,4
184741,4
184743,5
184745,4
184747,4
184749,3
184751,1
184753,3
184755,3
184757,4
184759,4
184761,4
184763,4
184765,4
184767,4
184769,4
184771,4
184773,4
184775,4
184777,4
184779,2
184781,5
184783,4
184785,4
184787,3
184789,4
184791,4
184793,4
184795,3
184797,3
184799,4
184801,5
184803,4
184805,2
184807,4
184809,4
184811,4
184813,3
184815,3
184817,3
184819,3
184821,5
184823,4
184825,3
184827,4
184829,6
184831,3
184833,3
184835,6
184839,4
184841,2
184845,6
184847,4
184849,4
184851,4
184853,4
184855,4
184857,2
184859,4
184861,4
184865,6
184867,4
184869,3
184871,1
184873,4
184875,4
184877,4
184879,4
184881,3
184883,5
184885,5
184887,4
184889,4
184891,4
184893,4
184895,3
184897,6
184899,1
184901,5
184903,2
184905,5
184907,4
184909,3
184911,3
184913,4
184915,2
184917,5
184919,5
184921,3
184923,5
184925,3
184927,4
184929,5
184931,3
184933,5
184935,4
184937,4
184939,2
184941,4
184943,3
184945,4
184947,4
184949,3
184951,2
184953,4
184955,4
184959,6
184961,6
184963,6
184965,3
184967,4
184969,4
184971,6
184973,6
184975,4
184977,4
184979,4
184981,3
184983,4
184985,4
184987,3
184989,4
184991,4
184993,4
184995,4
184997,0
184999,4
185001,0
185003,4
185005,3
185007,5
185009,4
185011,4
185013,4
185015,3
185017,4
185019,4
185021,5
185025,3
185027,4
185029,3
185031,3
185033,3
185035,6
185037,3
185039,6
185041,6
185043,2
185045,1
185047,3
185049,1
185051,5
185053,2
185055,4
185057,3
185059,4
185061,4
185063,3
185065,4
185067,4
185069,3
185071,3
185073,3
185075,3
185077,4
185079,4
185081,6
185083,5
185085,4
185087,4
185089,4
185093,2
185095,2
185097,4
185101,2
185103,4
185105,4
185107,4
185109,0
185111,2
185113,2
185115,4
185117,4
185119,2
185121,4
185123,4
185125,4
185127,4
185129,4
185131,4
185133,4
185137,4
185139,4
185141,4
185143,4
185145,4
185147,4
185149,4
185151,6
185153,4
185155,3
185157,5
185159,4
185161,3
185163,4
185165,4
185167,3
185169,3
185171,2
185175,5
185177,4
185179,5
185181,4
185187,4
185189,2
185191,4
185193,5
185197,2
185199,5
185201,4
185205,6
185207,5
185211,4
185213,5
185215,4
185217,4
185221,4
185223,4
185225,4
185227,5
185229,5
185231,6
185233,5
185235,5
185237,6
185239,5
185245,5
185247,4
185251,4
185253,4
185259,4
185261,4
185263,5
185265,4
185267,2
185269,1
185271,4
185273,2
185275,2
185277,4
185279,4
185281,4
185283,4
185285,4
185287,5
185289,4
185291,4
185293,4
185295,2
185297,3
185299,1
185301,4
185303,5
185305,4
185307,3
185309,4
185311,4
185313,4
185315,4
185317,4
185319,1
185321,5
185323,4
185325,4
185329,4
185331,4
185335,2
185337,4
185339,2
185341,5
185343,3
185345,2
185347,4
185349,3
185351,4
185353,6
185355,4
185357,4
185359,3
185361,3
185363,5
185365,4
185367,5
185369,6
185371,4
185373,5
185375,3
185377,2
185379,2
185381,2
185383,4
185385,0
185387,4
185389,4
185391,3
185393,4
185395,4
185397,4
185399,4
185401,4
185403,4
185405,4
185407,4
185409,4
185411,4
185413,4
185415,4
185417,4
185419,4
185421,4
185423,4
185425,3
185427,4
185429,4
185431,4
185433,4
185435,3
185437,5
185439,5
185441,5
185443,4
185445,5
185449,4
185453,2
185459,4
185461,4
185463,4
185465,4
185467,5
185469,4
185471,6
185473,0
185475,4
185477,4
185479,4
185481,3
185483,4
185485,5
185487,2
185489,4
185491,5
185493,5
185497,5
185499,5
185501,4
185503,5
185511,3
185513,4
185515,5
185517,4
185519,4
185521,4
185523,5
185525,5
185527,4
185531,4
185533,3
185535,2
185537,3
185539,4
185541,3
185543,4
185545,4
185547,4
185549,4
185551,4
185553,4
185555,2
185557,3
185561,1
185563,4
185565,4
185567,4
185569,3
185571,4
185573,4
185575,1
185577,4
185579,5
185581,4
185583,3
185585,3
185587,4
185591,4
185593,3
185595,3
185597,4
185599,4
185601,2
185603,2
185605,6
185609,5
185611,4
185613,4
185617,4
185619,5
185621,4
185623,5
185625,4
185627,5
185629,5
185631,5
185633,2
185635,5
185637,5
185639,3
185641,5
185643,5
185645,5
185647,5
185649,5
185651,5
185653,4
185655,5
185657,4
185659,4
185661,5
185663,4
185665,5
185667,4
185669,3
185671,5
185673,4
185675,4
185677,4
185679,4
185681,4
185683,4
185685,4
185687,3
185689,5
185691,4
185693,4
185695,4
185697,3
185699,4
185701,3
185703,3
185705,2
185707,3
185709,5
185711,4
185713,5
185715,4
185717,4
185719,4
185721,4
185723,3
185725,4
185727,4
185729,4
185731,3
185733,4
185737,4
185739,4
185741,1
185743,5
185745,4
185747,2
185749,4
185751,4
185753,3
185755,4
185757,6
185759,5
185761,6
185763,4
185765,6
185767,4
185769,4
185771,3
185773,3
185775,3
185777,3
185779,1
185781,2
185783,4
185785,3
185787,3
185789,4
185791,4
185793,3
185795,4
185797,4
185799,4
185803,3
185807,4
185809,4
185811,2
185813,3
185815,3
185817,2
185819,4
185821,4
185823,4
185825,4
185827,4
185829,3
185831,1
185835,4
185837,4
185839,4
185841,4
185843,4
185845,4
185847,4
185849,3
185851,4
185853,4
185855,6
185857,4
185859,4
185861,4
185865,1
185867,5
185869,3
185871,5
185873,4
185875,5
185877,3
185879,6
185881,2
185883,4
185887,4
185889,2
185891,4
185893,4
185895,4
185897,4
185899,1
185901,4
185903,4
185905,2
185909,4
185913,4
185915,5
185917,4
185919,4
185921,4
185923,4
185925,4
185927,5
185929,3
185931,4
185933,4
185935,1
185937,4
185939,4
185941,4
185943,4
185945,5
185947,3
185949,4
185951,4
185953,5
185955,5
185957,4
185959,4
185961,3
185963,1
185965,4
185967,4
185969,5
185971,5
185973,4
185975,3
185977,2
185979,3
185981,3
185983,2
185985,4
185987,4
185989,3
185991,5
185993,4
185995,4
185997,0
185999,3
186001,2
186003,4
186005,4
186007,4
186009,4
186011,5
186013,4
186015,4
186017,4
186021,3
186025,2
186027,4
186029,5
186033,5
186037,4
186039,3
186041,4
186043,4
186045,2
186047,4
186049,4
186053,4
186057,4
186059,4
186061,4
186065,3
186067,3
186071,4
186073,4
186079,4
186081,4
186087,4
186091,3
186093,4
186095,3
186097,4
186101,4
186103,4
186105,4
186107,4
186109,3
186111,6
186113,4
186117,4
186119,4
186121,4
186125,6
186127,4
186129,4
186133,6
186135,3
186137,4
186139,6
186145,3
186147,3
186151,1
186155,6
186157,4
186159,6
186165,6
186167,3
186169,3
186171,6
186173,3
186175,6
186177,6
186179,4
186181,3
186183,4
186185,4
186187,4
186189,4
186195,3
186197,6
186199,3
186201,3
186203,4
186205,3
186207,3
186209,4
186211,1
186213,5
186215,4
186217,4
186219,4
186221,6
186223,3
186225,5
186227,6
186229,3
186233,4
186235,4
186237,4
186239,4
186241,4
186243,6
186245,5
186247,4
186249,4
186251,4
186253,4
186255,5
186257,2
186259,4
186263,6
186265,4
186267,4
186269,4
186271,3
186273,2
186275,4
186277,4
186279,3
186281,4
186283,5
186285,5
186287,2
186289,4
186291,3
186293,4
186295,3
186297,5
186299,5
186301,4
186303,4
186305,4
186309,4
186311,0
186313,4
186315,4
186317,5
186319,6
186321,6
186323,6
186325,4
186327,4
186329,6
186331,4
186333,4
186335,4
186337,4
186339,3
186341,6
186343,6
186345,6
186347,6
186349,6
186351,6
186353,3
186355,4
186357,4
186359,4
186361,6
186363,5
186365,3
186367,5
186369,4
186371,4
186373,4
186375,4
186377,4
186379,4
186381,4
186383,3
186385,4
186387,4
186389,2
186391,1
186393,2
186395,3
186397,6
186399,3
186401,4
186403,3
186405,4
186407,4
186409,5
186411,4
186413,5
186415,4
186417,4
186419,4
186421,4
186423,2
186425,4
186427,3
186429,5
186431,2
186433,4
186435,4
186437,4
186439,4
186441,4
186443,4
186445,4
186447,4
186449,4
186451,4
186453,4
186455,1
186457,4
186459,4
186461,5
186463,2
186465,4
186467,5
186469,4
186471,3
186473,1
186475,4
186477,4
186479,3
186481,4
186483,3
186485,4
186487,4
186489,4
186491,3
186493,4
186495,4
186497,4
186499,0
186501,5
186503,4
186505,4
186507,5
186509,4
186511,4
186513,4
186515,4
186517,4
186519,5
186521,4
186523,5
186525,4
186529,4
186531,4
186533,4
186535,2
186537,4
186539,4
186541,4
186543,4
186545,5
186547,4
186549,4
186551,5
186553,4
186555,4
186557,4
186559,5
186561,4
186563,3
186565,4
186567,3
186569,3
186571,3
186573,5
186575,4
186577,3
186579,4
186581,4
186583,4
186585,4
186587,3
186589,5
186591,4
186593,6
186595,1
186597,4
186599,4
186601,3
186603,2
186605,4
186607,3
186609,3
186611,3
186613,4
186615,4
186617,4
186619,4
186621,4
186623,3
186625,1
186627,2
186629,4
186631,4
186633,4
186635,4
186637,4
186639,4
186641,5
186643,4
186645,4
186647,4
186649,4
186651,4
186653,4
186655,4
186657,4
186659,3
186661,4
186663,4
186665,3
186667,4
186669,4
186671,3
186673,4
186675,4
186677,4
186679,4
186681,4
186683,4
186685,3
186687,3
186689,4
186691,4
186693,4
186695,4
186697,2
186699,3
186701,4
186703,3
186705,4
186707,3
186709,4
186711,3
186713,4
186715,3
186717,4
186719,4
186721,4
186723,4
186725,4
186727,4
186729,4
186731,4
186733,4
186735,4
186739,2
186741,4
186743,6
186745,4
186747,4
186749,4
186751,4
186753,4
186755,3
186757,4
186759,4
186761,4
186763,2
186765,2
186767,4
186769,4
186771,4
186773,4
186775,3
186777,3
186779,4
186781,4
186783,5
186785,4
186787,4
186789,4
186791,4
186793,6
186795,2
186797,4
186799,6
186801,4
186803,2
186805,4
186807,3
186809,3
186811,4
186813,5
186815,5
186817,4
186819,5
186821,3
186823,5
186825,3
186827,4
186829,5
186831,3
186833,2
186835,4
186837,4
186839,2
186841,5
186843,4
186845,3
186847,6
186851,3
186853,4
186855,4
186857,5
186859,1
186861,4
186863,3
186865,4
186867,5
186869,4
186871,5
186873,1
186875,1
186877,4
186879,4
186881,4
186883,4
186885,4
186887,4
186889,4
186891,4
186893,4
186895,4
186897,4
186899,5
186901,4
186903,4
186905,4
186907,4
186909,4
186911,3
186913,4
186915,4
186917,5
186919,3
186921,3
186923,4
186925,4
186927,3
186929,4
186931,4
186933,4
186935,6
186937,3
186939,4
186941,2
186943,3
186945,4
186947,4
186949,1
186951,4
186953,0
186955,3
186957,4
186959,1
186961,1
186963,3
186965,4
186967,4
186969,3
186971,4
186973,3
186975,2
186977,3
186979,4
186981,4
186983,5
186985,6
186989,4
186991,4
186993,4
186995,4
186997,1
186999,6
187001,3
187003,4
187005,3
187007,4
187009,4
187011,4
187013,4
187015,4
187017,4
187019,5
187021,4
187023,5
187025,6
187027,6
187029,6
187031,3
187033,4
187035,3
187037,4
187039,4
187041,5
187043,3
187045,4
187047,6
187049,6
187051,4
187053,4
187057,4
187059,4
187065,3
187067,4
187069,3
187071,4
187073,4
187075,4
187077,4
187079,2
187081,3
187083,4
187085,3
187087,5
187089,2
187091,3
187093,5
187095,4
187097,3
187099,4
187101,3
187103,3
187107,4
187109,3
187111,4
187113,3
187115,2
187117,4
187119,2
187121,4
187123,3
187125,3
187127,5
187129,4
187131,4
187133,3
187135,4
187137,4
187139,4
187141,3
187143,4
187145,6
187147,4
187149,5
187151,3
187153,4
187155,4
187157,4
187159,4
187161,4
187163,6
187165,3
187167,4
187169,2
187171,2
187173,6
187175,4
187177,4
187179,3
187183,4
187185,4
187187,5
187189,5
187191,5
187193,4
187195,4
187197,5
187199,3
187201,4
187203,3
187205,2
187207,2
187209,4
187211,4
187213,6
187215,4
187217,4
187219,4
187221,6
187223,2
187225,4
187229,5
187231,2
187235,2
187237,1
187239,4
187241,5
187243,4
187245,6
187247,3
187249,5
187251,4
187253,4
187255,6
187257,5
187259,3
187261,6
187263,4
187265,4
187267,6
187269,4
187271,5
187273,4
187275,6
187277,3
187279,4
187281,4
187283,6
187285,4
187287,6
187289,6
187291,4
187293,4
187295,6
187297,4
187299,6
187301,6
187303,3
187305,6
187307,4
187309,0
187311,4
187315,4
187317,4
187319,5
187321,6
187323,6
187325,6
187327,4
187329,4
187331,6
187333,4
187335,4
187337,4
187339,3
187341,6
187343,4
187345,4
187347,6
187349,4
187351,6
187353,6
187355,6
187357,4
187359,6
187361,4
187363,4
187365,4
187367,4
187369,5
187371,4
187373,4
187375,6
187377,6
187379,4
187381,3
187383,6
187385,6
187387,4
187389,6
187391,4
187393,5
187395,6
187397,3
187399,4
187401,4
187403,3
187405,4
187407,6
187409,6
187411,2
187413,4
187415,3
187417,3
187419,4
187421,3
187423,6
187425,6
187427,4
187429,4
187431,4
187433,6
187435,3
187437,4
187439,3
187441,3
187443,4
187445,3
187447,3
187449,4
187451,4
187453,4
187455,4
187457,4
187459,4
187461,4
187463,3
187465,4
187467,4
187469,2
187471,4
187473,4
187475,4
187477,4
187479,3
187481,4
187483,2
187485,4
187487,4
187489,3
187493,4
187495,4
187497,2
187499,4
187501,3
187503,5
187505,0
187507,5
187509,3
187511,4
187513,1
187515,4
187517,4
187519,4
187521,3
187523,1
187525,4
187527,5
187529,4
187531,0
187533,3
187535,4
187537,4
187539,4
187541,6
187543,4
187545,6
187547,5
187549,4
187551,4
187553,4
187555,2
187557,4
187559,5
187561,5
187563,4
187565,6
187567,4
187569,4
187571,3
187573,6
187575,4
187577,4
187579,4
187581,4
187583,5
187585,4
187587,4
187589,4
187591,3
187593,3
187595,3
187597,4
187599,5
187601,3
187603,4
187605,4
187607,4
187609,4
187611,3
187613,4
187615,4
187617,6
187619,3
187621,4
187623,4
187625,4
187627,4
187629,6
187631,4
187641,4
187643,3
187645,4
187649,4
187651,3
187653,4
187655,3
187657,5
187659,5
187661,2
187663,4
187665,4
187667,4
187669,4
187671,4
187673,2
187675,4
187677,6
187679,4
187681,4
187683,4
187685,4
187687,5
187689,4
187691,4
187693,4
187695,4
187697,4
187699,4
187701,4
187703,4
187705,4
187707,6
187709,4
187711,4
187713,4
187715,5
187717,5
187719,5
187721,5
187723,0
187725,4
187727,4
187729,3
187731,4
187733,4
187735,3
187737,4
187739,4
187741,4
187743,4
187745,5
187747,6
187749,5
187751,3
187753,5
187755,3
187759,4
187761,4
187763,4
187765,4
187767,4
187769,5
187771,4
187773,4
187777,4
187779,4
187781,4
187783,4
187785,2
187787,4
187789,4
187791,2
187793,4
187795,4
187797,3
187799,4
187801,5
187803,4
187805,4
187807,4
187809,6
187811,4
187813,4
187815,5
187819,4
187825,4
187827,4
187829,4
187831,6
187833,4
187835,4
187837,4
187839,4
187841,6
187843,4
187845,3
187847,5
187849,6
187851,4
187853,4
187855,4
187857,2
187859,4
187861,2
187863,4
187865,3
187867,3
187869,4
187871,2
187873,5
187875,3
187877,4
187879,4
187881,4
187883,3
187885,3
187887,4
187889,4
187891,4
187893,4
187895,4
187897,4
187899,4
187901,4
187903,3
187905,3
187907,3
187909,3
187911,4
187913,4
187915,4
187917,6
187919,4
187921,6
187923,3
187925,4
187927,4
187929,3
187931,4
187933,4
187935,4
187937,4
187939,3
187941,4
187943,2
187945,3
187947,5
187949,5
187951,5
187953,5
187955,5
187957,4
187959,3
187961,1
187963,3
187965,4
187967,4
187969,2
187971,4
187973,6
187975,4
187977,4
187979,6
187981,4
187983,4
187985,6
187987,6
187989,6
187991,4
187993,4
187995,6
187997,4
187999,4
188001,6
188003,4
188005,4
188007,6
188009,2
188011,6
188013,4
188015,6
188017,3
188019,4
188021,4
188023,4
188025,4
188027,4
188029,4
188031,6
188033,4
188035,4
188037,4
188039,4
188041,4
188043,6
188045,4
188047,4
188049,4
188051,6
188053,6
188055,6
188057,6
188059,6
188061,4
188063,4
188065,6
188067,4
188069,4
188071,4
188073,6
188075,6
188077,6
188079,6
188081,4
188083,4
188085,6
188087,4
188089,4
188091,6
188093,4
188095,2
188097,4
188099,6
188101,4
188103,4
188105,6
188107,6
188109,6
188111,5
188113,6
188115,4
188117,4
188119,6
188121,6
188123,4
188125,6
188127,6
188129,4
188131,4
188133,4
188135,4
188137,4
188139,6
188141,4
188143,6
188145,6
188147,4
188149,4
188151,3
188153,1
188155,5
188157,4
188159,5
188161,5
188163,5
188165,5
188167,4
188169,4
188171,5
188173,5
188175,3
188177,3
188179,4
188181,1
188183,4
188185,5
188187,3
188189,0
188191,4
188193,4
188195,4
188197,4
188199,4
188201,4
188203,4
188205,2
188207,0
188209,4
188211,5
188213,4
188215,5
188217,4
188219,5
188221,6
188223,4
188225,4
188227,3
188229,4
188231,3
188233,4
188235,2
188237,2
188239,3
188241,6
188243,6
188245,6
188247,4
188249,4
188251,6
188253,6
188255,6
188257,4
188259,4
188261,4
188263,1
188265,4
188267,4
188269,2
188271,6
188273,4
188275,2
188277,4
188279,6
188281,6
188283,6
188285,6
188287,6
188289,4
188291,4
188293,4
188295,4
188297,5
188299,5
188301,6
188303,3
188305,0
188307,4
188309,3
188311,4
188313,4
188315,3
188317,4
188319,6
188321,4
188323,4
188325,4
188327,6
188329,6
188331,4
188333,4
188335,2
188337,4
188339,5
188341,4
188343,4
188345,1
188347,6
188349,1
188351,4
188353,6
188355,6
188357,4
188359,4
188361,4
188363,4
188365,6
188367,4
188369,4
188371,6
188373,4
188375,1
188377,6
188379,3
188381,3
188383,3
188385,4
188387,4
188389,3
188391,5
188393,5
188395,4
188397,4
188399,4
188401,4
188403,5
188405,4
188407,4
188411,5
188413,4
188415,4
188417,4
188419,5
188421,3
188427,4
188429,4
188431,3
188433,2
188435,3
188439,4
188441,4
188445,4
188447,4
188449,3
188451,3
188453,4
188455,5
188457,4
188459,3
188465,4
188473,4
188475,4
188477,0
188479,4
188483,4
188489,4
188491,3
188493,4
188495,4
188497,4
188499,4
188501,4
188503,4
188505,1
188507,4
188509,4
188511,3
188513,5
188515,4
188517,3
188519,3
188521,5
188523,5
188525,4
188527,3
188529,5
188531,3
188533,2
188535,4
188537,3
188539,3
188541,4
188543,4
188545,3
188547,3
188549,3
188551,3
188553,3
188555,3
188557,4
188559,4
188561,4
188565,2
188567,4
188569,4
188571,3
188573,3
188575,3
188577,4
188579,3
188581,4
188583,5
188585,4
188587,3
188589,4
188591,2
188593,4
188595,4
188597,5
188599,2
188601,4
188603,4
188605,4
188607,3
188609,4
188611,4
188613,5
188615,3
188617,4
188619,4
188621,4
188623,3
188625,5
188627,4
188629,4
188631,4
188633,4
188635,4
188637,3
188639,4
188641,3
188643,5
188645,3
188647,4
188649,2
188651,4
188653,4
188655,4
188657,4
188659,3
188663,5
188665,4
188669,4
188671,5
188673,4
188675,2
188677,5
188679,3
188681,6
188685,4
188691,4
188693,4
188695,5
188697,4
188699,5
188701,6
188703,4
188705,4
188707,5
188709,4
188711,4
188715,4
188723,4
188725,4
188731,3
188733,1
188735,4
188737,6
188739,2
188741,2
188743,4
188745,4
188747,4
188749,2
188751,4
188753,3
188755,3
188757,5
188759,4
188761,4
188763,2
188765,3
188767,3
188769,3
188771,3
188773,0
188775,3
188777,4
188779,4
188781,3
188783,3
188785,4
188787,4
188789,5
188791,4
188793,4
188795,1
188797,0
188799,1
188801,4
188803,5
188805,4
188807,3
188809,3
188811,4
188813,4
188815,4
188817,4
188819,4
188821,4
188823,3
188825,3
188827,4
188829,0
188831,4
188833,4
188835,3
188837,3
188839,4
188841,3
188843,2
188845,4
188847,4
188849,4
188851,4
188853,4
188855,4
188857,4
188859,3
188861,4
188863,5
188865,6
188867,6
188869,6
188871,4
188873,4
188875,4
188877,2
188879,3
188881,3
188883,4
188885,2
188887,2
188889,4
188891,4
188893,3
188895,4
188897,3
188899,3
188901,4
188903,4
188905,5
188907,4
188909,3
188911,3
188915,5
188917,2
188919,6
188921,4
188925,4
188927,5
188931,1
188933,1
188935,5
188937,4
188939,4
188941,2
188943,2
188945,4
188947,3
188949,3
188951,3
188953,3
188957,4
188959,4
188961,4
188967,2
188973,4
188975,4
188979,4
188983,3
188987,2
188995,4
188997,4
188999,4
189003,4
189005,4
189007,4
189009,4
189011,4
189013,4
189015,4
189017,2
189019,5
189021,3
189023,4
189025,4
189027,5
189029,3
189031,3
189033,2
189035,4
189037,0
189039,3
189041,2
189043,4
189045,2
189047,4
189049,4
189051,4
189053,2
189055,4
189057,2
189059,4
189061,3
189063,4
189065,4
189067,3
189069,3
189071,4
189073,4
189075,6
189077,4
189079,4
189081,4
189083,4
189085,3
189087,3
189089,3
189091,4
189093,4
189095,4
189097,4
189099,0
189101,4
189103,4
189105,4
189107,4
189109,5
189111,5
189113,5
189115,2
189117,3
189119,4
189121,5
189123,5
189125,4
189129,5
189131,4
189133,4
189137,5
189139,4
189141,2
189143,4
189145,4
189147,4
189149,3
189151,2
189153,2
189155,4
189157,5
189159,4
189161,4
189163,4
189165,4
189167,5
189169,4
189171,4
189173,3
189175,3
189177,4
189179,6
189181,4
189183,4
189185,3
189187,4
189189,5
189191,4
189193,2
189195,6
189197,3
189199,3
189201,3
189203,3
189205,4
189207,4
189209,3
189211,2
189213,3
189215,4
189217,6
189219,4
189221,3
189223,4
189225,4
189227,4
189229,6
189231,6
189233,6
189235,4
189237,6
189239,4
189241,3
189243,5
189245,4
189247,4
189249,1
189251,4
189253,4
189255,5
189257,4
189259,2
189261,4
189263,4
189265,3
189267,4
189269,5
189271,4
189277,4
189279,4
189281,4
189283,4
189285,4
189289,4
189291,4
189293,4
189295,4
189299,4
189301,4
189303,4
189307,4
189311,4
189313,4
189317,4
189319,4
189321,2
189323,4
189329,1
189331,4
189333,3
189335,4
189337,6
189341,2
189343,5
189345,4
189347,4
189349,4
189351,4
189353,5
189355,4
189357,5
189359,4
189361,3
189363,2
189365,3
189367,4
189369,6
189371,6
189373,4
189375,3
189377,4
189379,3
189381,2
189383,4
189385,4
189387,4
189389,4
189391,4
189393,5
189395,2
189397,6
189399,4
189401,3
189403,4
189405,4
189407,3
189409,4
189413,4
189415,3
189417,4
189423,4
189425,2
189427,4
189429,4
189431,3
189433,4
189435,5
189437,4
189439,4
189441,4
189443,6
189445,4
189447,6
189449,6
189451,6
189453,5
189455,6
189457,5
189459,4
189461,4
189463,4
189465,1
189467,6
189469,5
189471,4
189473,6
189475,0
189477,4
189479,6
189481,6
189483,6
189485,4
189489,4
189491,4
189493,4
189495,1
189497,3
189499,4
189501,4
189503,5
189505,4
189507,4
189509,2
189511,4
189513,4
189521,3
189525,5
189527,4
189529,1
189531,4
189533,4
189535,4
189537,4
189539,5
189541,2
189545,4
189547,3
189549,3
189553,6
189555,3
189557,4
189559,5
189565,2
189567,0
189569,4
189571,4
189573,4
189575,1
189577,3
189579,4
189581,4
189585,4
189589,4
189591,6
189593,5
189595,4
189597,4
189599,5
189601,5
189603,5
189605,5
189607,5
189609,5
189611,4
189615,4
189617,4
189619,4
189621,5
189623,5
189625,0
189627,4
189633,4
189635,4
189637,6
189639,4
189641,2
189643,4
189645,3
189647,3
189649,4
189651,6
189657,3
189659,4
189661,4
189663,4
189667,1
189669,4
189671,6
189675,1
189677,6
189679,5
189681,3
189683,4
189685,3
189687,4
189693,5
189695,5
189697,2
189701,4
189703,4
189707,4
189709,4
189711,4
189713,0
189715,3
189717,5
189719,3
189721,4
189723,4
189725,4
189727,5
189731,4
189735,2
189743,4
189745,4
189747,6
189749,5
189751,5
189753,3
189755,4
189757,4
189759,4
189761,4
189763,4
189765,4
189767,4
189769,3
189773,4
189775,4
189777,4
189779,4
189781,3
189783,6
189785,6
189787,4
189791,4
189793,5
189795,4
189797,4
189799,5
189801,4
189803,4
189805,4
189807,6
189809,3
189811,4
189815,2
189817,2
189819,2
189821,3
189823,2
189825,4
189827,5
189829,5
189831,4
189833,4
189835,2
189837,4
189839,2
189841,4
189843,4
189845,4
189847,4
189849,4
189851,4
189853,5
189855,4
189857,4
189859,5
189861,2
189863,4
189865,5
189867,5
189869,5
189871,4
189873,6
189877,4
189879,4
189881,4
189883,2
189885,3
189887,5
189889,5
189891,5
189893,3
189895,3
189897,3
189899,4
189901,5
189903,5
189905,4
189907,2
189909,6
189911,6
189913,6
189915,6
189917,4
189919,2
189921,3
189923,3
189925,4
189927,5
189929,3
189931,4
189935,4
189937,4
189939,4
189941,4
189945,4
189947,4
189949,4
189951,4
189953,4
189955,6
189957,4
189959,4
189961,4
189967,4
189971,4
189973,4
189983,4
189985,4
189987,4
189989,2
189991,4
189995,5
189997,4
190003,4
190007,4
190009,4
190011,4
190013,4
190015,4
190017,6
190019,1
190021,2
190023,4
190025,2
190027,4
190029,3
190031,4
190035,2
190037,4
190039,4
190041,3
190043,4
190045,4
190047,4
190049,4
190051,4
190053,4
190055,4
190057,5
190059,4
190061,4
190063,4
190067,5
190069,4
190071,4
190073,4
190077,4
190079,4
190081,4
190083,5
190085,3
190087,4
190089,0
190091,4
190093,4
190095,4
190097,4
190099,4
190101,5
190103,2
190105,4
190109,4
190111,4
190113,6
190115,4
190117,5
190121,4
190123,2
190125,3
190127,3
190129,5
190131,4
190133,5
190135,4
190137,4
190139,4
190141,4
190143,4
190145,4
190147,4
190155,4
190157,2
190159,4
190161,4
190163,4
190165,3
190167,4
190169,4
190171,4
190173,4
190175,4
190177,6
190179,4
190181,4
190183,3
190185,4
190187,5
190189,4
190193,2
190195,4
190197,5
190199,5
190201,4
190203,4
190205,4
190207,4
190209,4
190211,2
190213,4
190215,4
190217,4
190219,6
190221,5
190223,5
190225,4
190227,6
190229,4
190231,4
190233,4
190237,4
190239,6
190241,3
190243,4
190245,4
190247,4
190249,4
190253,3
190255,4
190257,6
190259,6
190261,4
190263,5
190265,4
190269,4
190271,4
190273,4
190275,4
190277,4
190279,4
190281,4
190283,4
190285,4
190287,3
190289,4
190291,4
190293,3
190297,4
190299,4
190301,3
190303,4
190305,2
190307,4
190309,4
190311,4
190313,4
190315,4
190317,2
190319,4
190321,4
190323,4
190325,6
190327,4
190329,4
190331,4
190333,4
190335,4
190337,3
190339,6
190343,4
190345,4
190347,4
190349,0
190351,5
190353,4
190355,4
190357,4
190359,4
190361,5
190365,6
190367,6
190369,4
190371,4
190373,2
190375,4
190377,4
190379,2
190381,4
190383,4
190385,4
190387,4
190389,4
190391,4
190395,1
190397,3
190399,3
190401,3
190403,4
190405,6
190407,6
190409,4
190411,5
190413,4
190415,4
190417,5
190419,4
190423,4
190425,4
190431,4
190433,4
190435,2
190445,4
190447,4
190451,4
190459,4
190463,4
190465,2
190467,4
190469,4
190471,2
190473,4
190475,4
190477,1
190479,4
190481,6
190483,4
190485,4
190487,5
190489,4
190491,4
190493,4
190495,4
190497,4
190499,4
190501,3
190503,4
190505,5
190507,3
190509,3
190511,5
190513,3
190515,1
190519,4
190521,4
190525,4
190527,5
190529,5
190531,4
190533,4
190535,2
190537,4
190539,4
190541,1
190543,4
190545,4
190547,3
190551,0
190553,3
190555,0
190557,4
190559,4
190561,2
190565,5
190567,5
190569,4
190571,4
190573,4
190575,6
190577,5
190579,4
190581,4
190583,4
190585,4
190587,4
190589,4
190591,4
190593,4
190595,2
190599,4
190601,4
190603,2
190605,4
190607,5
190609,3
190611,4
190613,5
190615,1
190617,4
190619,3
190621,3
190623,4
190625,4
190627,5
190629,3
190631,5
190633,5
190635,5
190637,4
190641,3
190643,3
190645,3
190647,6
190649,4
190651,4
190653,1
190655,4
190657,4
190665,4
190667,4
190669,4
190673,4
190675,4
190681,4
190695,4
190697,3
190699,6
190701,4
190703,4
190705,4
190707,4
190709,4
190713,4
190715,4
190717,4
190719,4
190721,4
190723,4
190725,4
190727,4
190737,4
190739,3
190741,3
190743,4
190745,4
190747,2
190749,4
190751,5
190753,4
190755,3
190757,2
190759,3
190761,2
190763,3
190765,4
190767,4
190769,2
190775,2
190777,2
190781,6
190783,4
190785,4
190793,4
190797,5
190801,5
190803,5
190805,4
190809,3
190811,4
190813,3
190815,5
190817,5
190819,1
190821,4
190823,3
190825,2
190827,4
190829,5
190831,4
190833,4
190835,4
190837,4
190839,3
190841,4
190843,4
190845,3
190849,3
190853,4
190855,4
190857,6
190859,4
190861,3
190863,3
190865,4
190867,4
190869,4
190871,4
190873,4
190875,2
190877,5
190879,6
190881,5
190883,5
190885,3
190887,4
190889,4
190891,4
190893,5
190895,4
190897,4
190899,4
190901,1
190903,4
190905,6
190907,4
190909,4
190911,6
190913,4
190915,4
190917,4
190919,4
190921,6
190923,4
190925,3
190927,4
190931,3
190933,3
190935,4
190937,3
190939,0
190941,4
190943,6
190945,4
190947,3
190949,4
190951,5
190953,3
190955,4
190957,3
190959,4
190961,4
190963,4
190965,4
190967,4
190969,4
190971,4
190973,3
190975,4
190977,3
190979,2
190981,2
190983,4
190985,4
190987,4
190989,4
190991,4
190995,2
190997,4
191001,3
191003,4
191005,6
191009,3
191011,4
191013,1
191017,6
191021,4
191025,2
191027,4
191029,4
191039,4
191041,4
191043,2
191061,4
191069,4
191071,3
191073,4
191075,4
191077,4
191081,3
191083,5
191085,4
191087,4
191089,3
191091,3
191093,3
191095,5
191097,4
191099,6
191101,3
191107,4
191109,4
191111,4
191113,4
191119,2
191123,2
191125,5
191127,4
191129,3
191131,4
191133,4
191135,6
191137,4
191139,4
191141,4
191143,5
191145,4
191147,4
191151,4
191153,3
191157,4
191159,3
191161,4
191165,3
191167,4
191169,3
191171,5
191173,4
191177,4
191179,4
191181,1
191183,6
191185,3
191187,4
191189,4
191191,3
191193,3
191195,3
191197,5
191199,4
191201,5
191203,4
191205,5
191207,4
191209,4
191211,4
191213,3
191215,4
191217,3
191219,4
191221,3
191223,3
191225,3
191227,4
191229,3
191231,4
191233,4
191235,6
191237,3
191239,3
191241,3
191243,3
191245,1
191247,4
191251,4
191253,2
191255,4
191257,6
191259,4
191261,4
191263,4
191265,3
191267,5
191269,5
191271,4
191273,5
191277,3
191279,5
191283,5
191289,5
191291,3
191293,2
191295,4
191297,4
191299,4
191301,4
191303,3
191305,3
191307,4
191309,4
191311,2
191313,4
191315,4
191317,4
191319,4
191321,3
191327,3
191329,4
191331,4
191333,4
191335,6
191337,2
191341,4
191343,4
191345,6
191347,6
191349,5
191351,0
191353,4
191355,4
191357,4
191359,3
191361,4
191363,4
191365,4
191367,3
191369,3
191371,6
191373,6
191375,6
191377,4
191381,3
191383,4
191385,4
191387,5
191389,5
191391,4
191393,4
191395,3
191397,4
191399,6
191401,6
191403,4
191405,4
191407,4
191409,4
191411,4
191413,4
191415,3
191417,4
191419,6
191421,4
191423,5
191425,2
191427,5
191431,2
191433,4
191435,4
191437,4
191439,4
191441,2
191443,4
191445,4
191447,4
191449,4
191451,4
191453,2
191455,4
191457,4
191459,1
191463,3
191465,4
191467,4
191469,3
191471,4
191473,4
191475,4
191477,2
191479,6
191481,5
191483,3
191485,5
191487,4
191489,2
191491,2
191495,2
191497,5
191499,4
191501,4
191503,4
191505,4
191509,4
191511,4
191513,5
191515,2
191517,2
191521,4
191529,2
191541,2
191543,6
191549,4
191557,4
191559,2
191561,3
191565,4
191567,4
191571,4
191573,2
191575,4
191579,4
191583,4
191599,4
191601,4
191605,4
191607,1
191611,2
191631,4
191635,2
191637,4
191639,2
191641,4
191643,4
191645,4
191647,4
191649,4
191651,4
191653,3
191655,4
191657,5
191659,5
191661,5
191663,4
191665,5
191667,5
191669,3
191671,6
191673,4
191675,4
191677,5
191679,5
191681,1
191683,5
191685,4
191687,6
191689,3
191691,1
191693,4
191695,4
191697,4
191699,4
191701,5
191703,6
191707,4
191709,4
191711,4
191713,2
191715,3
191717,4
191719,3
191721,4
191723,4
191725,5
191727,3
191729,4
191731,4
191733,4
191735,4
191737,2
191739,4
191741,2
191743,4
191745,4
191747,4
191749,4
191751,4
191753,4
191755,4
191757,4
191759,4
191761,4
191763,4
191765,2
191767,4
191769,4
191771,4
191773,6
191775,4
191777,4
191779,4
191781,6
191783,4
191785,4
191787,4
191789,4
191791,5
191793,3
191795,4
191797,6
191799,3
191801,3
191803,3
191805,3
191807,4
191809,4
191811,4
191813,4
191815,5
191817,5
191819,4
191821,2
191823,4
191829,3
191831,6
191833,4
191835,0
191837,4
191839,4
191841,3
191843,5
191845,4
191849,4
191851,6
191853,4
191855,4
191857,5
191859,3
191861,5
191863,4
191865,4
191867,5
191869,4
191871,4
191873,2
191875,4
191877,2
191879,3
191887,4
191891,5
191895,3
191897,4
191899,3
191901,3
191903,4
191905,4
191907,4
191909,5
191911,3
191915,4
191917,4
191919,5
191921,2
191923,4
191925,6
191927,4
191929,4
191931,4
191933,2
191935,4
191937,2
191939,4
191941,5
191943,4
191945,4
191947,1
191949,4
191951,2
191953,4
191955,4
191957,4
191959,4
191961,4
191963,4
191965,4
191967,4
191969,3
191973,5
191975,4
191979,5
191981,4
191983,4
191985,5
191987,5
191989,4
191991,3
191993,4
191995,2
191997,2
192001,4
192003,3
192005,4
192011,2
192013,3
192015,5
192017,6
192019,3
192021,4
192023,4
192025,2
192027,4
192029,4
192031,4
192033,1
192035,4
192039,4
192041,1
192043,4
192045,0
192047,5
192049,4
192051,3
192053,3
192055,4
192057,4
192059,4
192061,4
192063,4
192065,4
192067,4
192069,4
192071,4
192073,2
192075,4
192077,4
192079,4
192081,0
192083,6
192085,3
192087,1
192089,4
192091,4
192093,4
192095,4
192097,4
192099,3
192101,4
192103,3
192105,1
192107,5
192109,5
192111,4
192113,4
192115,3
192117,6
192119,3
192121,3
192123,4
192125,4
192127,4
192131,4
192133,4
192137,4
192139,4
192141,4
192143,4
192145,4
192147,4
192149,4
192151,4
192153,4
192155,4
192157,2
192159,4
192161,4
192163,4
192165,4
192169,4
192171,4
192175,5
192177,3
192179,4
192181,4
192183,4
192185,4
192187,4
192189,4
192191,4
192195,4
192197,3
192199,4
192201,4
192203,4
192205,4
192207,4
192209,6
192211,4
192213,3
192215,5
192217,4
192219,4
192221,4
192223,4
192225,6
192227,4
192229,4
192231,4
192233,6
192235,4
192237,4
192239,4
192243,3
192245,3
192247,4
192249,4
192251,5
192253,5
192255,4
192257,3
192259,4
192261,4
192263,4
192265,3
192267,2
192271,4
192273,5
192275,5
192277,4
192279,5
192281,3
192283,0
192285,2
192287,4
192289,4
192291,3
192293,4
192295,5
192297,4
192299,4
192301,4
192303,4
192305,2
192307,3
192309,3
192311,3
192313,4
192315,4
192317,4
192319,4
192321,2
192323,4
192325,5
192327,3
192329,4
192331,6
192333,2
192335,3
192337,4
192339,4
192341,4
192343,2
192345,4
192349,4
192351,5
192353,4
192355,1
192357,4
192359,4
192361,4
192363,4
192365,6
192369,4
192371,3
192373,4
192375,3
192377,3
192379,0
192381,3
192383,4
192385,0
192387,4
192389,3
192391,4
192393,4
192395,6
192397,4
192399,4
192401,3
192403,3
192405,4
192407,4
192411,4
192413,5
192415,2
192417,5
192419,4
192421,4
192423,3
192425,4
192427,5
192429,3
192431,5
192433,2
192435,4
192437,4
192439,4
192441,4
192443,4
192445,4
192447,4
192449,4
192451,1
192453,4
192455,4
192457,6
192459,4
192461,4
192463,4
192465,4
192467,4
192469,5
192471,1
192473,4
192475,4
192477,4
192479,5
192481,3
192483,4
192487,3
192489,4
192491,4
192493,4
192495,3
192497,4
192499,4
192501,4
192503,4
192509,2
192511,2
192513,5
192515,4
192517,5
192519,4
192521,1
192523,4
192531,4
192533,4
192535,5
192537,5
192539,4
192541,4
192543,4
192545,4
192547,4
192549,3
192551,3
192553,3
192557,4
192559,3
192561,3
192563,2
192565,4
192567,4
192571,4
192573,5
192575,4
192577,4
192579,6
192581,4
192583,3
192587,2
192589,4
192591,4
192593,4
192595,4
192597,4
192599,4
192601,2
192603,4
192611,4
192613,2
192615,2
192617,4
192619,4
192623,4
192625,5
192627,4
192635,3
192637,4
192639,3
192641,4
192643,3
192645,3
192647,3
192649,6
192651,4
192655,2
192659,4
192661,4
192667,2
192669,2
192671,4
192675,4
192677,3
192681,4
192683,5
192685,6
192687,3
192689,4
192691,4
192693,5
192695,4
192697,4
192699,3
192701,4
192703,4
192705,4
192707,4
192709,4
192711,4
192713,3
192715,4
192717,4
192721,4
192723,4
192727,4
192729,5
192731,4
192733,1
192735,4
192737,3
192743,4
192745,5
192747,1
192749,3
192751,5
192753,2
192755,4
192757,4
192759,3
192761,0
192763,4
192765,4
192767,4
192769,4
192771,4
192773,2
192775,3
192777,4
192783,3
192785,5
192787,3
192789,3
192791,3
192793,3
192795,1
192797,4
192799,5
192801,3
192803,0
192811,4
192813,4
192815,3
192819,4
192821,5
192823,5
192825,4
192827,4
192829,6
192831,4
192833,4
192835,3
192837,4
192839,4
192841,4
192843,5
192845,4
192847,6
192849,4
192851,4
192853,4
192855,4
192857,4
192859,4
192861,3
192863,4
192865,3
192869,4
192873,4
192875,2
192877,4
192879,5
192881,4
192883,4
192885,4
192887,4
192889,5
192891,4
192895,6
192897,1
192899,4
192901,4
192903,4
192905,1
192907,5
192909,5
192911,3
192913,0
192915,5
192917,4
192919,3
192923,5
192925,3
192927,4
192929,4
192931,4
192933,4
192935,4
192937,4
192939,4
192941,4
192943,5
192945,4
192953,6
192955,4
192957,3
192959,3
192961,3
192963,3
192965,5
192967,5
192969,6
192971,4
192973,5
192975,2
192979,4
192981,6
192983,4
192985,5
192987,6
192989,1
192991,6
192993,3
192995,6
192997,3
192999,3
193001,5
193003,5
193005,5
193007,5
193009,6
193011,6
193013,4
193015,4
193017,4
193019,4
193021,4
193023,5
193025,3
193027,4
193031,2
193033,4
193035,4
193037,5
193039,4
193041,3
193043,4
193045,4
193047,4
193049,4
193051,5
193053,4
193055,4
193059,4
193061,3
193063,4
193065,0
193067,4
193069,4
193071,6
193073,3
193075,4
193077,4
193087,2
193089,4
193091,4
193095,4
193097,4
193099,4
193101,4
193107,5
193109,2
193113,4
193115,5
193117,4
193119,5
193121,4
193123,3
193125,3
193127,4
193129,4
193131,4
193133,3
193135,4
193137,2
193139,3
193143,3
193145,4
193147,3
193149,4
193155,4
193157,2
193161,4
193163,4
193165,4
193169,6
193171,4
193175,3
193177,2
193179,5
193181,4
193183,5
193185,5
193187,5
193189,6
193191,4
193193,3
193195,4
193197,3
193199,3
193201,4
193203,6
193205,6
193209,4
193211,4
193213,4
193215,3
193217,6
193219,4
193221,1
193223,4
193225,4
193227,3
193229,3
193231,6
193233,2
193235,4
193237,3
193239,4
193241,3
193243,6
193245,5
193247,4
193249,4
193251,4
193253,5
193255,4
193257,5
193259,4
193261,3
193263,3
193265,4
193267,3
193269,4
193271,5
193273,4
193275,4
193277,5
193279,4
193281,4
193283,4
193285,4
193287,2
193289,5
193291,4
193293,3
193295,1
193297,6
193299,5
193303,4
193305,5
193307,5
193309,4
193315,3
193321,4
193323,3
193325,4
193327,4
193329,6
193331,6
193333,6
193335,3
193337,6
193339,3
193341,4
193343,4
193345,5
193347,4
193349,4
193351,4
193353,4
193355,2
193357,6
193359,4
193361,2
193363,4
193365,4
193369,6
193371,4
193373,5
193375,4
193377,4
193379,4
193381,4
193383,4
193385,4
193387,4
193389,4
193391,4
193393,4
193395,3
193397,4
193399,4
193401,4
193403,6
193405,4
193407,4
193409,3
193411,6
193413,4
193415,5
193417,4
193419,4
193421,4
193423,5
193425,4
193427,4
193429,4
193431,4
193435,4
193437,4
193439,4
193441,3
193443,4
193445,3
193447,1
193449,0
193451,3
193455,3
193457,5
193459,4
193461,4
193463,4
193465,4
193467,2
193469,4
193471,4
193473,4
193475,3
193477,1
193479,5
193481,3
193483,4
193485,4
193487,4
193489,4
193491,4
193493,4
193495,4
193497,4
193499,4
193501,4
193503,4
193505,4
193507,4
193509,4
193511,4
193515,4
193517,6
193519,3
193521,4
193523,3
193525,4
193527,4
193529,4
193531,5
193533,3
193535,6
193537,6
193539,6
193541,4
193543,5
193545,4
193547,4
193549,5
193551,4
193553,4
193555,2
193559,4
193561,4
193563,3
193565,6
193567,6
193569,6
193571,4
193573,6
193575,4
193577,5
193579,5
193581,6
193583,6
193585,4
193587,6
193589,3
193591,4
193593,2
193595,4
193597,4
193599,3
193603,4
193605,3
193607,1
193609,4
193611,5
193613,4
193615,2
193617,6
193619,1
193623,2
193629,4
193631,4
193633,4
193635,4
193637,3
193639,6
193641,4
193643,4
193645,4
193647,2
193649,3
193651,4
193653,6
193655,6
193657,3
193659,4
193661,5
193663,5
193665,4
193667,1
193669,5
193671,3
193673,1
193675,3
193677,4
193679,4
193681,3
193683,3
193685,2
193687,6
193689,4
193691,4
193693,4
193695,3
193697,3
193699,2
193701,4
193705,4
193707,2
193709,4
193713,4
193715,4
193719,4
193721,6
193723,4
193725,1
193727,4
193729,2
193731,3
193737,4
193739,4
193743,3
193745,3
193747,3
193749,3
193751,4
193753,6
193755,4
193757,5
193759,5
193761,3
193763,3
193765,3
193767,3
193769,4
193771,4
193773,4
193775,4
193777,6
193779,3
193781,5
193783,4
193785,5
193787,4
193789,4
193791,4
193793,4
193795,4
193797,3
193799,6
193801,6
193803,6
193805,4
193807,5
193809,2
193811,3
193813,5
193815,4
193819,4
193821,4
193823,2
193825,2
193827,1
193829,4
193831,6
193833,3
193835,4
193837,6
193839,4
193841,4
193843,3
193847,4
193849,4
193851,4
193853,6
193855,4
193859,4
193861,3
193863,5
193864,4
193866,3
193868,1
193872,4
193874,4
193876,4
193878,4
193880,4
193882,3
193884,6
193886,2
193888,4
193894,2
193896,4
193898,4
193900,4
193902,4
193904,3
193906,2
193910,3
193912,1
193914,2
193916,6
193918,4
193920,6
193922,1
193924,4
193926,6
193928,4
193930,4
193932,4
193934,4
193936,4
193938,4
193940,3
193942,0
193944,1
193946,4
193950,5
193952,3
193954,3
193956,0
193958,4
193960,4
193962,6
193964,4
193966,4
193968,3
193970,4
193972,4
193974,4
193976,4
193978,5
193980,1
193982,4
193986,3
193988,5
193990,4
193992,3
193994,3
193998,4
194000,2
194004,3
194006,3
194008,4
194010,3
194012,3
194014,5
194016,6
194018,4
194020,5
194022,5
194024,5
194026,4
194028,5
194030,3
194032,3
194034,3
194036,4
194038,4
194042,1
194044,4
194046,4
194048,4
194050,4
194052,3
194054,3
194056,2
194058,2
194060,3
194062,4
194064,4
194066,4
194068,5
194070,3
194072,2
194074,2
194076,3
194078,4
194080,4
194082,3
194084,3
194086,3
194088,6
194090,5
194092,5
194094,4
194096,4
194098,3
194100,4
194102,6
194104,5
194106,4
194108,4
194110,4
194112,4
194114,3
194116,3
194118,4
194120,3
194122,3
194124,3
194126,3
194128,4
194130,3
194132,4
194134,4
194136,4
194138,4
194140,4
194142,4
194144,4
194146,4
194148,4
194152,4
194154,4
194156,3
194158,3
194160,3
194162,3
194164,3
194166,4
194168,3
194170,3
194172,3
194174,2
194176,3
194178,3
194180,3
194182,4
194184,3
194186,4
194188,3
194190,2
194192,5
194194,4
194196,1
194198,4
194200,3
194202,4
194204,3
194206,3
194208,5
194212,4
194214,4
194216,3
194218,6
194220,6
194222,2
194224,4
194226,4
194228,4
194230,2
194232,4
194234,3
194236,3
194238,3
194240,4
194242,4
194244,4
194248,5
194252,5
194254,4
194256,6
194258,6
194260,6
194262,6
194264,4
194266,5
194268,4
194270,2
194274,3
194276,3
194278,5
194280,3
194282,3
194284,4
194286,3
194288,6
194290,4
194292,4
194294,3
194296,3
194298,4
194300,3
194306,4
194308,3
194310,2
194312,0
194314,4
194316,4
194318,6
194320,5
194322,3
194324,4
194326,3
194328,3
194330,4
194332,4
194334,4
194336,4
194338,2
194340,4
194342,4
194344,5
194346,4
194348,3
194350,5
194352,5
194354,4
194356,4
194358,4
194360,4
194362,4
194364,3
194366,4
194368,4
194370,3
194372,5
194374,4
194380,3
194382,5
194386,4
194388,3
194390,4
194394,4
194396,1
194398,3
194400,2
194402,5
194404,3
194406,3
194408,4
194410,3
194412,3
194414,3
194416,4
194418,2
194420,3
194422,3
194424,3
194426,4
194428,3
194430,3
194432,5
194434,4
194436,3
194438,5
194440,3
194442,4
194448,0
194450,4
194452,4
194454,3
194456,3
194458,3
194460,3
194462,1
194464,3
194466,3
194468,4
194472,5
194474,4
194476,4
194478,5
194480,5
194482,4
194486,4
194490,5
194492,3
194494,4
194496,4
194498,3
194500,4
194502,4
194504,5
194506,4
194508,5
194510,5
194512,4
194514,4
194516,4
194518,5
194520,4
194522,5
194526,4
194528,2
194530,3
194532,3
194534,2
194536,4
194538,4
194540,2
194542,4
194544,3
194546,4
194548,4
194550,4
194552,4
194554,4
194556,3
194558,4
194560,4
194562,4
194564,3
194566,4
194568,5
194570,2
194574,5
194576,3
194578,5
194580,4
194582,5
194584,5
194586,5
194588,4
194590,4
194592,4
194594,2
194596,5
194598,4
194600,6
194602,4
194604,5
194606,1
194608,4
194610,4
194612,5
194614,3
194616,5
194618,4
194620,4
194622,4
194624,4
194626,4
194628,0
194632,4
194634,3
194636,3
194638,4
194640,3
194642,3
194644,3
194646,4
194648,3
194652,4
194654,4
194656,4
194658,4
194660,4
194662,5
194664,5
194666,4
194668,4
194670,3
194674,4
194678,4
194680,3
194682,3
194684,4
194686,3
194690,4
194692,3
194694,3
194696,0
194698,2
194700,4
194704,4
194706,4
194708,3
194710,2
194712,3
194714,5
194716,3
194718,3
194720,4
194722,3
194724,4
194726,3
194728,5
194729,4
194732,5
194734,5
194736,4
194738,2
194740,4
194744,3
194746,4
194748,3
194750,2
194752,4
194760,4
194762,3
194764,4
194766,4
194768,5
194770,3
194772,4
194773,4
194775,3
194777,2
194779,4
194781,2
194783,4
194785,5
194787,4
194789,5
194793,3
194795,4
194797,6
194799,5
194801,4
194811,6
194813,3
194815,3
194817,4
194819,3
194821,4
194823,3
194825,3
194827,4
194829,3
194831,3
194833,5
194835,4
194837,4
194839,4
194843,6
194845,3
194847,4
194849,4
194851,6
194853,5
194855,6
194857,1
194859,4
194861,2
194863,4
194865,4
194867,4
194869,5
194871,3
194873,4
194875,4
194877,2
194881,4
194883,5
194885,5
194889,5
194891,4
194893,4
194895,4
194897,6
194899,6
194903,6
194905,2
194907,4
194909,4
194911,4
194913,3
194915,4
194917,6
194919,4
194921,4
194925,4
194927,4
194929,6
194931,3
194933,4
194935,4
194937,5
194941,5
194943,5
194945,4
194947,3
194949,2
194951,3
194953,3
194955,4
194957,2
194959,2
194961,4
194963,5
194965,4
194967,4
194969,4
194973,6
194975,4
194977,4
194979,3
194981,5
194983,1
194985,3
194987,3
194989,5
194991,3
194993,4
194995,5
194997,4
194999,4
195001,5
195003,4
195005,4
195007,4
195009,5
195013,4
195017,3
195019,4
195021,3
195023,3
195025,2
195027,4
195029,4
195031,4
195033,4
195037,2
195041,3
195043,2
195045,1
195047,5
195049,3
195051,3
195053,3
195057,4
195059,1
195063,5
195065,4
195067,3
195069,4
195071,3
195073,4
195075,3
195077,4
195079,4
195081,4
195083,4
195085,3
195087,4
195089,4
195091,2
195093,4
195095,3
195097,4
195099,4
195101,3
195103,4
195105,3
195107,3
195109,3
195111,3
195113,4
195115,6
195117,3
195119,4
195121,3
195123,3
195125,2
195127,2
195129,4
195131,2
195133,4
195135,4
195139,2
195141,4
195147,4
195149,5
195151,4
195153,1
195155,3
195157,5
195159,6
195161,4
195163,3
195165,3
195167,4
195169,4
195171,5
195173,5
195175,3
195177,4
195179,4
195181,4
195183,3
195185,6
195187,3
195189,4
195191,4
195193,4
195195,2
195197,3
195199,3
195201,5
195203,3
195205,6
195207,3
195211,4
195213,3
195215,4
195217,3
195219,4
195225,3
195227,4
195229,4
195231,4
195233,4
195235,4
195237,4
195239,4
195241,5
195243,4
195245,6
195247,2
195249,4
195251,4
195253,2
195255,5
195257,3
195259,3
195261,4
195263,2
195265,4
195267,3
195269,3
195271,4
195273,4
195275,3
195277,2
195279,4
195281,5
195283,4
195285,3
195287,5
195289,4
195291,4
195293,4
195295,2
195297,3
195299,5
195301,4
195303,4
195305,4
195307,4
195309,4
195311,4
195313,3
195315,4
195317,4
195319,2
195321,3
195323,4
195325,4
195327,6
195329,4
195331,4
195333,4
195335,4
195337,4
195339,3
195343,3
195345,4
195347,3
195349,3
195351,3
195355,2
195357,4
195359,4
195361,3
195363,4
195365,5
195367,3
195369,4
195371,4
195373,2
195375,4
195377,4
195379,4
195381,4
195383,2
195385,3
195387,5
195389,4
195391,5
195395,4
195399,3
195401,4
195403,4
195405,4
195407,4
195409,4
195411,4
195415,3
195417,4
195419,4
195421,5
195423,3
195425,4
195427,3
195429,4
195431,5
195433,5
195435,5
195437,5
195439,4
195441,5
195443,5
195445,4
195447,4
195449,4
195451,4
195453,5
195455,4
195457,4
195459,2
195461,3
195463,4
195465,4
195467,4
195469,4
195471,4
195473,4
195475,5
195477,4
195479,2
195481,3
195483,5
195485,3
195487,4
195489,4
195491,5
195495,4
195497,0
195499,4
195503,4
195505,3
195507,4
195509,4
195511,4
195513,4
195515,6
195517,4
195519,6
195521,4
195523,4
195525,5
195527,4
195529,6
195533,4
195535,4
195537,4
195543,4
195545,4
195547,4
195549,4
195551,2
195553,4
195555,4
195559,0
195561,4
195563,4
195565,4
195567,5
195573,6
195575,5
195577,4
195581,5
195583,4
195585,4
195587,2
195589,4
195591,5
195593,4
195595,4
195597,4
195601,4
195603,3
195605,2
195607,4
195609,4
195611,4
195613,6
195615,6
195617,6
195619,6
195621,4
195623,5
195625,4
195627,4
195629,4
195631,4
195633,6
195635,5
195637,4
195639,4
195641,4
195643,3
195647,4
195649,2
195651,5
195653,5
195655,6
195659,4
195661,4
195663,4
195665,3
195667,4
195669,5
195671,4
195673,4
195675,3
195679,1
195681,4
195683,4
195685,4
195687,2
195689,3
195691,4
195693,4
195695,4
195697,5
195699,5
195701,4
195703,4
195705,4
195707,4
195709,3
195713,3
195715,4
195717,3
195719,4
195721,4
195723,4
195725,4
195727,4
195729,4
195731,4
195733,4
195735,4
195739,2
195741,3
195743,4
195745,1
195747,4
195749,3
195751,4
195753,5
195755,5
195757,3
195759,4
195761,5
195763,4
195765,4
195767,4
195769,4
195773,4
195775,4
195777,3
195779,5
195781,3
195783,3
195785,3
195787,4
195795,5
195797,4
195805,4
195809,4
195811,5
195813,5
195815,4
195817,4
195819,6
195821,4
195823,6
195825,3
195827,4
195831,4
195835,3
195837,4
195839,3
195841,4
195843,4
195847,4
195849,4
195851,4
195853,4
195855,3
195859,4
195861,4
195863,4
195865,4
195867,3
195869,5
195871,3
195873,4
195875,5
195877,4
195879,5
195881,6
195885,4
195887,4
195889,4
195891,4
195893,5
195895,6
195897,6
195899,4
195901,6
195903,6
195905,4
195907,4
195909,4
195911,4
195913,4
195915,4
195917,5
195919,4
195921,2
195923,4
195925,3
195927,5
195929,3
195931,4
195933,4
195937,1
195939,2
195941,4
195943,3
195945,5
195947,3
195949,4
195953,4
195955,5
195957,4
195959,3
195961,4
195963,5
195965,3
195967,6
195969,2
195971,4
195973,5
195975,5
195977,2
195979,4
195981,6
195983,4
195985,5
195987,4
195989,5
195991,4
195993,3
195995,6
195997,4
195999,3
196001,4
196003,4
196005,4
196009,4
196011,4
196013,4
196015,4
196017,4
196019,3
196021,3
196023,2
196025,6
196027,4
196029,1
196031,4
196033,4
196035,4
196037,4
196039,4
196041,3
196043,4
196045,3
196047,3
196049,4
196051,4
196053,3
196055,4
196057,3
196061,4
196063,4
196065,4
196067,5
196071,6
196073,3
196075,4
196077,4
196079,5
196081,4
196083,2
196085,4
196087,5
196089,4
196091,5
196093,3
196095,4
196097,5
196101,1
196103,4
196105,4
196107,4
196111,3
196113,4
196115,5
196117,3
196119,4
196121,4
196123,4
196125,3
196127,5
196129,3
196131,4
196135,4
196137,4
196139,4
196141,4
196143,4
196145,4
196147,4
196149,3
196153,6
196155,6
196157,6
196159,6
196161,6
196163,4
196165,4
196167,1
196169,2
196171,2
196173,4
196175,6
196181,6
196183,1
196185,3
196187,4
196191,4
196195,4
196197,5
196199,4
196201,4
196203,4
196205,4
196209,4
196211,6
196213,6
196215,6
196217,6
196219,4
196223,3
196225,4
196227,4
196229,4
196231,2
196233,3
196235,4
196237,6
196239,5
196241,3
196243,5
196245,6
196247,3
196249,4
196251,2
196255,5
196257,3
196259,5
196261,4
196263,4
196265,3
196267,4
196269,4
196271,4
196273,4
196275,4
196277,4
196281,4
196283,4
196285,4
196287,4
196289,4
196291,3
196293,2
196295,4
196297,5
196301,2
196303,4
196305,4
196307,4
196309,1
196311,4
196313,4
196315,4
196317,3
196319,5
196321,3
196325,4
196327,2
196329,4
196331,4
196333,6
196335,3
196337,4
196339,4
196341,4
196343,5
196345,5
196347,5
196349,6
196351,1
196353,4
196357,4
196359,4
196363,4
196365,4
196367,5
196369,6
196371,5
196373,3
196375,4
196377,6
196379,4
196381,3
196383,4
196385,4
196387,2
196389,4
196391,4
196393,3
196395,3
196397,4
196399,4
196401,3
196403,5
196405,4
196407,2
196409,5
196411,3
196413,3
196415,4
196417,6
196419,4
196421,3
196423,4
196425,4
196427,4
196429,4
196431,4
196433,3
196435,4
196437,5
196439,4
196441,3
196443,4
196445,6
196447,3
196449,4
196451,4
196453,6
196455,6
196457,4
196459,4
196461,1
196463,5
196465,5
196467,4
196469,4
196471,4
196473,2
196475,2
196477,4
196479,6
196481,6
196483,4
196485,2
196487,6
196489,3
196491,6
196493,6
196495,4
196497,3
196499,6
196501,4
196503,3
196505,4
196507,6
196509,3
196511,4
196513,4
196515,2
196517,4
196519,1
196521,4
196523,4
196525,4
196527,4
196529,4
196531,4
196533,4
196535,4
196537,4
196539,6
196541,6
196543,6
196545,6
196547,1
196549,4
196551,4
196553,6
196555,6
196557,6
196559,6
196561,6
196565,4
196567,4
196569,4
196573,5
196575,5
196577,5
196579,5
196583,4
196585,4
196587,6
196589,5
196591,5
196593,4
196597,4
196599,1
196601,1
196603,4
196607,4
196609,4
196611,4
196613,6
196615,4
196617,4
196619,6
196621,4
196627,3
196629,3
196631,4
196635,4
196637,4
196639,4
196641,4
196645,6
196647,5
196651,4
196653,2
196655,3
196659,3
196661,5
196665,3
196667,4
196671,5
196675,4
196677,4
196679,4
196681,4
196683,6
196685,4
196687,1
196689,4
196691,4
196693,6
196695,3
196697,3
196699,4
196701,4
196703,3
196705,4
196707,4
196709,4
196715,6
196717,4
196719,4
196721,4
196723,4
196725,6
196727,4
196729,4
196733,3
196737,4
196739,2
196741,4
196743,4
196745,2
196747,2
196751,6
196753,4
196755,6
196757,5
196759,3
196761,3
196767,4
196769,2
196771,4
196773,0
196775,4
196777,4
196779,4
196781,4
196783,4
196785,3
196787,1
196793,4
196795,4
196799,4
196801,6
196803,3
196805,4
196807,4
196809,4
196811,2
196813,4
196815,4
196821,1
196823,3
196825,4
196827,4
196829,2
196831,2
196833,5
196835,4
196837,4
196839,3
196841,1
196845,6
196847,3
196849,4
196851,4
196853,4
196855,4
196857,4
196859,2
196861,4
196863,5
196865,4
196867,4
196869,2
196871,2
196877,2
196879,3
196883,5
196885,4
196887,4
196889,3
196891,6
196893,3
196895,3
196897,4
196899,5
196901,5
196903,6
196905,4
196907,3
196909,3
196911,3
196913,3
196915,5
196917,2
196919,3
196921,5
196925,4
196929,3
196931,5
196933,5
196935,5
196937,6
196939,4
196943,3
196945,4
196947,4
196949,4
196951,4
196953,4
196957,4
196959,4
196961,4
196963,4
196965,6
196967,4
196969,3
196971,4
196973,6
196975,1
196979,4
196981,5
196983,2
196985,4
196987,5
196989,4
196991,5
196995,4
196997,3
196999,4
197001,4
197003,4
197005,6
197007,4
197009,5
197011,4
197013,4
197015,3
197017,4
197019,5
197023,4
197025,3
197027,4
197029,4
197031,6
197033,4
197035,3
197037,4
197039,3
197041,6
197043,3
197045,4
197047,6
197049,5
197051,4
197053,4
197063,4
197065,4
197067,3
197069,4
197071,4
197073,4
197075,6
197077,4
197079,4
197081,4
197083,4
197085,5
197087,4
197089,5
197091,4
197093,4
197095,6
197097,3
197101,4
197103,4
197105,4
197109,4
197111,4
197113,4
197117,5
197119,4
197121,4
197123,5
197125,3
197127,4
197129,4
197131,2
197133,3
197135,4
197137,4
197139,4
197141,3
197143,4
197145,1
197147,4
197149,4
197151,4
197153,4
197155,4
197157,1
197159,4
197161,4
197167,4
197169,4
197173,4
197175,3
197177,4
197179,3
197181,4
197183,4
197185,4
197187,4
197189,5
197191,4
197195,3
197197,4
197199,0
197201,4
197203,2
197205,4
197207,3
197209,4
197211,4
197215,3
197217,4
197219,4
197221,4
197223,2
197225,1
197227,5
197231,2
197235,5
197237,5
197239,4
197241,5
197243,4
197245,4
197247,2
197249,5
197251,5
197253,4
197255,4
197257,4
197259,4
197261,4
197263,4
197265,4
197267,4
197269,4
197271,4
197273,6
197275,4
197277,6
197279,4
197281,6
197283,4
197285,4
197287,2
197289,3
197295,4
197297,4
197299,2
197301,3
197303,3
197305,5
197307,4
197309,2
197311,4
197313,4
197315,4
197317,4
197321,4
197325,4
197327,5
197329,4
197331,5
197333,4
197335,4
197337,4
197343,3
197349,4
197351,4
197353,3
197355,4
197357,4
197359,6
197363,4
197365,4
197367,4
197369,4
197371,1
197373,5
197377,4
197379,6
197381,2
197383,4
197385,4
197387,4
197389,3
197393,3
197395,6
197397,6
197399,2
197403,4
197405,4
197407,4
197409,4
197411,4
197413,5
197415,4
197417,4
197419,3
197423,3
197425,4
197427,5
197429,4
197431,4
197433,4
197435,4
197439,2
197441,4
197443,3
197449,6
197453,4
197455,3
197457,4
197463,6
197465,6
197467,4
197469,4
197471,6
197473,6
197475,6
197477,6
197481,4
197483,3
197485,3
197489,4
197491,4
197493,6
197495,5
197497,4
197499,4
197501,4
197505,5
197507,4
197509,4
197513,3
197515,2
197517,4
197523,4
197525,5
197527,4
197529,4
197531,3
197533,4
197537,2
197539,6
197541,4
197547,3
197549,4
197551,6
197553,1
197557,4
197559,4
197561,4
197563,4
197565,4
197567,5
197569,5
197571,4
197573,4
197575,3
197577,3
197579,3
197583,4
197585,4
197587,4
197589,4
197591,4
197593,4
197595,2
197597,3
197599,4
197601,2
197603,4
197605,3
197607,4
197611,6
197613,4
197615,4
197617,4
197619,4
197621,4
197623,4
197625,3
197627,4
197629,5
197631,4
197633,4
197635,5
197637,5
197639,4
197643,5
197645,5
197647,4
197649,1
197651,4
197657,4
197659,4
197661,4
197663,3
197665,4
197667,4
197669,4
197671,4
197673,4
197675,3
197677,3
197679,2
197681,3
197683,4
197685,4
197687,4
197689,3
197691,5
197693,3
197695,2
197697,3
197699,5
197703,4
197705,3
197707,3
197709,3
197711,3
197713,4
197715,4
197717,4
197719,4
197721,4
197723,4
197725,4
197727,4
197729,2
197731,4
197733,4
197735,4
197737,4
197739,4
197741,4
197743,6
197745,4
197747,4
197749,4
197751,4
197753,5
197755,6
197757,6
197759,6
197761,6
197763,6
197765,6
197767,6
197769,6
197771,6
197773,6
197775,6
197777,6
197779,6
197781,6
197783,6
197785,6
197787,6
197789,6
197791,6
197793,6
197795,4
197797,1
197799,6
197801,6
197803,6
197805,6
197807,6
197809,4
197811,6
197813,6
197815,6
197817,6
197819,6
197821,6
197823,6
197825,6
197827,6
197829,6
197831,6
197833,6
197835,6
197837,6
197839,6
197841,5
197843,6
197845,6
197847,6
197849,6
197851,4
197853,6
197855,6
197857,4
197859,5
197861,6
197863,2
197865,2
197869,3
197871,4
197873,4
197875,2
197877,5
197879,5
197881,4
197883,4
197885,4
197887,4
197889,3
197891,5
197895,3
197897,5
197899,5
197901,4
197903,4
197905,4
197907,4
197909,5
197911,4
197913,5
197915,1
197917,4
197919,5
197921,5
197923,5
197925,5
197927,5
197929,5
197931,5
197933,6
197935,5
197937,5
197939,5
197941,4
197943,4
197945,6
197947,3
197949,5
197953,4
197955,4
197957,4
197959,2
197961,5
197963,4
197965,4
197967,4
197969,4
197973,4
197979,2
197981,4
197983,5
197987,5
197989,2
197991,4
197993,4
197997,4
198003,4
198005,4
198007,5
198009,4
198011,5
198013,4
198021,4
198025,5
198027,4
198029,4
198031,5
198033,4
198035,4
198039,4
198041,5
198047,4
198051,4
198057,4
198059,2
198061,5
198063,5
198065,5
198067,4
198071,5
198073,2
198075,4
198077,4
198079,5
198081,4
198083,2
198085,6
198087,4
198089,2
198091,4
198095,4
198097,5
198099,2
198101,2
198103,4
198105,4
198107,2
198109,4
198111,4
198113,4
198115,2
198117,5
198119,3
198121,4
198123,3
198125,3
198127,4
198129,6
198131,6
198133,4
198135,4
198137,4
198139,4
198141,3
198143,4
198145,4
198147,4
198149,4
198151,6
198153,4
198155,4
198157,4
198159,5
198161,5
198163,5
198165,3
198167,4
198169,4
198171,3
198173,4
198177,4
198179,5
198181,4
198183,4
198185,3
198187,4
198189,4
198191,4
198193,4
198195,4
198197,4
198199,4
198201,4
198203,4
198205,4
198207,2
198209,1
198211,4
198213,4
198215,4
198217,5
198219,4
198221,4
198223,4
198227,2
198229,5
198231,4
198233,4
198237,5
198239,4
198241,4
198243,5
198245,4
198247,5
198249,4
198251,3
198253,4
198255,3
198257,4
198259,4
198261,2
198263,4
198265,3
198267,5
198269,4
198271,4
198273,5
198275,5
198277,4
198279,5
198283,4
198285,4
198287,2
198289,3
198291,4
198293,4
198295,4
198297,3
198299,4
198301,6
198303,4
198305,4
198307,4
198309,6
198311,4
198313,4
198315,3
198317,4
198319,4
198321,4
198323,4
198325,4
198327,4
198329,4
198331,4
198333,6
198335,6
198337,6
198339,6
198341,4
198343,4
198345,6
198347,6
198349,6
198351,6
198353,6
198355,6
198357,6
198359,6
198361,4
198363,6
198365,6
198367,4
198369,4
198371,4
198373,4
198375,4
198377,4
198379,4
198381,4
198383,4
198385,4
198387,4
198389,4
198391,4
198393,4
198395,4
198397,6
198399,4
198401,4
198403,6
198405,4
198407,6
198409,6
198411,6
198413,4
198415,6
198417,6
198419,6
198421,6
198423,6
198425,6
198427,6
198429,6
198431,6
198433,6
198435,6
198437,6
198439,6
198441,6
198443,6
198445,6
198447,4
198449,4
198451,4
198453,4
198455,5
198457,4
198459,3
198461,5
198463,5
198465,4
198467,4
198469,4
198471,6
198475,5
198477,2
198479,4
198481,4
198483,4
198485,4
198487,4
198489,4
198491,5
198493,4
198495,2
198497,3
198499,4
198501,4
198503,3
198505,5
198507,5
198509,5
198511,3
198513,3
198515,3
198517,4
198519,3
198521,4
198523,3
198525,2
198527,4
198529,4
198531,4
198535,2
198537,4
198543,2
198545,1
198547,4
198549,4
198551,4
198553,4
198555,4
198557,4
198559,4
198561,4
198567,6
198569,6
198571,3
198573,6
198575,3
198577,3
198579,2
198581,4
198583,1
198585,4
198587,4
198589,4
198591,6
198593,4
198595,4
198597,5
198599,5
198601,4
198603,4
198605,5
198607,6
198609,3
198611,6
198615,4
198617,4
198619,4
198621,4
198623,4
198625,4
198627,3
198629,4
198633,4
198635,5
198637,4
198639,6
198641,6
198643,4
198645,3
198647,4
198649,4
198651,4
198653,3
198655,4
198657,3
198659,3
198665,4
198667,5
198669,4
198673,3
198675,4
198677,4
198681,4
198683,3
198685,3
198687,3
198689,4
198691,3
198693,6
198695,6
198697,3
198699,4
198701,2
198703,4
198705,4
198707,4
198709,4
198711,2
198713,4
198715,5
198717,4
198719,4
198721,4
198723,4
198727,2
198729,3
198731,3
198733,2
198735,3
198737,3
198741,2
198743,3
198745,4
198747,5
198749,3
198751,4
198753,2
198755,5
198757,2
198761,4
198763,3
198765,2
198767,5
198769,4
198771,4
198773,4
198775,4
198779,3
198781,3
198783,4
198785,4
198787,3
198789,3
198791,6
198793,4
198795,5
198797,4
198799,5
198801,3
198803,3
198805,4
198807,1
198809,5
198811,4
198813,2
198815,4
198817,3
198819,6
198821,5
198823,4
198825,4
198827,3
198829,4
198831,3
198833,2
198835,4
198837,6
198839,4
198841,4
198843,3
198847,4
198849,4
198851,3
198853,6
198855,4
198857,3
198859,5
198861,5
198863,5
198865,5
198867,6
198869,5
198871,4
198873,4
198875,5
198877,4
198879,5
198881,4
198883,5
198885,4
198887,4
198889,4
198891,4
198893,2
198895,4
198897,4
198899,4
198901,4
198903,3
198905,4
198907,3
198909,3
198911,2
198913,5
198915,6
198917,5
198919,4
198921,3
198923,3
198925,3
198929,4
198931,3
198933,2
198935,4
198937,2
198939,3
198941,2
198943,2
198945,1
198947,2
198949,2
198951,4
198953,4
198955,3
198957,3
198959,3
198961,3
198963,1
198965,3
198967,1
198969,4
198971,2
198973,3
198975,3
198977,2
198979,2
198981,2
198983,4
198985,4
198987,4
198989,4
198991,2
198993,2
198995,4
198997,4
198999,4
199003,4
199005,4
199007,3
199009,3
199011,5
199013,4
199015,4
199017,5
199019,6
199021,6
199023,3
199025,3
199027,2
199029,2
199031,4
199033,3
199035,3
199037,3
199039,3
199041,3
199043,4
199045,3
199047,2
199049,3
199051,3
199053,4
199055,4
199057,4
199059,4
199061,6
199063,4
199065,4
199067,4
199069,4
199071,4
199073,3
199075,4
199077,4
199079,4
199081,4
199083,3
199085,4
199087,1
199089,4
199091,3
199093,4
199095,4
199097,4
199099,4
199101,3
199105,4
199107,2
199109,4
199111,4
199113,4
199115,4
199117,4
199119,3
199121,4
199123,4
199125,4
199127,4
199129,4
199131,1
199133,4
199135,4
199137,4
199139,1
199141,4
199143,4
199145,4
199147,4
199149,1
199151,4
199153,5
199155,4
199157,4
199159,4
199161,3
199163,2
199165,4
199167,4
199169,3
199171,4
199173,4
199175,5
199177,4
199179,6
199181,6
199183,6
199185,6
199187,4
199189,1
199191,3
199193,1
199197,1
199199,4
199201,4
199203,2
199205,4
199207,3
199209,4
199213,4
199217,3
199219,3
199223,3
199225,4
199227,4
199229,4
199231,3
199233,2
199235,4
199237,4
199239,2
199241,4
199243,5
199245,4
199247,4
199249,4
199251,4
199253,6
199255,1
199257,1
199259,3
199261,4
199263,4
199265,4
199267,4
199269,4
199271,3
199273,4
199275,3
199277,4
199279,5
199281,4
199283,4
199285,4
199289,4
199291,4
199295,4
199299,4
199301,4
199303,4
199305,4
199307,3
199309,6
199311,4
199315,4
199317,5
199319,2
199325,4
199331,4
199333,3
199335,3
199337,4
199339,5
199340,4
199342,5
199344,4
199346,3
199348,4
199350,6
199352,4
199354,4
199356,4
199358,6
199360,4
199364,4
199366,4
199370,4
199374,3
199382,4
199386,3
199388,4
199390,4
199394,4
199398,4
199402,4
199412,3
199414,6
199418,3
199420,4
199422,3
199424,4
199426,4
199428,4
199430,3
199432,4
199434,5
199436,4
199438,2
199440,4
199442,3
199444,6
199446,3
199448,5
199450,3
199452,2
199454,5
199456,1
199460,4
199462,4
199464,3
199466,5
199468,3
199470,3
199476,4
199478,4
199484,2
199488,3
199492,3
199494,4
199496,4
199498,6
199500,4
199502,3
199504,4
199508,6
199510,4
199512,6
199514,5
199516,4
199518,3
199520,3
199522,4
199524,5
199526,4
199528,3
199530,4
199532,4
199534,4
199536,3
199538,5
199540,3
199542,4
199544,4
199546,4
199548,4
199550,4
199552,4
199556,4
199558,4
199560,2
199562,6
199564,4
199566,4
199568,5
199570,3
199572,4
199574,4
199576,4
199578,4
199580,5
199584,4
199586,5
199588,4
199592,4
199594,4
199596,5
199598,4
199600,4
199610,4
199612,5
199614,4
199622,6
199626,3
199628,3
199634,4
199636,5
199638,1
199640,4
199642,4
199646,4
199648,3
199650,5
199652,5
199654,4
199656,4
199660,4
199662,4
199664,6
199666,6
199668,6
199670,4
199672,5
199674,4
199676,5
199682,5
199684,4
199686,6
199688,6
199690,6
199692,6
199694,6
199696,6
199698,6
199700,4
199702,4
199704,4
199706,4
199708,5
199710,4
199712,4
199714,5
199716,5
199718,3
199724,2
199728,2
199730,6
199732,6
199734,6
199736,6
199738,6
199740,3
199744,5
199746,4
199748,2
199750,4
199752,4
199754,4
199756,4
199758,4
199760,4
199762,4
199764,4
199768,4
199770,5
199772,2
199774,4
199776,4
199778,4
199780,4
199782,3
199784,6
199786,4
199788,4
199790,3
199792,6
199794,5
199796,5
199800,6
199802,6
199804,4
199806,6
199808,6
199810,6
199812,3
199814,5
199816,4
199818,4
199820,3
199822,6
199824,5
199826,6
199828,6
199830,4
199832,6
199834,6
199836,6
199838,5
199840,6
199842,6
199844,6
199846,4
199848,3
199850,5
199852,6
199854,6
199856,6
199858,6
199860,3
199862,3
199864,3
199866,2
199868,3
199870,4
199872,4
199874,5
199876,6
199878,6
199880,4
199882,5
199884,4
199886,4
199888,3
199890,3
199892,6
199894,2
199898,4
199900,4
199902,3
199904,1
199906,3
199908,5
199910,4
199912,3
199914,5
199916,3
199918,6
199920,4
199922,4
199924,4
199926,4
199928,4
199930,5
199932,4
199934,3
199936,4
199938,4
199940,4
199942,4
199944,1
199948,1
199950,4
199952,6
199958,4
199960,4
199964,4
199966,4
199968,4
199970,4
199974,3
199976,4
199978,3
199980,4
199982,4
199984,4
199986,4
199988,3
199990,4
199992,4
199994,4
199996,4
199998,4
200000,5
200002,4
200004,3
200006,4
200008,0
200010,4
200012,4
200014,4
200016,5
200018,3
200020,5
200022,3
200024,4
200026,4
200028,3
200030,5
200032,3
200034,4
200036,4
200038,4
200040,4
200042,4
200044,5
200046,4
200048,6
200050,2
200052,6
200054,5
200056,5
200060,4
200062,2
200074,4
200076,4
200078,3
200080,3
200082,4
200086,4
200088,4
200090,3
200092,4
200094,3
200096,4
200098,4
200100,4
200102,4
200104,5
200106,5
200108,3
200110,0
200112,5
200114,4
200116,4
200118,4
200120,4
200122,2
200124,3
200126,5
200128,3
200130,5
200132,4
200134,4
200136,5
200138,3
200140,2
200142,4
200144,4
200146,5
200148,4
200150,4
200152,6
200154,4
200156,4
200158,5
200160,4
200162,5
200164,4
200166,4
200168,4
200170,4
200172,4
200174,5
200176,4
200178,4
200180,3
200182,4
200184,4
200186,4
200188,4
200190,4
200192,4
200194,3
200196,4
200198,5
200200,3
200204,4
200206,4
200210,4
200222,4
200224,3
200232,3
200234,3
200236,2
200238,6
200240,5
200242,6
200244,4
200246,5
200248,4
200250,3
200252,4
200254,4
200256,6
200264,3
200266,4
200268,3
200270,6
200272,2
200274,2
200276,4
200278,4
200280,3
200282,3
200286,4
200288,3
200290,3
200296,4
200300,3
200302,4
200304,4
200306,0
200312,4
200314,4
200316,2
200318,4
200320,4
200322,4
200324,4
200326,4
200328,4
200332,0
200334,5
200336,4
200338,5
200340,5
200342,4
200344,4
200346,5
200348,4
200350,4
200352,5
200354,2
200356,4
200358,4
200360,3
200362,3
200368,4
200370,4
200372,3
200374,4
200376,4
200378,5
200380,2
200382,2
200384,6
200386,2
200388,6
200390,6
200392,6
200394,6
200396,6
200398,2
200400,6
200402,6
200404,6
200406,6
200408,6
200410,6
200412,6
200414,2
200416,6
200418,6
200420,3
200422,4
200424,4
200426,2
200428,4
200430,4
200432,2
200434,4
200436,4
200438,4
200440,2
200442,4
200444,3
200446,4
200448,6
200450,4
200452,4
200454,4
200456,4
200458,4
200460,4
200462,5
200464,4
200466,4
200468,4
200470,4
200472,4
200476,2
200478,4
200480,4
200482,5
200484,5
200486,5
200488,5
200490,4
200492,4
200494,3
200496,5
200498,2
200500,5
200502,4
200506,3
200508,3
200510,5
200512,4
200514,2
200516,2
200518,3
200520,4
200522,4
200524,4
200526,4
200528,3
200530,4
200534,3
200536,4
200538,2
200540,0
200542,3
200544,3
200546,3
200548,3
200550,4
200552,4
200556,2
200558,4
200562,4
200566,3
200568,3
200570,4
200572,5
200574,3
200576,5
200578,4
200580,4
200582,5
200584,3
200586,4
200588,4
200590,4
200592,4
200594,5
200598,4
200602,4
200604,4
200606,4
200608,5
200610,4
200612,3
200614,6
200616,4
200618,4
200620,4
200622,4
200624,4
200626,4
200630,6
200632,4
200634,6
200638,4
200640,4
200642,5
200644,4
200646,3
200648,5
200650,2
200652,4
200654,5
200656,4
200658,1
200660,5
200662,3
200664,4
200668,4
200670,4
200672,4
200676,6
200678,3
200682,4
200684,4
200686,3
200690,4
200692,4
200694,4
200696,3
200698,5
200700,3
200702,1
200704,5
200708,5
200710,5
200712,4
200714,4
200716,4
200718,4
200720,4
200722,5
200724,5
200726,4
200728,4
200730,3
200732,4
200736,5
200738,4
200740,4
200742,3
200744,5
200746,4
200748,3
200750,2
200754,4
200756,2
200760,4
200762,3
200764,3
200766,4
200768,4
200770,6
200772,4
200776,3
200778,4
200780,3
200782,4
200784,4
200786,4
200788,4
200790,4
200792,4
200794,4
200796,5
200798,4
200800,4
200802,6
200804,4
200806,4
200808,4
200810,5
200812,4
200814,3
200816,4
200818,2
200820,3
200822,3
200824,6
200826,6
200828,4
200830,4
200832,3
200834,3
200836,4
200838,6
200840,4
200842,4
200844,4
200846,5
200848,5
200850,5
200852,4
200854,4
200856,4
200858,4
200860,6
200864,2
200866,4
200872,5
200874,5
200876,4
200878,4
200880,4
200882,6
200884,4
200886,4
200888,4
200890,4
200892,2
200894,4
200896,4
200898,6
200900,5
200902,4
200904,4
200906,2
200908,4
200910,6
200912,2
200914,5
200916,5
200918,5
200920,4
200922,4
200924,4
200926,5
200928,4
200930,4
200932,4
200934,4
200936,4
200938,3
200940,6
200942,4
200944,5
200948,4
200950,6
200952,4
200962,2
200964,2
200966,4
200968,4
200970,4
200972,4
200974,4
200976,4
200978,5
200980,5
200982,3
200984,5
200986,3
200988,5
200990,2
200992,4
200994,4
200998,1
201000,5
201002,3
201004,3
201006,3
201008,3
201010,4
201012,2
201014,4
201016,3
201018,4
201020,4
201022,4
201024,3
201026,3
201030,6
201032,4
201034,4
201036,5
201038,3
201040,4
201042,4
201044,4
201046,4
201048,6
201050,3
201052,4
201054,3
201056,4
201058,4
201060,4
201062,2
201064,4
201066,4
201068,4
201070,4
201072,5
201074,4
201076,4
201078,4
201080,3
201082,4
201084,4
201086,4
201088,5
201090,4
201092,4
201094,4
201096,4
201098,4
201100,4
201102,4
201104,4
201106,4
201108,3
201110,4
201112,4
201114,4
201116,4
201118,3
201120,4
201122,4
201124,4
201126,4
201128,4
201130,4
201132,3
201134,6
201136,2
201138,4
201140,3
201142,3
201144,3
201146,4
201148,3
201150,2
201152,4
201154,4
201156,3
201158,4
201160,5
201162,5
201164,3
201166,5
201168,5
201170,5
201172,4
201174,4
201176,4
201180,2
201182,4
201184,4
201186,4
201188,3
201190,4
201192,4
201194,5
201196,4
201198,4
201200,4
201202,5
201204,4
201208,2
201212,3
201216,4
201218,3
201222,2
201226,4
201228,4
201230,4
201232,4
201234,4
201236,2
201238,1
201240,5
201242,3
201244,4
201246,2
201248,5
201250,3
201254,4
201256,2
201258,4
201262,3
201264,4
201266,4
201268,4
201270,4
201272,3
201274,4
201276,4
201278,5
201280,5
201282,4
201284,2
201286,3
201288,4
201290,4
201292,4
201294,3
201300,3
201302,4
201304,2
201306,3
201308,3
201310,4
201312,4
201314,4
201316,4
201318,4
201320,3
201322,5
201328,4
201330,4
201332,4
201334,1
201336,2
201338,4
201340,3
201344,4
201346,4
201348,5
201350,2
201352,4
201354,4
201356,2
201358,4
201360,4
201364,4
201366,4
201368,4
201370,3
201372,4
201374,4
201376,4
201378,4
201380,4
201382,4
201384,4
201386,4
201388,4
201390,4
201392,4
201394,4
201396,4
201398,4
201400,4
201402,4
201404,4
201406,4
201408,3
201410,4
201412,2
201414,4
201416,4
201418,4
201420,4
201422,4
201424,4
201426,4
201428,4
201430,2
201432,4
201434,5
201436,5
201440,2
201442,4
201444,5
201446,4
201450,6
201452,4
201462,4
201466,4
201468,4
201470,3
201472,4
201474,6
201476,4
201478,4
201480,3
201482,4
201484,5
201486,4
201488,6
201498,2
201500,4
201502,6
201504,4
201506,4
201508,3
201512,4
201514,3
201516,5
201518,3
201522,4
201524,5
201526,5
201528,3
201530,4
201532,4
201534,4
201536,4
201538,3
201540,5
201542,4
201544,6
201546,3
201548,4
201550,4
201552,4
201554,4
201556,4
201558,4
201560,4
201562,4
201564,4
201566,4
201568,4
201570,4
201572,4
201574,4
201576,4
201578,4
201580,4
201582,4
201584,4
201586,3
201588,6
201592,3
201594,3
201596,6
201598,4
201600,4
201602,4
201604,4
201608,2
201610,4
201612,4
201614,6
201616,5
201618,4
201620,3
201622,5
201624,5
201626,5
201628,3
201630,4
201632,3
201634,4
201636,3
201638,5
201640,5
201642,4
201644,4
201646,3
201648,4
201652,4
201654,3
201656,4
201658,5
201660,4
201662,4
201664,3
201666,4
201668,1
201672,2
201674,6
201676,6
201678,4
201680,4
201682,6
201684,5
201686,5
201688,4
201690,4
201692,4
201694,4
201700,4
201702,5
201704,6
201706,6
201712,3
201715,5
201723,2
201725,3
201727,2
201729,0
201731,5
201733,3
201737,4
201739,3
201741,5
201745,2
201747,4
201749,2
201751,4
201753,3
201757,4
201759,5
201761,4
201763,2
201765,4
201767,3
201769,4
201773,3
201775,3
201777,4
201779,4
201781,3
201783,3
201787,4
201789,4
201793,4
201795,4
201797,3
201801,4
201803,6
201805,4
201807,5
201809,2
201811,4
201815,4
201817,4
201819,3
201821,4
201823,4
201825,6
201827,6
201829,4
201831,3
201833,4
201835,3
201839,3
201847,3
201849,2
201851,3
201855,5
201859,4
201861,6
201863,4
201865,2
201867,4
201869,3
201875,3
201883,4
201887,4
201889,4
201901,2
201905,3
201907,4
201911,3
201915,3
201917,4
201919,2
201921,5
201923,4
201925,4
201927,3
201929,3
201931,5
201933,4
201935,5
201937,4
201939,3
201943,2
201945,3
201947,5
201949,3
201951,4
201953,6
201957,4
201959,4
201967,4
201969,1
201971,4
201975,5
201977,4
201979,4
201981,1
201983,4
201993,4
201995,6
201999,2
202005,2
202007,4
202009,4
202011,4
202013,2
202015,4
202017,4
202021,2
202023,3
202025,2
202033,3
202035,4
202037,5
202041,4
202043,2
202045,5
202047,4
202049,4
202051,3
202053,4
202055,3
202057,5
202061,4
202063,5
202067,5
202069,4
202071,3
202073,4
202075,5
202077,3
202081,3
202083,1
202085,3
202087,4
202089,4
202091,4
202093,3
202095,4
202099,6
202101,3
202103,3
202105,2
202109,3
202111,3
202113,2
202119,3
202123,3
202133,2
202135,2
202137,3
202139,3
202141,5
202143,4
202145,4
202147,4
202151,4
202153,4
202155,4
202157,3
202159,3
202161,4
202163,5
202165,4
202167,4
202169,4
202171,3
202173,4
202175,3
202177,3
202179,4
202181,3
202187,4
202189,3
202191,5
202193,5
202195,3
202197,4
202199,4
202201,4
202203,4
202205,4
202207,4
202209,4
202211,6
202213,3
202215,4
202221,4
202225,2
202227,5
202229,4
202231,5
202233,5
202235,4
202237,4
202245,4
202247,4
202249,4
202251,4
202253,4
202255,4
202263,3
202265,3
202267,5
202269,4
202271,4
202273,4
202275,4
202277,3
202281,3
202287,4
202289,6
202291,3
202293,5
202297,4
202299,4
202301,4
202303,4
202305,4
202315,2
202317,4
202319,2
202321,5
202323,5
202325,3
202327,4
202329,3
202331,4
202333,4
202335,4
202341,4
202343,4
202345,3
202349,3
202355,3
202357,4
202359,5
202361,1
202363,4
202365,2
202369,4
202371,4
202373,4
202375,2
202377,4
202379,4
202381,4
202383,3
202389,1
202391,4
202393,4
202395,3
202397,1
202399,4
202401,4
202403,3
202405,2
202407,4
202409,4
202411,4
202413,4
202415,3
202417,4
202419,4
202421,3
202423,4
202425,4
202427,4
202429,0
202431,4
202433,1
202435,1
202437,4
202439,0
202441,5
202443,4
202445,4
202447,4
202449,4
202451,3
202453,3
202455,1
202465,5
202467,4
202469,4
202471,4
202473,4
202475,4
202477,4
202479,3
202481,4
202483,4
202487,4
202489,5
202491,4
202493,4
202495,2
202497,2
202499,4
202501,4
202509,1
202511,4
202513,6
202515,4
202517,6
202519,3
202529,4
202531,5
202533,5
202535,3
202537,4
202539,6
202541,6
202543,6
202545,4
202547,4
202549,4
202551,4
202553,4
202555,4
202557,6
202559,5
202561,3
202563,1
202565,4
202567,5
202569,4
202575,0
202577,5
202581,4
202583,4
202585,2
202595,4
202597,6
202599,5
202603,4
202605,5
202615,4
202619,4
202625,4
202627,4
202635,4
202641,4
202643,4
202645,2
202665,4
202671,4
202673,4
202677,4
202695,5
202697,4
202699,4
202701,4
202703,2
202705,2
202711,1
202713,4
202715,3
202717,4
202719,3
202721,4
202723,2
202725,5
202727,4
202729,4
202731,4
202733,4
202735,4
202737,4
202741,4
202745,5
202747,3
202749,4
202751,4
202753,4
202755,4
202757,4
202759,4
202761,5
202763,5
202765,4
202767,3
202769,4
202773,4
202775,4
202779,4
202781,3
202783,4
202787,4
202793,5
202795,4
202797,4
202799,2
202801,3
202803,4
202805,5
202807,5
202809,4
202811,4
202813,6
202815,3
202817,4
202819,4
202823,1
202825,4
202828,4
202830,1
202832,2
202834,3
202836,3
202838,4
202840,2
202842,3
202844,2
202846,4
202848,5
202850,4
202852,4
202854,4
202856,3
202858,4
202860,4
202862,4
202864,4
202866,5
202868,4
202870,4
202872,5
202874,2
202876,3
202878,2
202880,4
202882,4
202884,2
202886,4
202888,4
202890,2
202892,3
202894,4
202896,3
202898,4
202900,2
202902,4
202904,4
202906,4
202908,2
202910,4
202912,3
202914,2
202916,4
202918,4
202920,4
202922,4
202924,4
202926,4
202928,4
202930,4
202932,6
202934,3
202936,4
202938,3
202940,4
202942,4
202944,4
202946,3
202948,1
202950,3
202952,3
202954,4
202956,4
202958,4
202960,4
202962,3
202964,4
202966,2
202968,4
202970,3
202972,3
202974,4
202976,4
202978,4
202980,4
202982,4
202984,4
202986,4
202988,4
202990,4
202992,4
202994,4
202996,4
202998,3
203000,4
203002,2
203006,1
203010,5
203014,5
203016,3
203018,4
203020,6
203022,4
203024,4
203026,3
203028,3
203030,4
203032,5
203034,5
203036,6
203038,3
203040,6
203042,6
203044,4
203048,5
203050,6
203052,4
203054,4
203056,4
203058,3
203060,5
203062,6
203064,4
203066,4
203068,4
203072,5
203074,4
203076,2
203078,4
203080,2
203082,4
203084,4
203086,4
203090,4
203110,3
203112,4
203118,4
203124,6
203126,4
203128,5
203130,4
203132,4
203134,4
203136,5
203138,5
203140,4
203142,3
203144,3
203146,4
203148,4
203152,3
203154,5
203156,4
203158,4
203160,4
203162,4
203164,4
203166,6
203168,6
203170,5
203172,4
203174,4
203176,4
203180,4
203182,4
203184,3
203186,4
203188,5
203190,5
203192,5
203196,5
203198,4
203200,4
203202,6
203204,4
203206,4
203208,3
203212,3
203214,2
203218,4
203220,4
203222,0
203224,6
203226,4
203228,3
203230,4
203232,3
203234,4
203236,6
203238,5
203240,6
203242,5
203244,2
203246,6
203248,4
203250,4
203252,3
203254,4
203256,4
203258,3
203264,4
203266,5
203268,3
203270,3
203272,4
203274,4
203278,4
203280,5
203282,3
203284,2
203286,2
203288,4
203290,4
203292,4
203296,6
203298,6
203300,4
203302,5
203304,4
203306,2
203308,4
203310,3
203312,5
203314,3
203316,4
203318,4
203320,4
203322,3
203324,4
203326,4
203328,4
203330,3
203334,5
203336,4
203338,5
203340,4
203348,6
203358,4
203360,4
203364,4
203368,4
203369,4
203371,4
203373,5
203375,3
203379,5
203381,5
203383,5
203385,4
203387,5
203389,4
203391,6
203393,3
203395,5
203397,4
203399,4
203401,3
203403,4
203405,4
203407,4
203409,2
203411,5
203413,5
203417,3
203419,4
203421,3
203423,4
203425,5
203429,2
203431,4
203433,4
203435,4
203437,4
203439,4
203441,2
203443,5
203445,4
203447,4
203449,4
203451,1
203453,4
203455,4
203457,4
203459,3
203461,6
203463,4
203465,4
203467,2
203469,2
203471,4
203473,4
203475,4
203477,4
203479,4
203481,2
203483,4
203485,4
203487,4
203491,4
203495,4
203497,4
203499,4
203501,5
203503,2
203505,5
203509,4
203511,4
203513,3
203515,4
203517,6
203519,3
203521,4
203523,3
203525,4
203527,2
203529,1
203531,4
203533,4
203535,4
203537,4
203539,4
203541,4
203543,4
203545,4
203547,4
203553,5
203557,4
203559,4
203561,4
203563,3
203565,5
203569,3
203571,4
203573,4
203577,5
203583,1
203585,4
203589,3
203591,3
203593,4
203595,4
203597,4
203599,6
203601,1
203603,5
203613,4
203615,3
203617,4
203619,4
203621,4
203623,4
203627,4
203629,1
203631,3
203633,2
203635,4
203637,1
203639,4
203641,4
203643,3
203645,4
203647,4
203649,4
203651,5
203653,2
203655,3
203657,4
203659,3
203661,4
203663,4
203667,3
203669,4
203671,3
203673,5
203675,4
203677,4
203679,5
203681,5
203683,2
203685,4
203687,3
203689,6
203691,5
203693,4
203695,4
203697,4
203699,3
203701,3
203703,6
203705,5
203707,4
203709,4
203711,4
203713,5
203715,4
203717,4
203719,4
203721,3
203723,4
203727,4
203729,1
203733,4
203735,4
203737,4
203739,4
203741,4
203743,3
203745,6
203747,4
203749,3
203751,4
203753,4
203757,4
203759,4
203761,4
203763,4
203765,4
203767,4
203769,5
203771,4
203773,4
203775,4
203777,4
203779,4
203781,4
203783,4
203785,4
203787,4
203789,4
203797,4
203799,3
203801,4
203803,4
203805,3
203807,2
203809,5
203811,2
203813,6
203815,4
203817,3
203819,5
203821,4
203823,4
203825,4
203827,5
203829,3
203831,4
203833,4
203835,5
203837,2
203839,4
203847,4
203849,4
203853,2
203855,4
203857,4
203863,1
203865,4
203867,5
203869,1
203877,4
203879,4
203881,4
203882,4
203884,2
203886,3
203890,4
203892,4
203894,5
203896,4
203898,5
203902,6
203904,4
203906,4
203912,4
203914,4
203916,4
203922,2
203926,3
203928,5
203930,4
203934,3
203936,4
203938,5
203940,4
203942,2
203946,4
203948,6
203950,5
203952,2
203954,4
203956,4
203958,4
203960,1
203962,4
203964,4
203966,3
203970,2
203972,5
203974,6
203976,3
203978,1
203980,1
203982,3
203984,4
203986,5
203988,4
203996,4
204002,4
204004,4
204012,4
204014,4
204016,4
204018,3
204020,4
204022,4
204026,4
204028,4
204030,3
204034,4
204036,4
204038,4
204040,4
204044,4
204052,4
204054,3
204056,2
204058,3
204060,4
204062,3
204064,4
204066,4
204068,5
204070,4
204072,5
204074,4
204076,5
204078,4
204080,4
204082,4
204084,4
204086,4
204090,4
204092,4
204094,4
204096,6
204098,3
204102,4
204104,4
204106,4
204110,4
204114,4
204116,3
204118,3
204120,5
204122,4
204124,5
204126,2
204128,4
204132,3
204134,4
204138,4
204142,4
204146,6
204150,4
204152,3
204154,3
204156,4
204158,6
204160,2
204162,6
204164,4
204166,3
204168,4
204172,3
204176,3
204178,4
204180,4
204182,3
204184,4
204186,5
204188,6
204190,4
204196,4
204198,3
204200,4
204202,3
204204,3
204206,5
204208,4
204210,2
204212,4
204214,3
204216,2
204218,4
204220,4
204222,5
204224,5
204226,4
204228,2
204230,5
204232,4
204234,3
204236,2
204238,4
204240,4
204246,4
204248,4
204250,4
204252,4
204254,3
204256,2
204258,4
204260,3
204264,4
204266,4
204268,3
204270,4
204272,2
204274,2
204276,2
204278,2
204284,4
204288,2
204290,3
204292,4
204294,5
204296,6
204298,2
204302,0
204304,4
204308,4
204310,4
204312,4
204316,2
204318,4
204320,3
204322,3
204324,4
204326,3
204328,4
204330,4
204334,3
204336,5
204338,4
204340,4
204342,5
204344,4
204346,6
204350,5
204352,3
204354,5
204356,4
204358,3
204360,4
204362,4
204364,4
204366,6
204370,4
204372,2
204374,2
204376,2
204380,2
204384,2
204386,2
204388,5
204390,4
204394,5
204396,4
204398,4
204400,5
204406,4
204410,3
204420,5
204422,5
204430,4
204436,4
204438,4
204440,4
204442,6
204444,4
204446,4
204448,5
204450,6
204452,4
204458,4
204466,3
204470,4
204472,4
204474,4
204478,4
204480,3
204482,4
204488,4
204490,4
204492,4
204494,5
204496,4
204498,3
204500,4
204504,6
204506,4
204508,3
204510,4
204512,4
204514,4
204516,4
204518,4
204520,2
204522,3
204524,4
204526,2
204528,6
204530,3
204534,4
204536,4
204538,2
204540,3
204542,3
204546,3
204548,4
204552,4
204554,4
204556,4
204558,3
204560,4
204562,3
204564,6
204566,4
204568,4
204570,4
204572,4
204574,4
204576,6
204578,4
204580,2
204582,4
204584,3
204586,3
204588,4
204590,6
204592,3
204594,4
204596,3
204598,2
204600,2
204602,2
204606,4
204608,4
204610,6
204612,4
204614,6
204616,3
204618,4
204620,3
204622,6
204624,3
204626,3
204628,5
204630,4
204632,6
204634,3
204636,3
204638,5
204640,6
204642,5
204644,4
204646,2
204648,2
204652,4
204654,3
204656,3
204658,2
204662,6
204664,6
204672,2
204674,4
204676,6
204678,6
204680,6
204684,3
204688,2
204690,4
204692,3
204694,6
204696,3
204698,2
204700,3
204702,3
204704,3
204710,4
204712,5
204714,3
204720,4
204722,6
204724,2
204730,4
204732,3
204734,4
204736,2
204740,4
204750,4
204752,3
204754,4
204756,4
204764,2
204766,4
204768,5
204770,4
204772,5
204774,5
204776,5
204778,5
204780,4
204782,5
204786,3
204788,4
204790,4
204794,4
204796,2
204798,4
204802,5
204804,4
204806,4
204808,4
204810,6
204812,6
204814,6
204816,6
204818,6
204820,6
204822,6
204824,4
204826,2
204830,2
204832,6
204834,1
204836,4
204838,5
204840,4
204842,4
204844,3
204846,4
204848,4
204850,5
204852,4
204854,6
204856,4
204858,2
204864,2
204866,5
204868,4
204874,5
204876,5
204878,0
204880,3
204882,4
204890,5
204892,5
204896,4
204898,4
204900,4
204902,4
204910,1
204912,3
204914,4
204916,3
204918,4
204920,6
204924,5
204926,1
204928,5
204936,3
204938,4
204942,4
204946,2
204948,2
204954,4
204966,4
204970,4
204972,5
204974,4
204976,4
204980,5
204982,4
204986,4
204990,5
204992,4
204994,4
204996,4
204998,5
205002,4
205004,4
205006,4
205008,4
205010,4
205012,4
205014,4
205016,2
205018,4
205020,4
205022,4
205024,2
205026,3
205028,4
205030,2
205034,2
205036,4
205038,4
205040,1
205042,4
205044,5
205046,6
205048,2
205052,4
205054,2
205058,4
205060,5
205062,4
205064,3
205066,6
205068,5
205070,4
205072,3
205074,4
205076,4
205078,4
205080,4
205082,6
205090,2
205094,6
205102,4
205106,4
205108,4
205110,4
205112,2
205114,4
205116,2
205118,5
205120,4
205122,5
205124,5
205126,4
205128,4
205130,2
205132,5
205134,5
205136,1
205140,4
205142,5
205144,4
205146,4
205148,4
205150,4
205152,4
205154,5
205156,5
205158,6
205160,5
205162,4
205164,4
205166,4
205168,4
205170,4
205172,4
205174,3
205176,5
205178,4
205180,3
205182,3
205184,4
205186,3
205188,1
205190,5
205192,3
205194,5
205196,1
205198,4
205200,4
205205,3
205257,5
205259,5
205261,5
205263,5
205265,5
205267,4
205269,5
205271,5
205273,5
205275,3
205277,4
205279,4
205281,3
205283,3
205285,4
205287,6
205289,1
205291,2
205293,5
205295,4
205297,3
205299,3
205301,4
205303,2
205305,4
205309,4
205311,2
205313,4
205315,2
205321,4
205323,1
205325,4
205327,2
205329,2
205331,4
205333,4
205335,4
205337,5
205339,3
205341,4
205345,2
205351,4
205357,4
205359,4
205361,4
205365,4
205367,4
205369,3
205371,5
205373,1
205375,5
205377,4
205379,2
205381,4
205383,2
205385,4
205387,5
205389,5
205391,4
205393,3
205395,4
205397,3
205399,4
205403,4
205405,5
205407,4
205413,2
205415,5
205417,4
205419,4
205421,3
205423,4
205425,4
205427,5
205429,5
205431,5
205433,5
205435,6
205437,5
205439,5
205441,4
205443,1
205445,6
205447,6
205449,4
205451,2
205453,5
205455,5
205457,4
205459,5
205461,4
205463,4
205465,4
205469,4
205473,3
205475,5
205479,5
205481,4
205483,4
205485,2
205489,6
205491,6
205493,4
205499,4
205501,4
205503,4
205505,6
205507,4
205509,4
205511,5
205513,4
205515,2
205517,4
205523,3
205525,4
205527,5
205529,4
205531,5
205535,4
205537,4
205539,6
205541,5
205543,5
205545,1
205547,6
205551,4
205557,4
205559,4
205561,1
205563,4
205573,5
205575,3
205577,4
205583,3
205589,4
205591,3
205595,4
205599,4
205605,4
205613,4
205615,4
205617,4
205619,4
205621,4
205623,4
205625,4
205629,5
205633,4
205635,4
205637,3
205639,4
205645,4
205647,4
205649,4
205651,4
205657,4
205659,4
205661,4
205663,6
205665,4
205667,4
205671,4
205673,2
205675,4
205677,3
205679,4
205681,4
205683,4
205685,4
205687,2
205689,4
205691,4
205697,6
205699,4
205707,4
205713,4
205715,4
205717,4
205719,4
205721,4
205723,4
205727,4
205729,4
205741,4
205743,4
205745,4
205749,4
205753,4
205755,4
205761,2
205763,4
205765,4
205767,4
205769,4
205771,4
205773,4
205777,4
205779,4
205797,3
205799,4
205805,4
205807,4
205809,6
205811,4
205815,4
205817,4
205819,4
205827,4
205829,5
205831,5
205833,5
205835,2
205837,5
205839,4
205841,3
205843,5
205845,4
205847,4
205849,4
205851,4
205855,4
205857,4
205859,4
205861,4
205863,4
205865,4
205867,4
205869,5
205871,4
205873,6
205889,6
205893,1
205895,6
205897,6
205899,4
205907,4
205909,4
205913,4
205917,4
205919,5
205921,4
205923,3
205925,3
205929,4
205931,2
205933,4
205935,4
205937,4
205939,4
205941,4
205943,4
205945,6
205947,5
205949,5
205951,4
205953,4
205955,5
205957,3
205963,4
205965,4
205967,4
205969,3
205975,5
205982,4
205984,2
205986,3
205988,5
205990,4
205992,3
205994,4
205998,3
206000,4
206002,4
206004,4
206006,2
206008,5
206010,5
206012,6
206014,6
206016,6
206018,3
206020,4
206022,4
206024,6
206026,4
206028,6
206030,5
206036,3
206040,4
206042,3
206044,6
206046,4
206048,5
206050,6
206052,6
206054,6
206056,2
206058,5
206060,2
206062,4
206064,4
206066,5
206068,3
206071,5
206073,6
206075,4
206077,4
206083,4
206087,4
206089,4
206091,4
206093,5
206095,5
206097,2
206099,4
206101,5
206103,5
206105,5
206107,1
206109,4
206111,4
206115,5
206117,4
206119,1
206121,4
206123,4
206125,4
206127,3
206129,3
206131,3
206133,3
206135,3
206137,3
206139,2
206141,2
206143,5
206145,4
206147,5
206150,3
206152,5
206164,5
206174,5
206176,5
206178,5
206180,5
206184,4
206190,3
206192,4
206194,5
206196,4
206198,3
206200,4
206202,4
206204,5
206206,1
206208,4
206210,4
206212,2
206214,5
206216,5
206218,4
206226,4
206242,4
206244,3
206250,4
206252,2
206254,4
206260,1
206262,4
206264,3
206268,5
206270,3
206272,3
206274,3
206276,5
206278,5
206280,5
206282,4
206285,3
206287,3
206289,3
206291,3
206293,4
206295,4
206297,4
206299,4
206301,5
206303,3
206305,3
206307,5
206309,4
206311,3
206313,2
206315,5
206317,4
206319,4
206323,6
206325,3
206327,3
206329,3
206337,5
206339,4
206341,4
206343,5
206345,4
206347,2
206349,5
206351,2
206353,4
206355,4
206357,5
206359,4
206361,5
206363,4
206365,4
206369,4
206371,5
206373,4
206377,4
206383,4
206385,4
206387,4
206389,4
206391,4
206393,6
206395,4
206399,5
206401,5
206403,4
206407,5
206409,4
206411,5
206415,2
206417,3
206419,4
206423,5
206425,4
206429,2
206431,5
206433,4
206435,4
206447,5
206449,4
206451,4
206453,6
206455,6
206457,4
206459,5
206461,6
206463,6
206465,5
206467,5
206471,6
206477,6
206479,6
206481,6
206483,4
206487,4
206489,1
206491,4
206497,5
206499,4
206501,3
206503,5
206505,4
206507,4
206509,4
206511,4
206515,5
206517,4
206519,4
206521,4
206523,4
206525,3
206527,3
206529,4
206531,3
206533,2
206535,5
206537,4
206565,4
206625,4
206633,3
206637,4
206639,4
206641,4
206643,4
206645,6
206647,6
206649,4
206651,4
206653,2
206658,4
206662,3
206666,4
206668,4
206670,2
206672,4
206674,4
206676,4
206678,3
206680,1
206682,5
206684,5
206686,3
206688,4
206694,3
206696,3
206698,4
206700,3
206702,3
206704,4
206706,2
206708,4
206710,4
206712,4
206714,6
206717,4
206719,5
206721,4
206723,4
206727,4
206729,3
206731,2
206733,3
206735,4
206737,6
206741,4
206743,4
206747,5
206749,5
206751,4
206755,4
206757,4
206759,4
206761,5
206765,4
206769,4
206771,4
206773,4
206775,4
206777,5
206779,4
206781,4
206783,6
206785,2
206789,3
206791,2
206793,5
206795,4
206797,3
206799,5
206801,4
206803,4
206805,2
206807,3
206809,4
206811,4
206815,4
206817,4
206819,4
206821,3
206823,3
206825,2
206827,5
206829,5
206833,5
206837,4
206839,3
206841,3
206843,5
206845,2
206847,5
206849,4
206851,3
206855,4
206857,2
206859,5
206861,2
206863,6
206865,5
206867,4
206869,4
206881,5
206883,4
206885,3
206887,3
206889,4
206891,4
206893,4
206895,5
206899,3
206901,6
206905,6
206907,6
206909,6
206911,6
206915,6
206919,6
206921,6
206923,5
206925,5
206927,4
206929,5
206931,5
206933,4
206935,5
206937,4
206939,6
206943,5
206945,4
206947,4
206949,5
206953,5
206955,4
206957,4
206959,6
206961,5
206963,4
206967,5
206969,6
206971,5
206973,4
206975,4
207021,6
207023,2
207025,3
207027,6
207029,4
207031,4
207033,6
207035,5
207037,4
207039,4
207041,4
207043,4
207045,4
207047,5
207049,5
207051,4
207053,4
207055,4
207057,4
207059,2
207061,4
207065,6
207067,4
207071,5
207075,4
207077,5
207079,6
207087,3
207089,4
207091,4
207093,5
207095,5
207097,4
207101,4
207103,3
207107,3
207109,4
207111,4
207113,4
207115,5
207117,4
207119,5
207121,4
207129,2
207133,3
207135,4
207139,4
207141,3
207143,4
207145,4
207147,4
207149,4
207151,4
207153,4
207155,4
207157,5
207159,4
207161,5
207163,4
207165,3
207167,5
207169,4
207171,4
207173,4
207181,4
207185,2
207187,5
207189,6
207191,4
207193,4
207195,4
207197,3
207199,3
207201,5
207203,4
207205,4
207209,3
207211,4
207213,2
207215,4
207217,4
207223,1
207225,5
207227,4
207229,4
207231,5
207235,3
207237,4
207239,4
207243,4
207249,4
207255,4
207259,4
207261,4
207263,4
207265,4
207269,5
207271,3
207273,2
207277,4
207279,4
207281,5
207283,2
207287,3
207289,4
207291,4
207293,4
207295,4
207297,2
207299,4
207303,5
207307,6
207309,3
207311,4
207313,2
207315,3
207317,4
207319,5
207321,5
207323,4
207325,5
207329,5
207331,4
207333,5
207335,3
207337,5
207339,3
207341,4
207343,3
207345,5
207347,6
207349,4
207357,4
207359,2
207361,4
207363,4
207365,5
207367,3
207369,5
207371,6
207375,6
207387,4
207401,2
207403,4
207405,3
207409,4
207415,2
207417,4
207419,4
207423,6
207425,4
207429,3
207431,4
207433,4
207435,4
207437,4
207439,4
207441,5
207443,4
207445,4
207447,5
207451,4
207453,4
207457,6
207461,4
207465,4
207467,4
207469,4
207473,6
207475,4
207477,4
207479,4
207481,5
207483,2
207487,3
207493,2
207497,4
207499,4
207501,1
207503,5
207507,4
207509,5
207514,4
207516,4
207518,4
207530,6
207532,1
207534,4
207544,4
207546,4
207556,6
207568,4
207576,6
207584,4
207588,4
207592,4
207594,5
207596,4
207598,4
207600,4
207602,5
207604,4
207606,5
207610,3
207612,5
207614,6
207616,6
207618,4
207620,4
207622,6
207624,4
207626,6
207628,4
207630,4
207632,4
207634,5
207638,4
207640,5
207642,4
207644,4
207646,4
207648,4
207650,2
207652,3
207654,4
207656,3
207658,4
207660,4
207662,3
207666,4
207668,5
207672,4
207674,4
207678,6
207680,4
207682,5
207684,3
207688,5
207690,4
207692,4
207694,5
207698,5
207700,4
207702,4
207706,4
207708,4
207710,4
207712,4
207714,4
207718,4
207722,4
207726,5
207734,5
207738,5
207782,5
207796,3
207802,5
207808,5
207810,4
207812,5
207814,3
207818,4
207824,4
207826,6
207828,6
207830,3
207834,5
207848,4
207850,4
207852,4
207854,4
207856,4
207858,4
207860,6
207862,4
207868,4
207874,4
207876,3
207878,4
207880,6
207882,3
207884,4
207888,2
207890,3
207892,5
207898,4
207900,3
207902,1
207906,4
207908,4
207912,1
207914,4
207926,4
207928,5
207930,3
207944,3
207946,2
207976,3
207984,4
207986,4
207996,4
207998,4
208000,4
208002,1
208006,4
208008,4
208012,4
208014,4
208016,4
208024,2
208026,4
208028,4
208030,4
208032,4
208034,4
208036,4
208038,6
208040,4
208042,3
208044,3
208046,4
208058,4
208062,3
208064,4
208076,4
208078,4
208080,4
208082,3
208086,5
208090,5
208092,5
208094,5
208096,4
208098,4
208100,4
208104,3
208110,6
208112,6
208114,6
208116,4
208118,5
208120,4
208122,4
208148,3
208150,4
208152,4
208156,4
208158,4
208160,6
208162,5
208164,5
208166,4
208168,5
208170,4
208172,4
208178,4
208181,4
208183,4
208185,4
208187,4
208189,4
208195,4
208199,4
208201,3
208213,5
208215,4
208217,5
208219,4
208221,4
208225,5
208229,4
208231,5
208233,4
208235,5
208237,4
208239,3
208241,6
208247,4
208249,6
208253,6
208255,4
208259,4
208265,6
208267,6
208269,4
208271,6
208273,4
208275,4
208277,6
208279,4
208291,2
208293,6
208295,4
208297,5
208319,4
208341,1
208351,4
208353,4
208355,4
208367,4
208377,4
208381,4
208383,4
208385,4
208389,4
208391,3
208393,3
208395,3
208397,4
208399,4
208401,4
208403,2
208405,4
208407,4
208409,4
208411,3
208413,4
208415,4
208417,4
208419,4
208421,4
208423,2
208425,4
208427,4
208431,5
208433,3
208435,4
208443,5
208445,4
208447,4
208453,4
208455,4
208457,4
208465,2
208467,4
208471,4
208473,5
208475,5
208477,3
208479,5
208495,4
208497,5
208499,5
208501,4
208503,4
208505,4
208507,3
208513,3
208515,4
208529,5
208531,2
208545,1
208563,4
208565,4
208567,5
208569,5
208573,2
208575,4
208577,4
208579,4
208581,4
208591,5
208597,5
208599,5
208603,5
208605,5
208607,4
208609,3
208611,2
208613,4
208615,5
208617,5
208623,2
208639,3
208651,5
208655,4
208679,4
208681,4
208683,4
208689,4
208691,2
208693,6
208695,4
208697,4
208699,4
208701,6
208705,5
208707,4
208709,4
208711,4
208715,4
208717,4
208727,4
208731,5
208733,4
208735,5
208737,1
208741,4
208743,2
208745,4
208747,4
208749,5
208751,4
208763,4
208765,4
208767,6
208769,3
208773,6
208779,4
208783,2
208785,5
208787,5
208789,4
208791,4
208793,4
208795,4
208799,4
208800,4
208802,4
208804,4
208806,5
208809,5
208811,4
208813,4
208815,5
208819,6
208821,4
208823,5
208837,4
208843,4
208855,4
208857,6
208859,4
208861,6
208863,2
208869,4
208887,4
208889,4
208893,3
208901,4
208905,4
208907,4
208909,4
208911,4
208913,5
208915,4
208917,5
208919,4
208921,5
208923,4
208933,4
208939,6
208941,6
208943,4
208945,4
208955,4
208967,4
208973,4
209005,5
209007,5
209035,6
209037,4
209041,6
209049,5
209051,4
209053,4
209055,4
209057,4
209063,4
209065,4
209067,4
209069,4
209073,4
209075,6
209079,6
209085,4
209089,4
209101,4
209103,4
209119,4
209121,5
209123,5
209129,5
209131,5
209133,4
209135,6
209137,1
209139,4
209141,4
209143,5
209145,4
209147,2
209151,4
209153,4
209155,4
209157,4
209159,5
209163,4
209169,4
209171,2
